{"type":"FeatureCollection","name":"veredas_dane_cdmb","features":[{"type":"Feature","properties":{"nombre":"10 de Mayo Santa Barbara","tipo":"vereda","fuente":"DANE","municipio":"Bucaramanga","codigo":"68001001","hectareas":515.4},"geometry":{"type":"MultiPolygon","coordinates":[[[[-73.1018,7.1307],[-73.104,7.13],[-73.1056,7.1278],[-73.1046,7.1262],[-73.1057,7.124],[-73.1043,7.1199],[-73.1025,7.1237],[-73.1036,7.1199],[-73.1011,7.1187],[-73.0997,7.1165],[-73.1012,7.1135],[-73.1011,7.1096],[-73.0965,7.1113],[-73.093,7.1065],[-73.0934,7.1055],[-73.0922,7.104],[-73.0934,7.1046],[-73.0938,7.1],[-73.0896,7.1045],[-73.0874,7.1053],[-73.0866,7.1079],[-73.0838,7.1068],[-73.0825,7.1147],[-73.0811,7.1152],[-73.0779,7.1205],[-73.0762,7.1193],[-73.0751,7.1243],[-73.0772,7.1229],[-73.0778,7.1249],[-73.081,7.1243],[-73.082,7.1273],[-73.0875,7.1229],[-73.0894,7.123],[-73.0895,7.1246],[-73.0914,7.1231],[-73.0917,7.1266],[-73.093,7.1264],[-73.095,7.1234],[-73.0958,7.1255],[-73.097,7.1254],[-73.0954,7.1283],[-73.0968,7.1289],[-73.0989,7.1281],[-73.1018,7.1307]]],[[[-73.1043,7.1199],[-73.1045,7.1202],[-73.1046,7.1198],[-73.1043,7.1199]],[[-73.1039,7.1201],[-73.1033,7.1203],[-73.1042,7.1199],[-73.1039,7.1201]]],[[[-73.1028,7.1206],[-73.1027,7.1208],[-73.1027,7.1211],[-73.1028,7.1206]]]]}},{"type":"Feature","properties":{"nombre":"Bolarqui Alto","tipo":"vereda","fuente":"DANE","municipio":"Bucaramanga","codigo":"68001002","hectareas":308.3},"geometry":{"type":"Polygon","coordinates":[[[-73.0706,7.1787],[-73.0734,7.1789],[-73.0774,7.177],[-73.0779,7.175],[-73.081,7.1763],[-73.0823,7.1729],[-73.0802,7.1719],[-73.0834,7.1715],[-73.0856,7.1682],[-73.0832,7.1671],[-73.0838,7.1643],[-73.079,7.1636],[-73.078,7.1573],[-73.0725,7.1609],[-73.0722,7.1628],[-73.069,7.1652],[-73.0665,7.1645],[-73.0674,7.171],[-73.0643,7.1776],[-73.0706,7.1787]]]}},{"type":"Feature","properties":{"nombre":"Bolarqui Parte Baja","tipo":"vereda","fuente":"DANE","municipio":"Bucaramanga","codigo":"68001003","hectareas":281.2},"geometry":{"type":"Polygon","coordinates":[[[-73.0742,7.1923],[-73.0779,7.1886],[-73.0784,7.1821],[-73.084,7.1806],[-73.0833,7.1777],[-73.0852,7.176],[-73.0854,7.1722],[-73.0885,7.1679],[-73.0883,7.166],[-73.0855,7.1642],[-73.0838,7.1643],[-73.0832,7.1671],[-73.0854,7.1686],[-73.0834,7.1715],[-73.0802,7.1719],[-73.0823,7.1729],[-73.081,7.1763],[-73.0779,7.175],[-73.0774,7.177],[-73.0734,7.1789],[-73.0706,7.1787],[-73.0701,7.1808],[-73.0682,7.1808],[-73.0669,7.1791],[-73.0662,7.1814],[-73.0669,7.1838],[-73.0652,7.1837],[-73.0623,7.1885],[-73.0742,7.1923]]]}},{"type":"Feature","properties":{"nombre":"Capilla Parte Alta","tipo":"vereda","fuente":"DANE","municipio":"Bucaramanga","codigo":"68001004","hectareas":293.7},"geometry":{"type":"Polygon","coordinates":[[[-73.0817,7.1986],[-73.0885,7.2043],[-73.0901,7.2038],[-73.0974,7.2066],[-73.1,7.1964],[-73.0986,7.186],[-73.0956,7.1849],[-73.093,7.1824],[-73.0914,7.1828],[-73.0913,7.18],[-73.0894,7.1798],[-73.089,7.1842],[-73.0905,7.1856],[-73.0893,7.1875],[-73.0921,7.1928],[-73.089,7.193],[-73.0894,7.1957],[-73.0851,7.1959],[-73.0817,7.1986]]]}},{"type":"Feature","properties":{"nombre":"Capilla Parte Baja","tipo":"vereda","fuente":"DANE","municipio":"Bucaramanga","codigo":"68001005","hectareas":329.8},"geometry":{"type":"Polygon","coordinates":[[[-73.0704,7.2004],[-73.0702,7.2031],[-73.072,7.205],[-73.0731,7.2028],[-73.0772,7.205],[-73.0783,7.2031],[-73.0778,7.1987],[-73.0803,7.2004],[-73.0851,7.1959],[-73.0894,7.1957],[-73.0888,7.1932],[-73.0922,7.1927],[-73.0893,7.1875],[-73.0905,7.1856],[-73.089,7.1842],[-73.0894,7.1803],[-73.0841,7.1794],[-73.0835,7.1813],[-73.0784,7.1821],[-73.0778,7.1888],[-73.0736,7.1926],[-73.0742,7.1972],[-73.0704,7.2004]]]}},{"type":"Feature","properties":{"nombre":"Cuchilla Alta","tipo":"vereda","fuente":"DANE","municipio":"Bucaramanga","codigo":"68001006","hectareas":55.0},"geometry":{"type":"Polygon","coordinates":[[[-73.0594,7.1873],[-73.0623,7.1888],[-73.0652,7.1837],[-73.0669,7.1838],[-73.0662,7.1814],[-73.0669,7.1791],[-73.0682,7.1808],[-73.0701,7.1808],[-73.0706,7.1787],[-73.0643,7.1776],[-73.0612,7.1837],[-73.0612,7.1859],[-73.0594,7.1873]]]}},{"type":"Feature","properties":{"nombre":"El Aburrido","tipo":"vereda","fuente":"DANE","municipio":"Bucaramanga","codigo":"68001007","hectareas":839.1},"geometry":{"type":"Polygon","coordinates":[[[-73.0833,7.2575],[-73.0884,7.2581],[-73.0931,7.2571],[-73.1072,7.2434],[-73.1073,7.2394],[-73.1102,7.2365],[-73.1103,7.2345],[-73.1126,7.2308],[-73.1156,7.2308],[-73.1146,7.223],[-73.1119,7.2193],[-73.1115,7.2204],[-73.1084,7.2181],[-73.1059,7.2214],[-73.1001,7.2196],[-73.1016,7.2236],[-73.0973,7.2271],[-73.0939,7.2321],[-73.0888,7.2353],[-73.0869,7.2405],[-73.0823,7.243],[-73.0816,7.254],[-73.0833,7.2575]]]}},{"type":"Feature","properties":{"nombre":"Gualilo Bajo","tipo":"vereda","fuente":"DANE","municipio":"Bucaramanga","codigo":"68001009","hectareas":306.3},"geometry":{"type":"Polygon","coordinates":[[[-73.0836,7.1518],[-73.0848,7.1527],[-73.0865,7.152],[-73.0873,7.1549],[-73.0912,7.1552],[-73.0913,7.1533],[-73.0984,7.1552],[-73.1,7.1522],[-73.0984,7.1503],[-73.0979,7.1456],[-73.0965,7.1462],[-73.095,7.1496],[-73.0937,7.1494],[-73.0937,7.1429],[-73.092,7.1412],[-73.0905,7.1367],[-73.089,7.1381],[-73.0874,7.1351],[-73.0892,7.1347],[-73.0876,7.1339],[-73.0867,7.131],[-73.0845,7.1336],[-73.0818,7.1314],[-73.0803,7.133],[-73.0775,7.1329],[-73.0768,7.1357],[-73.0779,7.1399],[-73.0812,7.138],[-73.0828,7.1407],[-73.0848,7.1404],[-73.0853,7.1447],[-73.083,7.1491],[-73.0836,7.1518]]]}},{"type":"Feature","properties":{"nombre":"La Esmeralda","tipo":"vereda","fuente":"DANE","municipio":"Bucaramanga","codigo":"68001010","hectareas":224.7},"geometry":{"type":"Polygon","coordinates":[[[-73.1164,7.2309],[-73.1198,7.2309],[-73.1202,7.2274],[-73.1219,7.2249],[-73.1213,7.2216],[-73.1224,7.2174],[-73.1266,7.2169],[-73.132,7.2132],[-73.1347,7.2137],[-73.1304,7.2075],[-73.1287,7.2074],[-73.1279,7.2111],[-73.1257,7.2103],[-73.125,7.212],[-73.1231,7.2084],[-73.1173,7.2165],[-73.112,7.2191],[-73.1146,7.223],[-73.1156,7.2308],[-73.1164,7.2309]]]}},{"type":"Feature","properties":{"nombre":"La Malaña","tipo":"vereda","fuente":"DANE","municipio":"Bucaramanga","codigo":"68001011","hectareas":80.0},"geometry":{"type":"Polygon","coordinates":[[[-73.0999,7.1461],[-73.0998,7.1477],[-73.1029,7.1461],[-73.106,7.1472],[-73.108,7.1457],[-73.1075,7.1444],[-73.1055,7.1443],[-73.1053,7.1432],[-73.1104,7.1428],[-73.1104,7.1416],[-73.1085,7.1391],[-73.1095,7.1411],[-73.1074,7.1416],[-73.1035,7.138],[-73.102,7.1381],[-73.101,7.1404],[-73.1018,7.1379],[-73.1007,7.1372],[-73.099,7.1409],[-73.0989,7.1437],[-73.1003,7.1446],[-73.0986,7.1446],[-73.0999,7.1461]]]}},{"type":"Feature","properties":{"nombre":"La Sabana","tipo":"vereda","fuente":"DANE","municipio":"Bucaramanga","codigo":"68001012","hectareas":235.6},"geometry":{"type":"Polygon","coordinates":[[[-73.1349,7.204],[-73.1386,7.1995],[-73.1417,7.2],[-73.1434,7.1969],[-73.1447,7.1972],[-73.1446,7.1954],[-73.152,7.1955],[-73.1536,7.1935],[-73.1519,7.1916],[-73.1517,7.1883],[-73.1496,7.1894],[-73.145,7.187],[-73.142,7.1872],[-73.1418,7.186],[-73.138,7.1838],[-73.1355,7.1887],[-73.1374,7.1891],[-73.1379,7.1911],[-73.136,7.1915],[-73.1366,7.1956],[-73.1334,7.1964],[-73.1334,7.1983],[-73.1311,7.1985],[-73.1322,7.1993],[-73.1325,7.2031],[-73.1349,7.204]]]}},{"type":"Feature","properties":{"nombre":"Los Santos","tipo":"vereda","fuente":"DANE","municipio":"Bucaramanga","codigo":"68001013","hectareas":341.0},"geometry":{"type":"Polygon","coordinates":[[[-73.0976,7.1696],[-73.107,7.1755],[-73.1062,7.1728],[-73.1075,7.1695],[-73.1149,7.161],[-73.1173,7.1602],[-73.1182,7.1567],[-73.1176,7.152],[-73.1162,7.1501],[-73.1213,7.1542],[-73.1199,7.1501],[-73.1193,7.1497],[-73.1195,7.1512],[-73.1175,7.1496],[-73.1135,7.15],[-73.1119,7.1531],[-73.111,7.152],[-73.1072,7.152],[-73.1059,7.1503],[-73.1042,7.1593],[-73.1011,7.1584],[-73.0993,7.16],[-73.0988,7.1634],[-73.0964,7.1676],[-73.0963,7.1694],[-73.0976,7.1696]]]}},{"type":"Feature","properties":{"nombre":"Magueyes","tipo":"vereda","fuente":"DANE","municipio":"Bucaramanga","codigo":"68001014","hectareas":194.7},"geometry":{"type":"Polygon","coordinates":[[[-73.0899,7.2153],[-73.0974,7.2066],[-73.0901,7.2038],[-73.0885,7.2043],[-73.0817,7.1986],[-73.0803,7.2004],[-73.0778,7.1987],[-73.0783,7.2031],[-73.0772,7.205],[-73.0731,7.2028],[-73.0722,7.2051],[-73.0804,7.2072],[-73.0899,7.2153]]]}},{"type":"Feature","properties":{"nombre":"Monserrate","tipo":"vereda","fuente":"DANE","municipio":"Bucaramanga","codigo":"68001015","hectareas":244.9},"geometry":{"type":"Polygon","coordinates":[[[-73.0665,7.1645],[-73.069,7.1652],[-73.0722,7.1628],[-73.0725,7.1609],[-73.0772,7.1576],[-73.0786,7.1555],[-73.0765,7.1527],[-73.0797,7.1539],[-73.0791,7.1513],[-73.0798,7.1521],[-73.082,7.151],[-73.0801,7.148],[-73.0743,7.1487],[-73.0676,7.1467],[-73.0658,7.1472],[-73.0621,7.1546],[-73.0671,7.16],[-73.0665,7.1645]]]}},{"type":"Feature","properties":{"nombre":"Pedregal","tipo":"vereda","fuente":"DANE","municipio":"Bucaramanga","codigo":"68001016","hectareas":246.2},"geometry":{"type":"Polygon","coordinates":[[[-73.1046,7.1547],[-73.1053,7.1555],[-73.1062,7.15],[-73.1072,7.152],[-73.111,7.152],[-73.1119,7.1531],[-73.1135,7.15],[-73.1175,7.1496],[-73.1195,7.1512],[-73.1195,7.1487],[-73.1219,7.1468],[-73.1198,7.1444],[-73.1197,7.1421],[-73.1176,7.1424],[-73.108,7.1365],[-73.1105,7.1428],[-73.1053,7.1432],[-73.1055,7.1443],[-73.1075,7.1444],[-73.1079,7.1458],[-73.106,7.1472],[-73.1029,7.1461],[-73.0998,7.1477],[-73.0995,7.1453],[-73.0986,7.1446],[-73.0979,7.1456],[-73.0983,7.1499],[-73.1005,7.1523],[-73.1008,7.1554],[-73.1046,7.1547]]]}},{"type":"Feature","properties":{"nombre":"Retiro Chiquito","tipo":"vereda","fuente":"DANE","municipio":"Bucaramanga","codigo":"68001017","hectareas":536.4},"geometry":{"type":"Polygon","coordinates":[[[-73.082,7.151],[-73.0836,7.1518],[-73.083,7.1491],[-73.0853,7.1447],[-73.0848,7.1404],[-73.0828,7.1407],[-73.0812,7.138],[-73.0779,7.1399],[-73.0768,7.1361],[-73.0772,7.1331],[-73.0804,7.1327],[-73.0775,7.1307],[-73.0772,7.1292],[-73.0752,7.1302],[-73.0745,7.1281],[-73.0729,7.1275],[-73.075,7.123],[-73.0741,7.1233],[-73.0724,7.1216],[-73.0724,7.1193],[-73.0707,7.1192],[-73.0681,7.115],[-73.0648,7.1149],[-73.0627,7.1161],[-73.0598,7.1147],[-73.0577,7.1235],[-73.0532,7.127],[-73.0524,7.1313],[-73.0592,7.1302],[-73.0653,7.1312],[-73.0635,7.1348],[-73.0654,7.1348],[-73.0702,7.1411],[-73.0721,7.1407],[-73.074,7.1435],[-73.0767,7.1446],[-73.0786,7.1439],[-73.0804,7.146],[-73.0802,7.1485],[-73.082,7.151]]]}},{"type":"Feature","properties":{"nombre":"Retiro Grande Acueducto","tipo":"vereda","fuente":"DANE","municipio":"Bucaramanga","codigo":"68001018","hectareas":425.9},"geometry":{"type":"Polygon","coordinates":[[[-73.0658,7.1472],[-73.0784,7.1487],[-73.0801,7.148],[-73.0805,7.1461],[-73.0786,7.1439],[-73.0767,7.1446],[-73.074,7.1435],[-73.0719,7.1406],[-73.0702,7.1411],[-73.0674,7.1365],[-73.066,7.1365],[-73.0653,7.1348],[-73.0635,7.1348],[-73.0653,7.1312],[-73.063,7.1303],[-73.0524,7.1313],[-73.0519,7.1331],[-73.0443,7.1364],[-73.0476,7.1393],[-73.0493,7.1443],[-73.0545,7.1454],[-73.057,7.1482],[-73.0625,7.1448],[-73.0658,7.1472]]]}},{"type":"Feature","properties":{"nombre":"Retiro Grande Parte Baja","tipo":"vereda","fuente":"DANE","municipio":"Bucaramanga","codigo":"68001019","hectareas":255.5},"geometry":{"type":"Polygon","coordinates":[[[-73.0838,7.1643],[-73.0883,7.166],[-73.0943,7.158],[-73.0959,7.1586],[-73.0979,7.1576],[-73.0996,7.1596],[-73.1012,7.1584],[-73.1042,7.1593],[-73.1053,7.1555],[-73.1046,7.1547],[-73.1008,7.1554],[-73.1001,7.1518],[-73.0985,7.1552],[-73.0913,7.1533],[-73.0912,7.1552],[-73.0873,7.1549],[-73.0865,7.152],[-73.0848,7.1527],[-73.082,7.151],[-73.0798,7.1521],[-73.0791,7.1513],[-73.0797,7.1539],[-73.0764,7.1529],[-73.0786,7.1555],[-73.0773,7.1571],[-73.0782,7.1575],[-73.079,7.1636],[-73.0838,7.1643]]]}},{"type":"Feature","properties":{"nombre":"Rosa Blanca","tipo":"vereda","fuente":"DANE","municipio":"Bucaramanga","codigo":"68001020","hectareas":219.4},"geometry":{"type":"Polygon","coordinates":[[[-73.0894,7.1803],[-73.0912,7.1799],[-73.0912,7.1826],[-73.093,7.1824],[-73.0916,7.1775],[-73.0988,7.1633],[-73.0995,7.1595],[-73.0979,7.1576],[-73.0959,7.1586],[-73.0944,7.1579],[-73.0924,7.1598],[-73.0915,7.1625],[-73.0883,7.166],[-73.0881,7.1696],[-73.0854,7.1722],[-73.0853,7.1758],[-73.0833,7.1783],[-73.0841,7.1794],[-73.0894,7.1803]]]}},{"type":"Feature","properties":{"nombre":"San Cayetano","tipo":"vereda","fuente":"DANE","municipio":"Bucaramanga","codigo":"68001021","hectareas":356.3},"geometry":{"type":"Polygon","coordinates":[[[-73.1071,7.2034],[-73.1133,7.2057],[-73.1165,7.2007],[-73.121,7.1994],[-73.118,7.1961],[-73.119,7.192],[-73.1199,7.1905],[-73.1283,7.1894],[-73.1277,7.1863],[-73.1243,7.1886],[-73.1236,7.1872],[-73.126,7.1842],[-73.1292,7.1838],[-73.1295,7.1824],[-73.1278,7.1789],[-73.1255,7.1775],[-73.1213,7.1787],[-73.1193,7.1806],[-73.1175,7.1806],[-73.1169,7.1825],[-73.1147,7.183],[-73.1191,7.186],[-73.1167,7.1904],[-73.1126,7.1925],[-73.1088,7.1926],[-73.1084,7.1942],[-73.1046,7.1961],[-73.0984,7.2019],[-73.0978,7.2041],[-73.0984,7.2055],[-73.1009,7.2032],[-73.1071,7.2034]]]}},{"type":"Feature","properties":{"nombre":"San Ignacio","tipo":"vereda","fuente":"DANE","municipio":"Bucaramanga","codigo":"68001022","hectareas":334.4},"geometry":{"type":"Polygon","coordinates":[[[-73.1347,7.2134],[-73.1349,7.2118],[-73.136,7.2126],[-73.137,7.2077],[-73.1388,7.2076],[-73.1439,7.2092],[-73.1455,7.2111],[-73.1556,7.2167],[-73.1568,7.2163],[-73.1559,7.2148],[-73.1568,7.2128],[-73.1548,7.2115],[-73.1563,7.2091],[-73.1538,7.2082],[-73.1536,7.2027],[-73.1546,7.2008],[-73.1523,7.2001],[-73.152,7.1955],[-73.1446,7.1954],[-73.1447,7.1972],[-73.1434,7.1969],[-73.1417,7.2],[-73.1387,7.1994],[-73.1362,7.2013],[-73.1347,7.2042],[-73.1345,7.2084],[-73.132,7.2069],[-73.1305,7.2074],[-73.1334,7.2128],[-73.1347,7.2134]]]}},{"type":"Feature","properties":{"nombre":"San Jose","tipo":"vereda","fuente":"DANE","municipio":"Bucaramanga","codigo":"68001023","hectareas":352.2},"geometry":{"type":"Polygon","coordinates":[[[-73.0932,7.1459],[-73.0933,7.1487],[-73.0948,7.1497],[-73.0965,7.1462],[-73.1003,7.1446],[-73.0989,7.1437],[-73.099,7.1409],[-73.1017,7.1365],[-73.1007,7.1336],[-73.0978,7.1332],[-73.0984,7.1308],[-73.0927,7.1292],[-73.0925,7.127],[-73.0943,7.1242],[-73.093,7.1264],[-73.0917,7.1266],[-73.0914,7.1231],[-73.0895,7.1246],[-73.0894,7.123],[-73.0875,7.1229],[-73.082,7.1273],[-73.081,7.1243],[-73.0778,7.1249],[-73.0772,7.1229],[-73.0752,7.1245],[-73.075,7.1221],[-73.0763,7.1198],[-73.0754,7.1185],[-73.0724,7.1193],[-73.0724,7.1216],[-73.0741,7.1233],[-73.0751,7.123],[-73.0729,7.1275],[-73.0745,7.1281],[-73.0752,7.1302],[-73.0772,7.1292],[-73.0788,7.1317],[-73.0802,7.1325],[-73.0818,7.1314],[-73.0845,7.1336],[-73.0867,7.131],[-73.0876,7.1339],[-73.0892,7.1347],[-73.0874,7.1351],[-73.089,7.1381],[-73.0905,7.1367],[-73.092,7.1412],[-73.0937,7.1429],[-73.0932,7.1459]]]}},{"type":"Feature","properties":{"nombre":"San Pedro Alto","tipo":"vereda","fuente":"DANE","municipio":"Bucaramanga","codigo":"68001024","hectareas":539.1},"geometry":{"type":"Polygon","coordinates":[[[-73.0823,7.243],[-73.0869,7.2405],[-73.0888,7.2353],[-73.0939,7.2321],[-73.0973,7.2271],[-73.1016,7.2236],[-73.1001,7.2196],[-73.1059,7.2214],[-73.1091,7.2179],[-73.1077,7.212],[-73.1016,7.2115],[-73.1036,7.2101],[-73.1071,7.2034],[-73.1009,7.2032],[-73.0984,7.2055],[-73.0978,7.2045],[-73.0971,7.207],[-73.0903,7.2144],[-73.0895,7.2187],[-73.0862,7.2226],[-73.0856,7.2262],[-73.0828,7.2305],[-73.0831,7.2417],[-73.0823,7.243]]]}},{"type":"Feature","properties":{"nombre":"San Pedro Bajo","tipo":"vereda","fuente":"DANE","municipio":"Bucaramanga","codigo":"68001025","hectareas":297.8},"geometry":{"type":"Polygon","coordinates":[[[-73.1091,7.218],[-73.1094,7.2194],[-73.1115,7.2204],[-73.1132,7.2178],[-73.1173,7.2165],[-73.1231,7.2084],[-73.125,7.212],[-73.1262,7.2105],[-73.1261,7.2076],[-73.1233,7.2067],[-73.124,7.2033],[-73.121,7.1994],[-73.1165,7.2007],[-73.1133,7.2057],[-73.1071,7.2034],[-73.1035,7.2102],[-73.1017,7.2108],[-73.1044,7.2123],[-73.1077,7.212],[-73.1091,7.218]]]}},{"type":"Feature","properties":{"nombre":"Santa Rita","tipo":"vereda","fuente":"DANE","municipio":"Bucaramanga","codigo":"68001026","hectareas":624.9},"geometry":{"type":"Polygon","coordinates":[[[-73.093,7.1824],[-73.0989,7.1865],[-73.0984,7.1887],[-73.0994,7.1897],[-73.1,7.1964],[-73.0984,7.2019],[-73.1046,7.1961],[-73.1084,7.1942],[-73.1088,7.1926],[-73.1126,7.1925],[-73.1161,7.1909],[-73.1191,7.186],[-73.1147,7.183],[-73.1169,7.1825],[-73.1182,7.1789],[-73.1175,7.1762],[-73.1123,7.1755],[-73.1138,7.1706],[-73.1122,7.1646],[-73.1072,7.1699],[-73.1062,7.1728],[-73.1069,7.1755],[-73.1024,7.172],[-73.0963,7.1694],[-73.0916,7.1775],[-73.093,7.1824]]]}},{"type":"Feature","properties":{"nombre":"Vijagual","tipo":"vereda","fuente":"DANE","municipio":"Bucaramanga","codigo":"68001027","hectareas":1225.6},"geometry":{"type":"Polygon","coordinates":[[[-73.1256,7.2074],[-73.1273,7.2113],[-73.1287,7.2099],[-73.1287,7.2074],[-73.132,7.2069],[-73.1345,7.2084],[-73.1349,7.204],[-73.1325,7.2031],[-73.1322,7.1993],[-73.1311,7.1985],[-73.1334,7.1983],[-73.1334,7.1964],[-73.1366,7.1956],[-73.136,7.1915],[-73.1379,7.1911],[-73.1374,7.1891],[-73.1355,7.1887],[-73.138,7.1838],[-73.1418,7.186],[-73.142,7.1872],[-73.145,7.187],[-73.1496,7.1894],[-73.1517,7.1883],[-73.1519,7.1916],[-73.153,7.1923],[-73.1521,7.1917],[-73.1522,7.1882],[-73.1502,7.1859],[-73.1523,7.1806],[-73.152,7.1782],[-73.1499,7.1749],[-73.1475,7.1668],[-73.1445,7.1679],[-73.1439,7.1665],[-73.1413,7.1673],[-73.1386,7.1664],[-73.137,7.1681],[-73.1355,7.1672],[-73.1337,7.17],[-73.1354,7.1722],[-73.1343,7.1743],[-73.1349,7.1769],[-73.1419,7.1773],[-73.1436,7.1752],[-73.1428,7.1766],[-73.1446,7.1783],[-73.1436,7.1784],[-73.1435,7.1798],[-73.1457,7.1836],[-73.145,7.1838],[-73.144,7.1819],[-73.1423,7.1831],[-73.1398,7.1818],[-73.1426,7.18],[-73.1399,7.1774],[-73.1359,7.1785],[-73.1344,7.18],[-73.1318,7.1801],[-73.1296,7.1759],[-73.1341,7.1674],[-73.1324,7.1656],[-73.1298,7.1659],[-73.1297,7.1639],[-73.1281,7.1631],[-73.1292,7.1593],[-73.1289,7.1558],[-73.1213,7.1544],[-73.1162,7.15],[-73.1176,7.152],[-73.1181,7.1576],[-73.1173,7.1602],[-73.1149,7.161],[-73.1122,7.1646],[-73.1138,7.1706],[-73.1123,7.1755],[-73.1175,7.1762],[-73.1182,7.1803],[-73.1191,7.1806],[-73.121,7.1789],[-73.1255,7.1775],[-73.1278,7.1789],[-73.1294,7.182],[-73.1292,7.1838],[-73.126,7.1842],[-73.1236,7.187],[-73.1243,7.1886],[-73.1277,7.1863],[-73.1283,7.1894],[-73.1198,7.1906],[-73.118,7.1961],[-73.124,7.2033],[-73.1233,7.2067],[-73.1256,7.2074]],[[-73.1325,7.1844],[-73.1299,7.1835],[-73.129,7.1844],[-73.1296,7.1823],[-73.1325,7.1844]]]}},{"type":"Feature","properties":{"nombre":"Angostura","tipo":"vereda","fuente":"DANE","municipio":"California","codigo":"68132001","hectareas":1268.5},"geometry":{"type":"Polygon","coordinates":[[[-72.8751,7.3931],[-72.8825,7.3921],[-72.8823,7.3976],[-72.8845,7.3982],[-72.8859,7.4002],[-72.8881,7.3996],[-72.8899,7.4008],[-72.892,7.399],[-72.896,7.4007],[-72.8961,7.3981],[-72.9,7.3979],[-72.9036,7.3957],[-72.9047,7.3935],[-72.9101,7.3926],[-72.9106,7.395],[-72.912,7.3912],[-72.9138,7.3909],[-72.9152,7.3888],[-72.9177,7.3826],[-72.9204,7.3849],[-72.9223,7.3751],[-72.9221,7.3648],[-72.9198,7.3647],[-72.9145,7.3686],[-72.9089,7.3701],[-72.8996,7.3793],[-72.894,7.3786],[-72.8889,7.376],[-72.8812,7.3779],[-72.8716,7.3764],[-72.8703,7.3749],[-72.8656,7.3762],[-72.8658,7.3771],[-72.8643,7.3775],[-72.866,7.3805],[-72.8631,7.3835],[-72.8734,7.3886],[-72.8751,7.3931]]]}},{"type":"Feature","properties":{"nombre":"Baja","tipo":"vereda","fuente":"DANE","municipio":"California","codigo":"68132002","hectareas":936.7},"geometry":{"type":"Polygon","coordinates":[[[-72.8896,7.3761],[-72.895,7.3789],[-72.8992,7.3794],[-72.9013,7.3784],[-72.9089,7.3701],[-72.9145,7.3686],[-72.9198,7.3647],[-72.9258,7.3623],[-72.9318,7.3567],[-72.9362,7.3495],[-72.9393,7.3485],[-72.9388,7.3471],[-72.9344,7.3478],[-72.9316,7.3407],[-72.9298,7.3391],[-72.9265,7.3388],[-72.9246,7.3408],[-72.9225,7.3485],[-72.9101,7.3554],[-72.903,7.3571],[-72.8962,7.3617],[-72.892,7.367],[-72.8852,7.3715],[-72.8835,7.3713],[-72.886,7.3763],[-72.8896,7.3761]]]}},{"type":"Feature","properties":{"nombre":"Centro","tipo":"vereda","fuente":"DANE","municipio":"California","codigo":"68132003","hectareas":509.1},"geometry":{"type":"Polygon","coordinates":[[[-72.9212,7.3642],[-72.9223,7.3656],[-72.9223,7.3742],[-72.921,7.3782],[-72.9208,7.385],[-72.9248,7.3806],[-72.9259,7.377],[-72.9314,7.3744],[-72.9376,7.3637],[-72.9412,7.3625],[-72.9443,7.3597],[-72.9441,7.3577],[-72.946,7.3531],[-72.9511,7.3485],[-72.9505,7.3458],[-72.9444,7.3452],[-72.9388,7.3471],[-72.9393,7.3485],[-72.9362,7.3495],[-72.9318,7.3567],[-72.9255,7.3626],[-72.9212,7.3642]],[[-72.9469,7.3492],[-72.9433,7.3483],[-72.9439,7.3471],[-72.9477,7.3472],[-72.9482,7.3487],[-72.9469,7.3492]],[[-72.9454,7.3493],[-72.9451,7.3497],[-72.9448,7.3495],[-72.9454,7.3493]]]}},{"type":"Feature","properties":{"nombre":"Cerrillos","tipo":"vereda","fuente":"DANE","municipio":"California","codigo":"68132004","hectareas":467.6},"geometry":{"type":"Polygon","coordinates":[[[-72.9797,7.353],[-72.9788,7.3457],[-72.9794,7.3428],[-72.9757,7.3368],[-72.9689,7.3297],[-72.9628,7.3269],[-72.9611,7.3246],[-72.9581,7.3261],[-72.9555,7.3301],[-72.9566,7.3335],[-72.9577,7.333],[-72.9608,7.3366],[-72.9649,7.3387],[-72.9641,7.3417],[-72.9627,7.3408],[-72.9623,7.3385],[-72.9591,7.3434],[-72.9611,7.3448],[-72.9602,7.3488],[-72.9658,7.3507],[-72.9684,7.3504],[-72.9711,7.3526],[-72.9747,7.3516],[-72.9787,7.3519],[-72.9797,7.353]]]}},{"type":"Feature","properties":{"nombre":"Pantanos","tipo":"vereda","fuente":"DANE","municipio":"California","codigo":"68132005","hectareas":843.9},"geometry":{"type":"Polygon","coordinates":[[[-72.9547,7.3487],[-72.9602,7.3488],[-72.9611,7.3448],[-72.9591,7.3434],[-72.9623,7.3385],[-72.9627,7.3408],[-72.9641,7.3417],[-72.9649,7.3387],[-72.9608,7.3366],[-72.9577,7.333],[-72.9566,7.3335],[-72.9507,7.3253],[-72.9377,7.3211],[-72.9349,7.3156],[-72.9308,7.3111],[-72.9176,7.3061],[-72.9199,7.3085],[-72.9231,7.3085],[-72.9223,7.3097],[-72.9233,7.3107],[-72.9316,7.3155],[-72.9323,7.3192],[-72.9316,7.3219],[-72.9331,7.3271],[-72.9309,7.3348],[-72.9311,7.338],[-72.9298,7.3391],[-72.932,7.3413],[-72.9344,7.3478],[-72.9431,7.3455],[-72.9487,7.3452],[-72.9505,7.3458],[-72.9515,7.3488],[-72.9547,7.3487]]]}},{"type":"Feature","properties":{"nombre":"Santa Ursula","tipo":"vereda","fuente":"DANE","municipio":"California","codigo":"68132006","hectareas":593.5},"geometry":{"type":"Polygon","coordinates":[[[-72.9534,7.3291],[-72.9555,7.3309],[-72.9581,7.3261],[-72.9608,7.3245],[-72.9595,7.3213],[-72.9529,7.315],[-72.9469,7.3143],[-72.9386,7.3053],[-72.9351,7.3044],[-72.9335,7.3021],[-72.929,7.3],[-72.9263,7.2978],[-72.9256,7.2957],[-72.9219,7.2934],[-72.9191,7.2963],[-72.9196,7.2979],[-72.9174,7.306],[-72.9308,7.3111],[-72.9349,7.3156],[-72.9377,7.3211],[-72.9507,7.3253],[-72.9534,7.3291]]]}},{"type":"Feature","properties":{"nombre":"Abejas","tipo":"vereda","fuente":"DANE","municipio":"Charta","codigo":"68169001","hectareas":258.2},"geometry":{"type":"Polygon","coordinates":[[[-73.0093,7.2778],[-73.0062,7.2833],[-73.0061,7.2902],[-73.0105,7.2932],[-73.0199,7.2904],[-73.0249,7.2828],[-73.0274,7.2805],[-73.0295,7.2801],[-73.0292,7.2792],[-73.0264,7.2805],[-73.0205,7.2808],[-73.0135,7.2781],[-73.0093,7.2778]]]}},{"type":"Feature","properties":{"nombre":"Carbonal","tipo":"vereda","fuente":"DANE","municipio":"Charta","codigo":"68169003","hectareas":666.7},"geometry":{"type":"Polygon","coordinates":[[[-72.9971,7.2586],[-73.0043,7.265],[-73.0098,7.2658],[-73.0153,7.2687],[-73.0179,7.2684],[-73.0201,7.2659],[-73.0227,7.2676],[-73.0262,7.2676],[-73.0301,7.2655],[-73.0298,7.2644],[-73.0265,7.2626],[-73.0249,7.2591],[-73.0165,7.2615],[-73.0188,7.2591],[-73.0174,7.2583],[-73.0153,7.2594],[-73.0113,7.2552],[-73.0108,7.249],[-73.0062,7.2406],[-73.0025,7.2422],[-72.9974,7.2407],[-72.9909,7.2471],[-72.9833,7.2513],[-72.9885,7.2547],[-72.9895,7.2573],[-72.9937,7.2559],[-72.9975,7.2574],[-72.9971,7.2586]]]}},{"type":"Feature","properties":{"nombre":"Caña","tipo":"vereda","fuente":"DANE","municipio":"Charta","codigo":"68169002","hectareas":397.5},"geometry":{"type":"Polygon","coordinates":[[[-72.9814,7.2887],[-72.9762,7.2951],[-72.9765,7.3072],[-72.9736,7.3079],[-72.9739,7.3095],[-72.9781,7.314],[-72.9865,7.3113],[-72.989,7.3067],[-72.9937,7.3017],[-72.9897,7.3],[-72.9897,7.2963],[-72.9914,7.2956],[-72.9888,7.287],[-72.9814,7.2887]]]}},{"type":"Feature","properties":{"nombre":"Cristalina","tipo":"vereda","fuente":"DANE","municipio":"Charta","codigo":"68169004","hectareas":463.1},"geometry":{"type":"Polygon","coordinates":[[[-72.9771,7.2827],[-72.9814,7.2887],[-72.9817,7.2706],[-72.9774,7.2643],[-72.9752,7.2518],[-72.9737,7.2509],[-72.966,7.2381],[-72.9631,7.2374],[-72.9646,7.241],[-72.961,7.2497],[-72.9628,7.254],[-72.9678,7.2591],[-72.9771,7.2827]]]}},{"type":"Feature","properties":{"nombre":"El Centro","tipo":"vereda","fuente":"DANE","municipio":"Charta","codigo":"68169005","hectareas":2620.7},"geometry":{"type":"Polygon","coordinates":[[[-72.9503,7.3076],[-72.9526,7.3079],[-72.9538,7.3048],[-72.9582,7.2989],[-72.9593,7.299],[-72.9615,7.2949],[-72.973,7.288],[-72.9741,7.2856],[-72.9765,7.2844],[-72.9771,7.2816],[-72.9746,7.2799],[-72.9707,7.2802],[-72.9716,7.2813],[-72.9686,7.2834],[-72.9658,7.281],[-72.9659,7.2787],[-72.967,7.2787],[-72.9642,7.2761],[-72.9517,7.2744],[-72.9431,7.2708],[-72.9288,7.262],[-72.9223,7.2615],[-72.9206,7.2596],[-72.9165,7.2588],[-72.9067,7.2539],[-72.904,7.2554],[-72.9013,7.2528],[-72.9007,7.2494],[-72.9015,7.2457],[-72.9004,7.2452],[-72.8962,7.246],[-72.8958,7.2494],[-72.8925,7.2542],[-72.8903,7.2533],[-72.8864,7.2536],[-72.8816,7.2566],[-72.8961,7.2677],[-72.8978,7.2704],[-72.9042,7.2735],[-72.905,7.277],[-72.913,7.2844],[-72.9157,7.29],[-72.9227,7.2925],[-72.9293,7.2913],[-72.9302,7.2938],[-72.9338,7.2918],[-72.9395,7.2975],[-72.9412,7.3007],[-72.9442,7.3025],[-72.9464,7.3068],[-72.9503,7.3076]]]}},{"type":"Feature","properties":{"nombre":"El Puerto","tipo":"vereda","fuente":"DANE","municipio":"Charta","codigo":"68169006","hectareas":381.0},"geometry":{"type":"Polygon","coordinates":[[[-73.0275,7.2339],[-73.0274,7.2353],[-73.0255,7.2361],[-73.0239,7.2394],[-73.0272,7.2408],[-73.0286,7.2451],[-73.0313,7.2465],[-73.0444,7.2487],[-73.0542,7.2415],[-73.0532,7.2398],[-73.0545,7.2367],[-73.0533,7.2368],[-73.0533,7.2349],[-73.0515,7.234],[-73.0416,7.2345],[-73.0351,7.2368],[-73.0275,7.2339]]]}},{"type":"Feature","properties":{"nombre":"La Aguada","tipo":"vereda","fuente":"DANE","municipio":"Charta","codigo":"68169007","hectareas":1423.3},"geometry":{"type":"Polygon","coordinates":[[[-73.0275,7.2339],[-73.0351,7.2368],[-73.0416,7.2345],[-73.0515,7.234],[-73.0533,7.2349],[-73.0558,7.2302],[-73.0565,7.2169],[-73.0606,7.2135],[-73.064,7.2138],[-73.0641,7.2086],[-73.0605,7.2116],[-73.0558,7.2117],[-73.0506,7.2144],[-73.0519,7.2124],[-73.0506,7.2094],[-73.0481,7.2067],[-73.0427,7.205],[-73.0383,7.1976],[-73.0365,7.1962],[-73.0287,7.1987],[-73.0225,7.2059],[-73.0216,7.2115],[-73.0183,7.2193],[-73.0177,7.2257],[-73.0148,7.2289],[-73.0173,7.231],[-73.0275,7.2339]]]}},{"type":"Feature","properties":{"nombre":"La Playa","tipo":"vereda","fuente":"DANE","municipio":"Charta","codigo":"68169008","hectareas":452.2},"geometry":{"type":"Polygon","coordinates":[[[-73.0292,7.2792],[-73.0295,7.2801],[-73.0358,7.2766],[-73.0429,7.2769],[-73.0459,7.2788],[-73.0495,7.2777],[-73.0526,7.2757],[-73.0577,7.2665],[-73.0547,7.266],[-73.0502,7.2669],[-73.0471,7.2647],[-73.0385,7.264],[-73.0357,7.2615],[-73.0319,7.2614],[-73.0249,7.2591],[-73.0265,7.2626],[-73.0298,7.2644],[-73.0301,7.2655],[-73.0277,7.2708],[-73.0292,7.2792]]]}},{"type":"Feature","properties":{"nombre":"Lavadores","tipo":"vereda","fuente":"DANE","municipio":"Charta","codigo":"68169009","hectareas":257.3},"geometry":{"type":"Polygon","coordinates":[[[-73.0487,7.1933],[-73.0506,7.1981],[-73.0616,7.1981],[-73.0661,7.2045],[-73.0673,7.204],[-73.0684,7.2003],[-73.0723,7.1996],[-73.0729,7.1974],[-73.0744,7.1967],[-73.0736,7.1915],[-73.0717,7.1919],[-73.0594,7.1873],[-73.0522,7.1944],[-73.0487,7.1933]]]}},{"type":"Feature","properties":{"nombre":"Ovejera","tipo":"vereda","fuente":"DANE","municipio":"Charta","codigo":"68169010","hectareas":289.7},"geometry":{"type":"Polygon","coordinates":[[[-72.9888,7.287],[-72.9914,7.2956],[-72.9897,7.2963],[-72.9903,7.301],[-72.9937,7.3017],[-72.9982,7.2944],[-73.0036,7.294],[-73.0055,7.2952],[-73.0105,7.2932],[-73.0061,7.2902],[-73.0062,7.2833],[-73.0093,7.2778],[-73.0016,7.2792],[-72.9934,7.2882],[-72.9907,7.2885],[-72.9902,7.287],[-72.9888,7.287]]]}},{"type":"Feature","properties":{"nombre":"Pantanos","tipo":"vereda","fuente":"DANE","municipio":"Charta","codigo":"68169011","hectareas":693.6},"geometry":{"type":"Polygon","coordinates":[[[-72.9814,7.2887],[-72.9902,7.287],[-72.9907,7.2885],[-72.9934,7.2882],[-72.998,7.2826],[-72.9998,7.2819],[-73.0001,7.281],[-72.9978,7.2805],[-72.9932,7.2726],[-72.9939,7.2688],[-72.9967,7.2674],[-72.9975,7.2574],[-72.9937,7.2559],[-72.9906,7.2577],[-72.9885,7.2547],[-72.9833,7.2513],[-72.981,7.2521],[-72.977,7.2513],[-72.9752,7.2518],[-72.9751,7.2536],[-72.9767,7.2616],[-72.9792,7.2679],[-72.9817,7.2706],[-72.9814,7.2887]]]}},{"type":"Feature","properties":{"nombre":"Pericos","tipo":"vereda","fuente":"DANE","municipio":"Charta","codigo":"68169012","hectareas":438.9},"geometry":{"type":"Polygon","coordinates":[[[-73.0365,7.1962],[-73.0394,7.1986],[-73.0427,7.205],[-73.0481,7.2067],[-73.0506,7.2094],[-73.0519,7.2124],[-73.0506,7.2144],[-73.0558,7.2117],[-73.0612,7.2113],[-73.0662,7.2065],[-73.0661,7.2045],[-73.0616,7.1981],[-73.0506,7.1981],[-73.0487,7.1933],[-73.0451,7.189],[-73.0403,7.1888],[-73.0365,7.1962]]]}},{"type":"Feature","properties":{"nombre":"Pico y Palma","tipo":"vereda","fuente":"DANE","municipio":"Charta","codigo":"68169013","hectareas":552.8},"geometry":{"type":"Polygon","coordinates":[[[-72.9971,7.2586],[-72.9967,7.2674],[-72.9939,7.2688],[-72.9932,7.2726],[-72.9978,7.2805],[-73.0001,7.281],[-73.0026,7.2788],[-73.0103,7.2773],[-73.0205,7.2808],[-73.0264,7.2805],[-73.0292,7.2792],[-73.0277,7.2708],[-73.0293,7.2665],[-73.0227,7.2676],[-73.0201,7.2659],[-73.0179,7.2684],[-73.0153,7.2687],[-73.0098,7.2658],[-73.0043,7.265],[-72.9971,7.2586]]]}},{"type":"Feature","properties":{"nombre":"Pinta","tipo":"vereda","fuente":"DANE","municipio":"Charta","codigo":"68169014","hectareas":1286.8},"geometry":{"type":"Polygon","coordinates":[[[-73.0249,7.2591],[-73.0319,7.2614],[-73.0357,7.2615],[-73.0385,7.264],[-73.0471,7.2647],[-73.0502,7.2669],[-73.0547,7.266],[-73.0577,7.2665],[-73.0587,7.2569],[-73.0619,7.2508],[-73.061,7.2489],[-73.0586,7.2484],[-73.0581,7.2448],[-73.0542,7.2415],[-73.0444,7.2487],[-73.0313,7.2465],[-73.0286,7.2451],[-73.0272,7.2408],[-73.0239,7.2394],[-73.0255,7.2361],[-73.0274,7.2353],[-73.0275,7.2339],[-73.0173,7.231],[-73.0148,7.2289],[-73.0107,7.2329],[-73.0094,7.2365],[-73.0062,7.2406],[-73.0108,7.249],[-73.0113,7.2552],[-73.0153,7.2594],[-73.0174,7.2583],[-73.0188,7.2591],[-73.0165,7.2615],[-73.0249,7.2591]]]}},{"type":"Feature","properties":{"nombre":"Rinconada","tipo":"vereda","fuente":"DANE","municipio":"Charta","codigo":"68169015","hectareas":609.7},"geometry":{"type":"Polygon","coordinates":[[[-72.9526,7.3079],[-72.9549,7.3077],[-72.9584,7.3121],[-72.9637,7.3147],[-72.9667,7.3178],[-72.973,7.3178],[-72.9781,7.314],[-72.9739,7.3095],[-72.9736,7.3079],[-72.9765,7.3072],[-72.9762,7.2951],[-72.9814,7.2887],[-72.9771,7.2827],[-72.9705,7.29],[-72.9678,7.2919],[-72.9659,7.2915],[-72.9615,7.2949],[-72.9593,7.299],[-72.9582,7.2989],[-72.9538,7.3048],[-72.9526,7.3079]]]}},{"type":"Feature","properties":{"nombre":"Roble","tipo":"vereda","fuente":"DANE","municipio":"Charta","codigo":"68169016","hectareas":1861.8},"geometry":{"type":"Polygon","coordinates":[[[-72.9738,7.2799],[-72.9771,7.2816],[-72.9678,7.2591],[-72.9628,7.254],[-72.961,7.2497],[-72.9646,7.241],[-72.9631,7.2374],[-72.9599,7.2375],[-72.9574,7.235],[-72.9533,7.2368],[-72.9492,7.2366],[-72.946,7.2395],[-72.941,7.241],[-72.9371,7.2441],[-72.9342,7.2437],[-72.9277,7.2462],[-72.9233,7.2464],[-72.9193,7.2485],[-72.9114,7.2495],[-72.9035,7.2448],[-72.9015,7.2457],[-72.9007,7.2494],[-72.9013,7.2528],[-72.904,7.2554],[-72.9067,7.2539],[-72.9165,7.2588],[-72.9206,7.2596],[-72.9223,7.2615],[-72.9288,7.262],[-72.9431,7.2708],[-72.9517,7.2744],[-72.9611,7.2751],[-72.9707,7.2802],[-72.9738,7.2799]]]}},{"type":"Feature","properties":{"nombre":"Arrumbazón","tipo":"vereda","fuente":"DANE","municipio":"El Playón","codigo":"68255001","hectareas":3624.6},"geometry":{"type":"Polygon","coordinates":[[[-73.2491,7.5638],[-73.2483,7.5594],[-73.2514,7.5508],[-73.2501,7.5502],[-73.2525,7.5437],[-73.2531,7.5367],[-73.2556,7.533],[-73.2594,7.5321],[-73.2611,7.5299],[-73.2625,7.5301],[-73.268,7.5388],[-73.2721,7.5403],[-73.277,7.5389],[-73.2791,7.5452],[-73.2822,7.5478],[-73.2842,7.5446],[-73.2898,7.5402],[-73.2883,7.5384],[-73.2888,7.5372],[-73.2919,7.5368],[-73.2934,7.5354],[-73.2932,7.5333],[-73.2948,7.5314],[-73.2935,7.5297],[-73.294,7.5287],[-73.2993,7.5284],[-73.3016,7.5268],[-73.3024,7.5276],[-73.3062,7.527],[-73.3076,7.5261],[-73.3087,7.5229],[-73.31,7.5232],[-73.3123,7.5208],[-73.3133,7.5213],[-73.3142,7.5191],[-73.3168,7.5172],[-73.3183,7.5141],[-73.3178,7.5127],[-73.3203,7.5108],[-73.3184,7.5107],[-73.3183,7.5096],[-73.3201,7.5094],[-73.3177,7.5083],[-73.3175,7.5059],[-73.3191,7.5044],[-73.3223,7.5043],[-73.3228,7.5],[-73.3253,7.4982],[-73.3242,7.4945],[-73.3222,7.4925],[-73.3228,7.4884],[-73.3198,7.4912],[-73.3137,7.4875],[-73.3106,7.484],[-73.3062,7.4873],[-73.303,7.4858],[-73.3007,7.4864],[-73.3005,7.4849],[-73.2977,7.4849],[-73.2966,7.4835],[-73.293,7.4855],[-73.2893,7.4861],[-73.2878,7.485],[-73.2861,7.4865],[-73.2819,7.4861],[-73.2802,7.4889],[-73.2812,7.4911],[-73.2801,7.4912],[-73.2793,7.4933],[-73.278,7.4924],[-73.2764,7.4951],[-73.2741,7.4944],[-73.2737,7.4958],[-73.2724,7.4955],[-73.2722,7.4972],[-73.2692,7.5005],[-73.2666,7.4986],[-73.2637,7.5007],[-73.2628,7.5017],[-73.2652,7.5036],[-73.2642,7.5072],[-73.2582,7.5091],[-73.2462,7.5232],[-73.2447,7.5412],[-73.2459,7.547],[-73.2451,7.5494],[-73.2432,7.5498],[-73.243,7.5538],[-73.2464,7.557],[-73.248,7.56],[-73.2475,7.5621],[-73.2491,7.5638]]]}},{"type":"Feature","properties":{"nombre":"Betania","tipo":"vereda","fuente":"DANE","municipio":"El Playón","codigo":"68255002","hectareas":5109.5},"geometry":{"type":"MultiPolygon","coordinates":[[[[-73.0833,7.5587],[-73.0885,7.5585],[-73.0886,7.5598],[-73.0904,7.5597],[-73.0909,7.565],[-73.0953,7.5665],[-73.0968,7.5657],[-73.0987,7.5696],[-73.1082,7.5685],[-73.1112,7.5667],[-73.118,7.5762],[-73.1229,7.5748],[-73.1224,7.5736],[-73.125,7.5714],[-73.1291,7.5718],[-73.1333,7.5685],[-73.1345,7.5696],[-73.1363,7.569],[-73.1374,7.5668],[-73.1388,7.5669],[-73.1389,7.5658],[-73.1428,7.5638],[-73.1428,7.5607],[-73.1457,7.5617],[-73.1474,7.5603],[-73.1492,7.5624],[-73.1499,7.5614],[-73.1492,7.5601],[-73.1507,7.5592],[-73.1555,7.5594],[-73.1572,7.5575],[-73.1582,7.5587],[-73.1614,7.556],[-73.1653,7.5575],[-73.1694,7.5567],[-73.1714,7.5562],[-73.171,7.5546],[-73.1729,7.5538],[-73.1742,7.5558],[-73.1762,7.5566],[-73.1766,7.5551],[-73.1785,7.5572],[-73.1793,7.5555],[-73.1808,7.5555],[-73.1871,7.5601],[-73.1869,7.5572],[-73.1884,7.559],[-73.1908,7.5589],[-73.192,7.5577],[-73.1932,7.5591],[-73.194,7.5586],[-73.194,7.5631],[-73.1964,7.5661],[-73.195,7.5667],[-73.1971,7.5671],[-73.1985,7.5688],[-73.1998,7.5675],[-73.2019,7.5685],[-73.2028,7.5679],[-73.204,7.5556],[-73.2116,7.546],[-73.2102,7.5429],[-73.2107,7.5402],[-73.2085,7.5397],[-73.2088,7.5367],[-73.2023,7.5276],[-73.1998,7.534],[-73.1947,7.5403],[-73.1916,7.5403],[-73.1879,7.5384],[-73.1828,7.539],[-73.1825,7.5332],[-73.1879,7.5265],[-73.1883,7.5232],[-73.1867,7.5175],[-73.1804,7.5135],[-73.1661,7.5191],[-73.1665,7.5158],[-73.1654,7.513],[-73.1688,7.5079],[-73.1677,7.5056],[-73.1621,7.5105],[-73.1572,7.51],[-73.1582,7.5117],[-73.1551,7.514],[-73.1512,7.5124],[-73.147,7.5172],[-73.1441,7.516],[-73.144,7.5174],[-73.1416,7.5197],[-73.1399,7.5198],[-73.1403,7.5206],[-73.1392,7.5206],[-73.1378,7.5235],[-73.1369,7.5226],[-73.1335,7.5262],[-73.132,7.526],[-73.1325,7.5312],[-73.1304,7.5315],[-73.1311,7.5325],[-73.1264,7.5379],[-73.1244,7.5385],[-73.122,7.5373],[-73.1152,7.5376],[-73.1137,7.5368],[-73.1048,7.5397],[-73.0966,7.5482],[-73.0931,7.5534],[-73.0861,7.5517],[-73.0852,7.5572],[-73.0833,7.5587]]],[[[-73.1319,7.528],[-73.1319,7.528],[-73.1319,7.528],[-73.1319,7.528]]]]}},{"type":"Feature","properties":{"nombre":"Ceiba","tipo":"vereda","fuente":"DANE","municipio":"El Playón","codigo":"68255003","hectareas":641.7},"geometry":{"type":"Polygon","coordinates":[[[-73.1713,7.441],[-73.1748,7.4429],[-73.1758,7.4411],[-73.1789,7.4406],[-73.1787,7.4388],[-73.1819,7.4388],[-73.193,7.4443],[-73.1967,7.4448],[-73.192,7.4314],[-73.1886,7.4155],[-73.1821,7.4156],[-73.1826,7.4178],[-73.1815,7.4171],[-73.1808,7.418],[-73.1807,7.4171],[-73.1788,7.4183],[-73.1778,7.4162],[-73.1754,7.4148],[-73.1737,7.4157],[-73.1738,7.4178],[-73.1727,7.4165],[-73.1728,7.4183],[-73.1714,7.4176],[-73.1717,7.4187],[-73.1706,7.4191],[-73.1714,7.42],[-73.1702,7.4208],[-73.1721,7.4214],[-73.1724,7.423],[-73.1696,7.4233],[-73.1702,7.4255],[-73.1719,7.4262],[-73.1713,7.441]]]}},{"type":"Feature","properties":{"nombre":"Filo","tipo":"vereda","fuente":"DANE","municipio":"El Playón","codigo":"68255004","hectareas":1195.8},"geometry":{"type":"Polygon","coordinates":[[[-73.0597,7.4863],[-73.0662,7.4886],[-73.0781,7.4887],[-73.0834,7.4902],[-73.0885,7.4893],[-73.0893,7.4887],[-73.0875,7.485],[-73.0829,7.48],[-73.0871,7.4766],[-73.0872,7.4728],[-73.0796,7.4716],[-73.0782,7.4725],[-73.0771,7.4683],[-73.0748,7.4666],[-73.0716,7.4606],[-73.068,7.4581],[-73.0537,7.4583],[-73.0434,7.4563],[-73.0445,7.464],[-73.0516,7.4833],[-73.0532,7.4847],[-73.0565,7.4848],[-73.0597,7.4863]]]}},{"type":"Feature","properties":{"nombre":"Huchaderos","tipo":"vereda","fuente":"DANE","municipio":"El Playón","codigo":"68255005","hectareas":1480.1},"geometry":{"type":"Polygon","coordinates":[[[-73.2312,7.4713],[-73.2345,7.4704],[-73.2366,7.4719],[-73.2392,7.4717],[-73.2422,7.4697],[-73.242,7.465],[-73.2505,7.4621],[-73.2547,7.4588],[-73.2537,7.4569],[-73.2543,7.456],[-73.258,7.4584],[-73.2605,7.4583],[-73.2607,7.4564],[-73.2628,7.4558],[-73.2628,7.4532],[-73.2639,7.4535],[-73.2676,7.4472],[-73.2724,7.4427],[-73.2715,7.441],[-73.2736,7.4416],[-73.2728,7.4407],[-73.2752,7.4388],[-73.2759,7.4398],[-73.2764,7.4389],[-73.2804,7.4395],[-73.2807,7.4376],[-73.2835,7.4383],[-73.2838,7.4369],[-73.287,7.4364],[-73.2884,7.4393],[-73.2896,7.4394],[-73.2849,7.4407],[-73.2852,7.4447],[-73.2876,7.4451],[-73.2889,7.4495],[-73.2916,7.4481],[-73.2955,7.4511],[-73.2994,7.4507],[-73.2992,7.453],[-73.2972,7.4545],[-73.298,7.4558],[-73.3007,7.4559],[-73.3016,7.4547],[-73.3028,7.456],[-73.3063,7.4539],[-73.3057,7.4523],[-73.3078,7.4472],[-73.3064,7.4437],[-73.3083,7.4427],[-73.3044,7.4396],[-73.3033,7.4411],[-73.3019,7.4398],[-73.3,7.4399],[-73.2978,7.4363],[-73.2989,7.4331],[-73.2974,7.4333],[-73.2972,7.432],[-73.2958,7.4321],[-73.2947,7.4337],[-73.2906,7.4336],[-73.2897,7.4344],[-73.288,7.4331],[-73.287,7.4344],[-73.2839,7.4304],[-73.2832,7.432],[-73.2815,7.4322],[-73.2824,7.4336],[-73.2818,7.4348],[-73.2788,7.4336],[-73.2761,7.4342],[-73.2754,7.4356],[-73.2752,7.4334],[-73.2733,7.4335],[-73.2723,7.4372],[-73.2702,7.4364],[-73.27,7.4372],[-73.2642,7.4372],[-73.2626,7.4385],[-73.2628,7.4367],[-73.2611,7.4357],[-73.2618,7.433],[-73.2595,7.4363],[-73.2521,7.4349],[-73.251,7.4322],[-73.2484,7.4328],[-73.2437,7.4438],[-73.2371,7.4489],[-73.238,7.4517],[-73.2376,7.4553],[-73.2319,7.4581],[-73.2325,7.4614],[-73.2313,7.4637],[-73.2258,7.4663],[-73.2312,7.4713]]]}},{"type":"Feature","properties":{"nombre":"La Aguada","tipo":"vereda","fuente":"DANE","municipio":"El Playón","codigo":"68255006","hectareas":3162.7},"geometry":{"type":"Polygon","coordinates":[[[-73.0911,7.4886],[-73.0942,7.4874],[-73.0965,7.4846],[-73.1006,7.483],[-73.1025,7.4803],[-73.1058,7.4807],[-73.1103,7.4794],[-73.1141,7.4845],[-73.1191,7.4877],[-73.1236,7.4953],[-73.1239,7.5001],[-73.1319,7.4921],[-73.1385,7.4895],[-73.1465,7.4887],[-73.151,7.4866],[-73.1581,7.4704],[-73.1549,7.4674],[-73.1518,7.4608],[-73.1526,7.4541],[-73.1576,7.4503],[-73.1634,7.4417],[-73.1652,7.4425],[-73.17,7.4405],[-73.1713,7.441],[-73.1712,7.4281],[-73.1681,7.427],[-73.1671,7.4281],[-73.1673,7.4312],[-73.1654,7.4299],[-73.1618,7.4299],[-73.1621,7.4317],[-73.1579,7.4349],[-73.1569,7.4352],[-73.157,7.4333],[-73.1548,7.4335],[-73.152,7.4362],[-73.1521,7.4338],[-73.1506,7.4331],[-73.1497,7.4345],[-73.1464,7.4347],[-73.1474,7.4365],[-73.1463,7.4379],[-73.142,7.4389],[-73.1411,7.4367],[-73.1395,7.4387],[-73.1374,7.4384],[-73.1381,7.4399],[-73.1308,7.4388],[-73.1302,7.4408],[-73.1285,7.4411],[-73.1292,7.4444],[-73.127,7.4429],[-73.1262,7.4448],[-73.1247,7.4445],[-73.1244,7.446],[-73.1223,7.4457],[-73.1211,7.4507],[-73.1198,7.4495],[-73.1176,7.4502],[-73.118,7.4522],[-73.1155,7.4541],[-73.114,7.4585],[-73.1104,7.461],[-73.1113,7.4638],[-73.1074,7.4658],[-73.1056,7.4654],[-73.1019,7.471],[-73.0989,7.4714],[-73.0971,7.4741],[-73.095,7.4745],[-73.0951,7.4733],[-73.0928,7.4721],[-73.0901,7.4742],[-73.0874,7.4742],[-73.086,7.4781],[-73.0829,7.48],[-73.0873,7.4847],[-73.0893,7.4887],[-73.0911,7.4886]]]}},{"type":"Feature","properties":{"nombre":"Límites","tipo":"vereda","fuente":"DANE","municipio":"El Playón","codigo":"68255007","hectareas":3768.6},"geometry":{"type":"Polygon","coordinates":[[[-73.1996,7.6276],[-73.2035,7.6287],[-73.208,7.6256],[-73.2222,7.6339],[-73.2285,7.6284],[-73.2287,7.6265],[-73.237,7.62],[-73.2431,7.6031],[-73.2473,7.5984],[-73.2523,7.5952],[-73.2533,7.5907],[-73.2548,7.5891],[-73.2577,7.5887],[-73.2593,7.5858],[-73.2585,7.5786],[-73.2545,7.5723],[-73.2541,7.569],[-73.2504,7.5664],[-73.2494,7.5638],[-73.2442,7.5678],[-73.241,7.5685],[-73.2396,7.5733],[-73.237,7.5754],[-73.2355,7.576],[-73.2325,7.5738],[-73.2309,7.5761],[-73.2297,7.5749],[-73.2277,7.5756],[-73.2279,7.5792],[-73.226,7.5829],[-73.2203,7.5829],[-73.2175,7.5797],[-73.2147,7.5829],[-73.2139,7.5832],[-73.2121,7.581],[-73.2081,7.584],[-73.1992,7.5942],[-73.1981,7.603],[-73.1947,7.6032],[-73.1933,7.5992],[-73.1925,7.5987],[-73.1922,7.6002],[-73.1897,7.5973],[-73.1878,7.6005],[-73.1852,7.5991],[-73.1826,7.5997],[-73.1776,7.6044],[-73.173,7.6059],[-73.1603,7.6133],[-73.1671,7.625],[-73.1719,7.6219],[-73.1807,7.6192],[-73.186,7.6215],[-73.1897,7.6217],[-73.1952,7.6273],[-73.1996,7.6276]]]}},{"type":"Feature","properties":{"nombre":"Miraflores","tipo":"vereda","fuente":"DANE","municipio":"El Playón","codigo":"68255008","hectareas":1229.7},"geometry":{"type":"Polygon","coordinates":[[[-73.1096,7.6096],[-73.1097,7.613],[-73.1114,7.6127],[-73.1189,7.6101],[-73.1232,7.6069],[-73.1248,7.6088],[-73.1363,7.6026],[-73.1426,7.5914],[-73.142,7.5883],[-73.137,7.5864],[-73.1395,7.5833],[-73.1487,7.5863],[-73.1504,7.5856],[-73.1492,7.583],[-73.1571,7.5761],[-73.1564,7.5735],[-73.1594,7.572],[-73.1604,7.5666],[-73.1622,7.5652],[-73.1617,7.5632],[-73.1633,7.5609],[-73.1625,7.5594],[-73.1653,7.5575],[-73.1614,7.556],[-73.1582,7.5587],[-73.1572,7.5575],[-73.1555,7.5594],[-73.1513,7.559],[-73.1492,7.5601],[-73.1499,7.5614],[-73.1492,7.5624],[-73.1474,7.5603],[-73.1457,7.5617],[-73.1427,7.5608],[-73.1428,7.5638],[-73.1389,7.5658],[-73.1388,7.5669],[-73.1374,7.5668],[-73.1365,7.5685],[-73.1336,7.5766],[-73.1325,7.5841],[-73.1302,7.5891],[-73.1266,7.5936],[-73.1199,7.5955],[-73.1174,7.5938],[-73.1155,7.5899],[-73.1147,7.5905],[-73.1146,7.5949],[-73.1096,7.6096]]]}},{"type":"Feature","properties":{"nombre":"Pino","tipo":"vereda","fuente":"DANE","municipio":"El Playón","codigo":"68255009","hectareas":3681.5},"geometry":{"type":"Polygon","coordinates":[[[-73.0825,7.6091],[-73.0903,7.6095],[-73.0949,7.6134],[-73.0993,7.6202],[-73.1023,7.6198],[-73.1068,7.6147],[-73.1097,7.613],[-73.1107,7.6054],[-73.1146,7.5949],[-73.1147,7.5905],[-73.1155,7.5899],[-73.1185,7.5949],[-73.1233,7.5952],[-73.1266,7.5936],[-73.1302,7.5891],[-73.1325,7.5841],[-73.1336,7.5766],[-73.1363,7.569],[-73.1345,7.5696],[-73.1333,7.5685],[-73.1291,7.5718],[-73.125,7.5714],[-73.1224,7.5736],[-73.1229,7.5748],[-73.118,7.5762],[-73.1114,7.5668],[-73.1103,7.5664],[-73.1079,7.5685],[-73.0987,7.5696],[-73.0968,7.5657],[-73.0953,7.5665],[-73.0912,7.5653],[-73.0904,7.5597],[-73.0886,7.5598],[-73.0886,7.5586],[-73.0828,7.5594],[-73.0809,7.5585],[-73.0765,7.5624],[-73.0721,7.5629],[-73.0727,7.5656],[-73.071,7.568],[-73.0706,7.5719],[-73.0691,7.5734],[-73.062,7.5755],[-73.0598,7.5805],[-73.0566,7.5833],[-73.0522,7.5955],[-73.0493,7.5987],[-73.0483,7.6059],[-73.0519,7.6063],[-73.0556,7.6085],[-73.0609,7.6099],[-73.0772,7.6104],[-73.0825,7.6091]]]}},{"type":"Feature","properties":{"nombre":"Planadas","tipo":"vereda","fuente":"DANE","municipio":"El Playón","codigo":"68255010","hectareas":3521.1},"geometry":{"type":"Polygon","coordinates":[[[-73.1521,7.6184],[-73.1595,7.6202],[-73.1637,7.6259],[-73.1666,7.6254],[-73.1603,7.6133],[-73.173,7.6059],[-73.1776,7.6044],[-73.1826,7.5997],[-73.1852,7.5991],[-73.1878,7.6005],[-73.1897,7.5973],[-73.1922,7.6002],[-73.1925,7.5987],[-73.1933,7.5992],[-73.1947,7.6032],[-73.1983,7.6028],[-73.1992,7.5942],[-73.2081,7.584],[-73.2121,7.581],[-73.2084,7.5785],[-73.2072,7.576],[-73.2072,7.5698],[-73.2032,7.5647],[-73.2027,7.5681],[-73.1998,7.5675],[-73.1985,7.5688],[-73.1971,7.5671],[-73.195,7.5667],[-73.1964,7.5661],[-73.194,7.5631],[-73.194,7.5586],[-73.1932,7.5591],[-73.192,7.5577],[-73.1908,7.5589],[-73.1884,7.559],[-73.1869,7.5572],[-73.1871,7.5601],[-73.1808,7.5555],[-73.1793,7.5555],[-73.1785,7.5572],[-73.1766,7.5551],[-73.1762,7.5566],[-73.1742,7.5558],[-73.1729,7.5538],[-73.171,7.5546],[-73.1714,7.5562],[-73.1656,7.5573],[-73.1625,7.5594],[-73.1633,7.5611],[-73.1617,7.5632],[-73.1622,7.5652],[-73.1604,7.5666],[-73.1594,7.572],[-73.1564,7.5735],[-73.1572,7.5755],[-73.1563,7.5771],[-73.1493,7.5829],[-73.1504,7.5856],[-73.1487,7.5863],[-73.1395,7.5833],[-73.137,7.5864],[-73.142,7.5883],[-73.1426,7.5914],[-73.1363,7.6026],[-73.1248,7.6088],[-73.1304,7.6139],[-73.1475,7.6164],[-73.1521,7.6184]]]}},{"type":"Feature","properties":{"nombre":"Playón","tipo":"vereda","fuente":"DANE","municipio":"El Playón","codigo":"68255011","hectareas":6188.4},"geometry":{"type":"MultiPolygon","coordinates":[[[[-73.2035,7.5243],[-73.2061,7.516],[-73.2098,7.5129],[-73.223,7.5091],[-73.2286,7.511],[-73.238,7.5173],[-73.243,7.516],[-73.2457,7.5136],[-73.2494,7.5072],[-73.2494,7.5009],[-73.2526,7.496],[-73.2507,7.4947],[-73.2457,7.4959],[-73.2425,7.5003],[-73.2382,7.4984],[-73.2343,7.4838],[-73.2315,7.4844],[-73.2301,7.4835],[-73.228,7.4858],[-73.2247,7.4837],[-73.2272,7.4812],[-73.2256,7.4785],[-73.2287,7.4732],[-73.2312,7.4713],[-73.2258,7.4663],[-73.2313,7.4637],[-73.2325,7.4614],[-73.2319,7.4581],[-73.2278,7.4583],[-73.2207,7.4563],[-73.2158,7.4517],[-73.2147,7.4491],[-73.2115,7.4469],[-73.2101,7.4476],[-73.2099,7.4499],[-73.2069,7.4485],[-73.2032,7.4492],[-73.2019,7.4475],[-73.2002,7.4481],[-73.2,7.4455],[-73.1981,7.4453],[-73.1974,7.4474],[-73.1962,7.4472],[-73.1967,7.4448],[-73.193,7.4443],[-73.1819,7.4388],[-73.1787,7.4388],[-73.1789,7.4406],[-73.1758,7.4411],[-73.1748,7.4429],[-73.17,7.4405],[-73.1652,7.4425],[-73.1634,7.4417],[-73.1576,7.4503],[-73.1526,7.4541],[-73.1518,7.4608],[-73.1566,7.4695],[-73.1689,7.4761],[-73.1693,7.4805],[-73.1649,7.4874],[-73.1649,7.4896],[-73.1671,7.4911],[-73.1708,7.489],[-73.1737,7.4899],[-73.1781,7.4957],[-73.1779,7.4985],[-73.1756,7.501],[-73.176,7.5029],[-73.174,7.5027],[-73.1748,7.5049],[-73.1741,7.5066],[-73.1756,7.5094],[-73.1735,7.5158],[-73.1766,7.5156],[-73.1804,7.5135],[-73.1867,7.5175],[-73.1883,7.5232],[-73.1878,7.5269],[-73.1824,7.5336],[-73.1828,7.539],[-73.1879,7.5384],[-73.1916,7.5403],[-73.1947,7.5403],[-73.1998,7.534],[-73.2035,7.5243]],[[-73.2039,7.4764],[-73.2029,7.4762],[-73.2016,7.4726],[-73.2009,7.47],[-73.2021,7.4694],[-73.2009,7.4672],[-73.1997,7.4681],[-73.1976,7.4667],[-73.1997,7.4667],[-73.2018,7.464],[-73.2069,7.4737],[-73.2058,7.4741],[-73.2056,7.4764],[-73.2039,7.4764]]],[[[-73.2045,7.5305],[-73.2045,7.5305],[-73.2023,7.5276],[-73.2045,7.5305]]]]}},{"type":"Feature","properties":{"nombre":"Río Blanco","tipo":"vereda","fuente":"DANE","municipio":"El Playón","codigo":"68255012","hectareas":3104.4},"geometry":{"type":"Polygon","coordinates":[[[-73.2135,7.5826],[-73.2148,7.5828],[-73.2175,7.5797],[-73.2203,7.5829],[-73.226,7.5829],[-73.2279,7.5792],[-73.2277,7.5756],[-73.2297,7.5749],[-73.2309,7.5761],[-73.2325,7.5738],[-73.2355,7.576],[-73.2373,7.5752],[-73.2396,7.5733],[-73.241,7.5685],[-73.2442,7.5678],[-73.2491,7.5638],[-73.2475,7.5621],[-73.248,7.56],[-73.2464,7.557],[-73.243,7.5538],[-73.2432,7.5498],[-73.2451,7.5494],[-73.2459,7.547],[-73.2447,7.5412],[-73.2463,7.5221],[-73.2457,7.5136],[-73.243,7.516],[-73.238,7.5173],[-73.2286,7.511],[-73.223,7.5091],[-73.2142,7.511],[-73.2061,7.516],[-73.2023,7.5276],[-73.2088,7.5367],[-73.2085,7.5397],[-73.2107,7.5402],[-73.2102,7.5429],[-73.2116,7.546],[-73.204,7.5556],[-73.2032,7.5647],[-73.2072,7.5698],[-73.2072,7.576],[-73.2084,7.5785],[-73.2135,7.5826]]]}},{"type":"Feature","properties":{"nombre":"San Benito","tipo":"vereda","fuente":"DANE","municipio":"El Playón","codigo":"68255013","hectareas":3102.4},"geometry":{"type":"Polygon","coordinates":[[[-73.0861,7.5517],[-73.0931,7.5534],[-73.0966,7.5482],[-73.1048,7.5397],[-73.1113,7.5373],[-73.1264,7.5379],[-73.1311,7.5325],[-73.1304,7.5315],[-73.1325,7.5312],[-73.1322,7.5257],[-73.1335,7.5262],[-73.1369,7.5226],[-73.1378,7.5235],[-73.1392,7.5206],[-73.1403,7.5206],[-73.1399,7.5198],[-73.1416,7.5197],[-73.144,7.5174],[-73.1441,7.516],[-73.147,7.5172],[-73.1512,7.5124],[-73.1551,7.514],[-73.1582,7.5117],[-73.1572,7.51],[-73.1621,7.5105],[-73.1677,7.5056],[-73.1688,7.5079],[-73.1654,7.513],[-73.1665,7.5158],[-73.1661,7.5191],[-73.1735,7.5158],[-73.1756,7.5094],[-73.1741,7.5066],[-73.1748,7.5049],[-73.174,7.5027],[-73.176,7.5029],[-73.1756,7.501],[-73.1779,7.4985],[-73.1782,7.496],[-73.1737,7.4899],[-73.1708,7.489],[-73.1671,7.4911],[-73.1649,7.4896],[-73.1649,7.4874],[-73.1693,7.4805],[-73.1689,7.4761],[-73.1581,7.4704],[-73.151,7.4866],[-73.1465,7.4887],[-73.1385,7.4895],[-73.1319,7.4921],[-73.1223,7.5019],[-73.1115,7.5076],[-73.1042,7.5176],[-73.1014,7.5252],[-73.1012,7.5294],[-73.096,7.5333],[-73.0895,7.5431],[-73.0861,7.5517]],[[-73.1319,7.528],[-73.1319,7.528],[-73.1319,7.528],[-73.1319,7.528]]]}},{"type":"Feature","properties":{"nombre":"San Pedro","tipo":"vereda","fuente":"DANE","municipio":"El Playón","codigo":"68255014","hectareas":3696.6},"geometry":{"type":"Polygon","coordinates":[[[-73.2457,7.5136],[-73.2462,7.5232],[-73.2582,7.5091],[-73.2642,7.5072],[-73.2652,7.5036],[-73.2628,7.5017],[-73.2637,7.5007],[-73.2666,7.4986],[-73.2692,7.5005],[-73.2722,7.4972],[-73.2724,7.4955],[-73.2737,7.4958],[-73.2741,7.4944],[-73.2764,7.4951],[-73.278,7.4924],[-73.2793,7.4933],[-73.2801,7.4912],[-73.2812,7.4911],[-73.2802,7.4889],[-73.2819,7.4861],[-73.2861,7.4865],[-73.2878,7.485],[-73.2893,7.4861],[-73.293,7.4855],[-73.2966,7.4835],[-73.2977,7.4849],[-73.3005,7.4849],[-73.3007,7.4864],[-73.303,7.4858],[-73.3062,7.4873],[-73.3106,7.484],[-73.3117,7.4808],[-73.309,7.4809],[-73.3087,7.4792],[-73.3056,7.4776],[-73.3048,7.4756],[-73.3028,7.4758],[-73.3028,7.4743],[-73.3007,7.4723],[-73.3032,7.4713],[-73.302,7.4696],[-73.2999,7.4694],[-73.2998,7.4716],[-73.2989,7.472],[-73.2982,7.4693],[-73.2996,7.4672],[-73.2978,7.4673],[-73.2969,7.4637],[-73.2956,7.4646],[-73.294,7.4636],[-73.2936,7.4583],[-73.2959,7.4566],[-73.2962,7.4547],[-73.2972,7.455],[-73.2992,7.453],[-73.2994,7.4507],[-73.2955,7.4511],[-73.2916,7.4481],[-73.2887,7.4494],[-73.2876,7.4451],[-73.2852,7.4447],[-73.285,7.4435],[-73.2849,7.4407],[-73.2896,7.4394],[-73.2884,7.4393],[-73.2867,7.4362],[-73.2838,7.4369],[-73.2835,7.4383],[-73.2807,7.4376],[-73.2804,7.4395],[-73.2764,7.4389],[-73.2759,7.4398],[-73.2752,7.4388],[-73.2728,7.4407],[-73.2736,7.4416],[-73.2715,7.441],[-73.2724,7.4427],[-73.2676,7.4472],[-73.2639,7.4535],[-73.2628,7.4532],[-73.2628,7.4558],[-73.2607,7.4564],[-73.2605,7.4583],[-73.258,7.4584],[-73.2543,7.456],[-73.2537,7.4569],[-73.2547,7.4588],[-73.2505,7.4621],[-73.242,7.465],[-73.2422,7.4697],[-73.2382,7.472],[-73.2345,7.4704],[-73.2311,7.4714],[-73.2287,7.4732],[-73.2256,7.4785],[-73.2272,7.4812],[-73.2247,7.4837],[-73.2253,7.4843],[-73.228,7.4858],[-73.2301,7.4835],[-73.2315,7.4844],[-73.2343,7.4838],[-73.2382,7.4984],[-73.2425,7.5003],[-73.2457,7.4959],[-73.2507,7.4947],[-73.2526,7.496],[-73.2494,7.5009],[-73.2494,7.5072],[-73.2457,7.5136]]]}},{"type":"Feature","properties":{"nombre":"Santa Bárbara","tipo":"vereda","fuente":"DANE","municipio":"El Playón","codigo":"68255015","hectareas":1852.4},"geometry":{"type":"Polygon","coordinates":[[[-73.068,7.5146],[-73.08,7.5109],[-73.0815,7.5183],[-73.086,7.5253],[-73.089,7.5284],[-73.0943,7.5308],[-73.096,7.5333],[-73.1012,7.5294],[-73.1014,7.5252],[-73.1042,7.5176],[-73.1115,7.5076],[-73.1237,7.5007],[-73.1236,7.4953],[-73.1191,7.4877],[-73.1141,7.4845],[-73.1103,7.4794],[-73.1058,7.4807],[-73.1025,7.4803],[-73.1006,7.483],[-73.0965,7.4846],[-73.0942,7.4874],[-73.091,7.4884],[-73.0909,7.4897],[-73.0891,7.49],[-73.0891,7.4915],[-73.085,7.4944],[-73.0813,7.495],[-73.0732,7.4991],[-73.0718,7.5038],[-73.0689,7.507],[-73.0675,7.5111],[-73.068,7.5146]]]}},{"type":"Feature","properties":{"nombre":"Agua Blanca","tipo":"vereda","fuente":"DANE","municipio":"Floridablanca","codigo":"68276001","hectareas":2037.7},"geometry":{"type":"Polygon","coordinates":[[[-73.031,7.1476],[-73.0343,7.1488],[-73.0359,7.1451],[-73.0429,7.1376],[-73.0519,7.1331],[-73.0532,7.127],[-73.0577,7.1235],[-73.0595,7.115],[-73.0616,7.1152],[-73.0598,7.1118],[-73.059,7.1039],[-73.0614,7.1013],[-73.0605,7.0998],[-73.0615,7.0948],[-73.0599,7.0944],[-73.0569,7.0912],[-73.0549,7.0933],[-73.0561,7.0965],[-73.0541,7.1009],[-73.0551,7.104],[-73.053,7.105],[-73.052,7.11],[-73.05,7.1099],[-73.0476,7.1079],[-73.0424,7.1107],[-73.0411,7.1096],[-73.037,7.1094],[-73.034,7.1064],[-73.0231,7.1053],[-73.0246,7.0963],[-73.0225,7.0978],[-73.0194,7.0976],[-73.0117,7.1025],[-73.0091,7.1008],[-73.0027,7.1],[-73.0022,7.1062],[-73.0053,7.1154],[-73.0067,7.1161],[-73.007,7.1199],[-73.0183,7.1269],[-73.0224,7.1356],[-73.0238,7.1412],[-73.031,7.1476]]]}},{"type":"Feature","properties":{"nombre":"Casiano","tipo":"vereda","fuente":"DANE","municipio":"Floridablanca","codigo":"68276002","hectareas":623.9},"geometry":{"type":"MultiPolygon","coordinates":[[[[-73.0721,7.0697],[-73.0756,7.0683],[-73.0761,7.065],[-73.0772,7.0647],[-73.0747,7.0627],[-73.0771,7.0625],[-73.077,7.061],[-73.0736,7.0586],[-73.0783,7.0543],[-73.0818,7.0549],[-73.0815,7.0511],[-73.0796,7.0494],[-73.0725,7.048],[-73.0704,7.0466],[-73.0682,7.0474],[-73.0669,7.0455],[-73.0631,7.0486],[-73.0629,7.0506],[-73.061,7.053],[-73.0611,7.0547],[-73.0621,7.055],[-73.0613,7.056],[-73.0594,7.0571],[-73.0533,7.0566],[-73.0469,7.0602],[-73.0403,7.0599],[-73.037,7.0662],[-73.038,7.0661],[-73.0392,7.0683],[-73.0447,7.0698],[-73.0523,7.0661],[-73.061,7.067],[-73.0633,7.0627],[-73.0656,7.0618],[-73.0668,7.0625],[-73.0674,7.0677],[-73.0685,7.0669],[-73.0721,7.0697]]],[[[-73.0748,7.0702],[-73.0752,7.07],[-73.0741,7.0695],[-73.0748,7.0702]]],[[[-73.0771,7.0615],[-73.077,7.0616],[-73.0773,7.0616],[-73.0771,7.0615]]]]}},{"type":"Feature","properties":{"nombre":"Guayanas","tipo":"vereda","fuente":"DANE","municipio":"Floridablanca","codigo":"68276003","hectareas":438.4},"geometry":{"type":"Polygon","coordinates":[[[-73.0403,7.0599],[-73.0469,7.0602],[-73.0533,7.0566],[-73.0594,7.0571],[-73.0613,7.056],[-73.0621,7.055],[-73.0611,7.0547],[-73.061,7.053],[-73.0658,7.0455],[-73.0669,7.0455],[-73.0682,7.0474],[-73.0704,7.0466],[-73.0725,7.048],[-73.0796,7.0494],[-73.0768,7.0442],[-73.0769,7.0417],[-73.0739,7.0407],[-73.0743,7.0372],[-73.0694,7.0369],[-73.0614,7.0395],[-73.0542,7.044],[-73.0508,7.0444],[-73.049,7.0471],[-73.0485,7.0517],[-73.0403,7.0599]]]}},{"type":"Feature","properties":{"nombre":"Helechales","tipo":"vereda","fuente":"DANE","municipio":"Floridablanca","codigo":"68276004","hectareas":982.3},"geometry":{"type":"Polygon","coordinates":[[[-73.0246,7.0963],[-73.0231,7.1053],[-73.034,7.1064],[-73.037,7.1094],[-73.0411,7.1096],[-73.0424,7.1107],[-73.0476,7.1079],[-73.05,7.1099],[-73.052,7.11],[-73.053,7.105],[-73.0551,7.104],[-73.0541,7.1014],[-73.0561,7.0965],[-73.0549,7.0933],[-73.0555,7.0921],[-73.0569,7.0912],[-73.0599,7.0944],[-73.0615,7.0948],[-73.0671,7.0866],[-73.0656,7.085],[-73.066,7.0831],[-73.0697,7.0795],[-73.0713,7.0804],[-73.074,7.0785],[-73.0737,7.0754],[-73.0712,7.0773],[-73.0697,7.0763],[-73.0692,7.078],[-73.0669,7.0765],[-73.0632,7.0767],[-73.0632,7.0801],[-73.06,7.0832],[-73.0587,7.0827],[-73.0586,7.0809],[-73.0574,7.0807],[-73.0568,7.0819],[-73.0552,7.0806],[-73.0517,7.0806],[-73.049,7.0815],[-73.0486,7.0833],[-73.0458,7.0857],[-73.0384,7.0896],[-73.0347,7.0885],[-73.0268,7.0894],[-73.0266,7.0935],[-73.0246,7.0963]]]}},{"type":"Feature","properties":{"nombre":"Malavar","tipo":"vereda","fuente":"DANE","municipio":"Floridablanca","codigo":"68276005","hectareas":903.6},"geometry":{"type":"Polygon","coordinates":[[[-73.0355,7.0886],[-73.0384,7.0896],[-73.0458,7.0857],[-73.0486,7.0833],[-73.049,7.0815],[-73.0517,7.0806],[-73.0552,7.0806],[-73.0568,7.0819],[-73.0574,7.0807],[-73.0586,7.0809],[-73.0587,7.0827],[-73.06,7.0832],[-73.0632,7.0801],[-73.0632,7.0767],[-73.0669,7.0765],[-73.0692,7.078],[-73.0698,7.0762],[-73.0712,7.0773],[-73.0737,7.0754],[-73.0739,7.0734],[-73.0757,7.0731],[-73.0756,7.071],[-73.0741,7.0695],[-73.0721,7.07],[-73.0685,7.0669],[-73.0674,7.0677],[-73.0668,7.0625],[-73.0656,7.0618],[-73.0633,7.0627],[-73.061,7.067],[-73.0523,7.0661],[-73.0447,7.0698],[-73.0392,7.0683],[-73.038,7.0661],[-73.0347,7.0665],[-73.0321,7.0679],[-73.0288,7.0722],[-73.0262,7.0877],[-73.0268,7.0894],[-73.0355,7.0886]]]}},{"type":"Feature","properties":{"nombre":"Rio Frio","tipo":"vereda","fuente":"DANE","municipio":"Floridablanca","codigo":"68276006","hectareas":770.9},"geometry":{"type":"Polygon","coordinates":[[[-73.1217,7.0656],[-73.1227,7.0675],[-73.1238,7.0656],[-73.1271,7.0642],[-73.1277,7.0625],[-73.1344,7.0603],[-73.1327,7.0556],[-73.1314,7.0555],[-73.1293,7.0528],[-73.1289,7.0436],[-73.1265,7.0432],[-73.1259,7.0404],[-73.1249,7.0398],[-73.1265,7.039],[-73.1272,7.0368],[-73.1251,7.0321],[-73.1189,7.0358],[-73.1185,7.0379],[-73.114,7.0426],[-73.1049,7.0456],[-73.1045,7.0478],[-73.0997,7.0474],[-73.0965,7.0496],[-73.0963,7.0526],[-73.094,7.0533],[-73.0949,7.0578],[-73.101,7.0598],[-73.1022,7.0597],[-73.1017,7.0584],[-73.1034,7.0582],[-73.1039,7.0569],[-73.1098,7.0598],[-73.1094,7.0577],[-73.1134,7.0589],[-73.117,7.0572],[-73.1189,7.0587],[-73.1198,7.0642],[-73.1217,7.0656]]]}},{"type":"Feature","properties":{"nombre":"Ruiotoque","tipo":"vereda","fuente":"DANE","municipio":"Floridablanca","codigo":"68276007","hectareas":1265.6},"geometry":{"type":"Polygon","coordinates":[[[-73.0945,7.0576],[-73.094,7.0533],[-73.0963,7.0526],[-73.0965,7.0496],[-73.1016,7.047],[-73.1045,7.0478],[-73.1049,7.0456],[-73.114,7.0426],[-73.1185,7.0379],[-73.1199,7.0351],[-73.118,7.0322],[-73.1225,7.0301],[-73.1189,7.0248],[-73.115,7.0217],[-73.1161,7.0184],[-73.1118,7.0171],[-73.1072,7.0197],[-73.1006,7.0212],[-73.0997,7.0195],[-73.0973,7.0205],[-73.0963,7.0221],[-73.0979,7.026],[-73.0946,7.0287],[-73.0953,7.0289],[-73.0944,7.0292],[-73.0948,7.0315],[-73.0936,7.0326],[-73.0916,7.033],[-73.0892,7.0304],[-73.0881,7.032],[-73.0851,7.0329],[-73.0831,7.0317],[-73.082,7.0338],[-73.0828,7.0344],[-73.0809,7.0349],[-73.0785,7.0246],[-73.0743,7.0295],[-73.0771,7.0347],[-73.0742,7.0373],[-73.0739,7.0407],[-73.0769,7.0417],[-73.0781,7.0477],[-73.0813,7.0505],[-73.0829,7.057],[-73.0834,7.0555],[-73.0874,7.0571],[-73.0901,7.0553],[-73.0915,7.057],[-73.0945,7.0576]]]}},{"type":"Feature","properties":{"nombre":"Vercute","tipo":"vereda","fuente":"DANE","municipio":"Floridablanca","codigo":"68276008","hectareas":1179.9},"geometry":{"type":"MultiPolygon","coordinates":[[[[-73.09,7.0973],[-73.0889,7.0992],[-73.0895,7.0958],[-73.0884,7.0928],[-73.0874,7.0939],[-73.0884,7.0915],[-73.0868,7.0893],[-73.0869,7.0871],[-73.089,7.0868],[-73.0835,7.0834],[-73.0824,7.0838],[-73.0805,7.0783],[-73.0819,7.0756],[-73.08,7.0728],[-73.084,7.0703],[-73.0793,7.072],[-73.0756,7.0718],[-73.0757,7.0731],[-73.0739,7.0734],[-73.0732,7.0746],[-73.074,7.0785],[-73.0713,7.0804],[-73.0697,7.0795],[-73.066,7.0831],[-73.0656,7.085],[-73.0671,7.0866],[-73.0618,7.094],[-73.0605,7.0998],[-73.0614,7.1013],[-73.059,7.1039],[-73.0598,7.1118],[-73.0618,7.1155],[-73.0681,7.115],[-73.0707,7.1192],[-73.0748,7.1182],[-73.0779,7.1205],[-73.0811,7.1152],[-73.0825,7.1147],[-73.0838,7.1068],[-73.0866,7.1079],[-73.0874,7.1053],[-73.0896,7.1045],[-73.0938,7.1],[-73.0936,7.0984],[-73.0923,7.0989],[-73.0919,7.098],[-73.0928,7.0963],[-73.09,7.0973]]],[[[-73.09,7.0971],[-73.09,7.097],[-73.09,7.0973],[-73.09,7.0971]]]]}},{"type":"Feature","properties":{"nombre":"Bocas","tipo":"vereda","fuente":"DANE","municipio":"Girón","codigo":"68307007","hectareas":1582.2},"geometry":{"type":"Polygon","coordinates":[[[-73.1551,7.2109],[-73.1551,7.212],[-73.1568,7.2128],[-73.1563,7.2155],[-73.1589,7.2165],[-73.1618,7.2144],[-73.1632,7.2108],[-73.1642,7.2106],[-73.1628,7.2047],[-73.1639,7.1955],[-73.1603,7.1926],[-73.1591,7.1892],[-73.1564,7.186],[-73.1586,7.1844],[-73.1614,7.1785],[-73.1606,7.1739],[-73.1613,7.1688],[-73.1594,7.166],[-73.1593,7.1612],[-73.1643,7.154],[-73.1648,7.1514],[-73.1675,7.149],[-73.1735,7.1464],[-73.1766,7.1405],[-73.1836,7.1369],[-73.1796,7.1263],[-73.162,7.1218],[-73.1553,7.1366],[-73.1568,7.1405],[-73.1563,7.1429],[-73.151,7.1483],[-73.1495,7.1513],[-73.1444,7.1547],[-73.1435,7.1569],[-73.1441,7.1677],[-73.1475,7.1668],[-73.1499,7.1749],[-73.1519,7.1773],[-73.1523,7.1806],[-73.1502,7.1859],[-73.1522,7.1882],[-73.1521,7.1917],[-73.1536,7.1935],[-73.152,7.1947],[-73.1522,7.1997],[-73.1546,7.2008],[-73.1536,7.2027],[-73.1538,7.2082],[-73.1563,7.2091],[-73.1551,7.2109]]]}},{"type":"Feature","properties":{"nombre":"Cantalta","tipo":"vereda","fuente":"DANE","municipio":"Girón","codigo":"68307009","hectareas":3005.6},"geometry":{"type":"Polygon","coordinates":[[[-73.1857,6.9742],[-73.1915,6.9721],[-73.1951,6.9732],[-73.1988,6.9803],[-73.2004,6.9892],[-73.2147,6.9875],[-73.2162,6.9857],[-73.2174,6.9779],[-73.2201,6.9742],[-73.2201,6.9689],[-73.2236,6.9656],[-73.2293,6.9638],[-73.2392,6.9581],[-73.2297,6.9478],[-73.2248,6.9355],[-73.2095,6.917],[-73.1971,6.9271],[-73.1899,6.9305],[-73.1843,6.9316],[-73.1802,6.9279],[-73.1787,6.9298],[-73.1777,6.9362],[-73.1826,6.9426],[-73.1828,6.9485],[-73.1842,6.9529],[-73.1841,6.957],[-73.1814,6.9617],[-73.1813,6.9656],[-73.1857,6.9742]]]}},{"type":"Feature","properties":{"nombre":"Cedro","tipo":"vereda","fuente":"DANE","municipio":"Girón","codigo":"68307006","hectareas":1589.7},"geometry":{"type":"Polygon","coordinates":[[[-73.2764,7.094],[-73.2859,7.1034],[-73.2867,7.1056],[-73.2917,7.1088],[-73.2942,7.1089],[-73.2923,7.1076],[-73.2954,7.1016],[-73.2958,7.0962],[-73.3017,7.0824],[-73.3066,7.067],[-73.3093,7.0624],[-73.3099,7.06],[-73.308,7.0531],[-73.3105,7.0461],[-73.3061,7.0436],[-73.301,7.0454],[-73.293,7.0429],[-73.2907,7.0429],[-73.2878,7.0449],[-73.2829,7.0533],[-73.283,7.0583],[-73.2855,7.0645],[-73.28,7.0741],[-73.2806,7.0872],[-73.2791,7.0911],[-73.2764,7.094]]]}},{"type":"Feature","properties":{"nombre":"Chocoa","tipo":"vereda","fuente":"DANE","municipio":"Girón","codigo":"68307008","hectareas":6846.1},"geometry":{"type":"Polygon","coordinates":[[[-73.1619,6.9695],[-73.1679,6.9707],[-73.1704,6.9727],[-73.1717,6.978],[-73.1694,6.9848],[-73.1705,6.9866],[-73.1826,6.9797],[-73.1857,6.9742],[-73.1813,6.9656],[-73.1814,6.9617],[-73.1841,6.957],[-73.1842,6.9537],[-73.1826,6.9426],[-73.1777,6.9362],[-73.1791,6.9287],[-73.1814,6.9283],[-73.1843,6.9316],[-73.1899,6.9305],[-73.1971,6.9271],[-73.2095,6.917],[-73.1998,6.9044],[-73.1926,6.9019],[-73.1888,6.9029],[-73.1859,6.902],[-73.1826,6.8949],[-73.1767,6.8886],[-73.1758,6.8844],[-73.1713,6.8838],[-73.1661,6.8852],[-73.1655,6.8869],[-73.1612,6.888],[-73.1602,6.8901],[-73.1558,6.8912],[-73.151,6.8945],[-73.141,6.8967],[-73.1385,6.899],[-73.1344,6.899],[-73.1329,6.901],[-73.1296,6.8991],[-73.1276,6.9023],[-73.1257,6.9018],[-73.1221,6.9043],[-73.1192,6.9044],[-73.1134,6.9091],[-73.1061,6.9103],[-73.1032,6.9125],[-73.0993,6.9183],[-73.1034,6.9289],[-73.1001,6.9335],[-73.1071,6.9412],[-73.1157,6.9443],[-73.135,6.9541],[-73.1381,6.9584],[-73.1381,6.96],[-73.1419,6.9643],[-73.1488,6.9648],[-73.1495,6.9586],[-73.1521,6.9584],[-73.1557,6.9643],[-73.1619,6.9695]]]}},{"type":"Feature","properties":{"nombre":"Chocoita","tipo":"vereda","fuente":"DANE","municipio":"Girón","codigo":"68307002","hectareas":608.4},"geometry":{"type":"Polygon","coordinates":[[[-73.1619,6.9695],[-73.1554,6.9711],[-73.1501,6.9737],[-73.1487,6.9755],[-73.1532,6.9817],[-73.1535,6.9855],[-73.1515,6.9888],[-73.1467,6.9927],[-73.1438,6.9993],[-73.1642,6.9927],[-73.1716,6.9977],[-73.1705,6.9866],[-73.1694,6.9848],[-73.1712,6.9803],[-73.1715,6.9753],[-73.1679,6.9707],[-73.1619,6.9695]]]}},{"type":"Feature","properties":{"nombre":"La Parroquia","tipo":"vereda","fuente":"DANE","municipio":"Girón","codigo":"68307005","hectareas":2906.3},"geometry":{"type":"Polygon","coordinates":[[[-73.3022,7.1207],[-73.3037,7.1216],[-73.3074,7.1203],[-73.3148,7.1203],[-73.3163,7.118],[-73.3172,7.1115],[-73.3184,7.1114],[-73.3205,7.107],[-73.3215,7.1015],[-73.3276,7.0914],[-73.3323,7.0746],[-73.3386,7.0628],[-73.3431,7.0592],[-73.3419,7.0578],[-73.342,7.0553],[-73.3467,7.0507],[-73.347,7.0491],[-73.3429,7.04],[-73.3281,7.0316],[-73.3231,7.0314],[-73.3236,7.0366],[-73.3224,7.0396],[-73.3188,7.0428],[-73.3116,7.0447],[-73.3087,7.0497],[-73.308,7.0531],[-73.3099,7.06],[-73.3093,7.0624],[-73.3066,7.067],[-73.3017,7.0824],[-73.2958,7.0962],[-73.2954,7.1016],[-73.2923,7.1076],[-73.2942,7.1089],[-73.296,7.1083],[-73.2998,7.1093],[-73.2966,7.1159],[-73.3022,7.1207]]]}},{"type":"Feature","properties":{"nombre":"Marta","tipo":"vereda","fuente":"DANE","municipio":"Girón","codigo":"68307003","hectareas":7646.6},"geometry":{"type":"Polygon","coordinates":[[[-73.4348,7.1811],[-73.437,7.1813],[-73.4395,7.1791],[-73.4408,7.1813],[-73.4413,7.1783],[-73.4438,7.1782],[-73.4444,7.1741],[-73.4429,7.1722],[-73.4436,7.1698],[-73.4416,7.1664],[-73.4479,7.1657],[-73.4504,7.1641],[-73.4524,7.1674],[-73.4559,7.1691],[-73.4569,7.1642],[-73.4582,7.1626],[-73.4562,7.1621],[-73.4577,7.1595],[-73.4599,7.1586],[-73.4623,7.1588],[-73.4638,7.1635],[-73.4666,7.1613],[-73.4676,7.1687],[-73.4696,7.1705],[-73.4715,7.1676],[-73.4761,7.1639],[-73.4761,7.1671],[-73.4802,7.1695],[-73.4823,7.1695],[-73.4831,7.1635],[-73.4851,7.1667],[-73.4868,7.166],[-73.4878,7.1618],[-73.4894,7.1615],[-73.4923,7.1618],[-73.4925,7.1651],[-73.4989,7.1664],[-73.4989,7.1696],[-73.5004,7.169],[-73.5007,7.167],[-73.5066,7.1681],[-73.5075,7.1661],[-73.5108,7.1691],[-73.5137,7.1655],[-73.5155,7.1665],[-73.5142,7.1693],[-73.5183,7.1699],[-73.5204,7.1678],[-73.5184,7.1666],[-73.519,7.1651],[-73.5217,7.1652],[-73.5225,7.1672],[-73.525,7.1664],[-73.5249,7.1617],[-73.5279,7.1626],[-73.5291,7.1589],[-73.5328,7.1614],[-73.5343,7.1596],[-73.5461,7.157],[-73.5439,7.1549],[-73.5401,7.1559],[-73.5322,7.152],[-73.5233,7.1501],[-73.5187,7.1441],[-73.5097,7.1422],[-73.4981,7.1486],[-73.4914,7.1492],[-73.4871,7.1484],[-73.4838,7.146],[-73.4702,7.1453],[-73.4566,7.1383],[-73.4502,7.1331],[-73.4427,7.1324],[-73.4422,7.1302],[-73.4389,7.1277],[-73.4372,7.1216],[-73.4345,7.1175],[-73.4307,7.1148],[-73.4248,7.1127],[-73.4116,7.1021],[-73.4008,7.0989],[-73.3938,7.0936],[-73.3939,7.0915],[-73.3895,7.0919],[-73.3791,7.0964],[-73.3721,7.1091],[-73.3636,7.1213],[-73.3572,7.1265],[-73.3494,7.1299],[-73.3509,7.1397],[-73.3633,7.1426],[-73.3675,7.1455],[-73.3776,7.1475],[-73.3784,7.1494],[-73.3887,7.1539],[-73.3993,7.1542],[-73.4008,7.1516],[-73.4031,7.1519],[-73.4063,7.1532],[-73.4057,7.155],[-73.4077,7.1577],[-73.4095,7.1568],[-73.4104,7.1626],[-73.4147,7.1566],[-73.4173,7.1506],[-73.4187,7.1509],[-73.4201,7.1535],[-73.4213,7.1517],[-73.4227,7.1523],[-73.4231,7.1554],[-73.4251,7.1528],[-73.4276,7.1532],[-73.4278,7.1543],[-73.4238,7.1579],[-73.4239,7.1609],[-73.4296,7.1622],[-73.4264,7.1651],[-73.4281,7.1687],[-73.4268,7.1702],[-73.4321,7.1748],[-73.4317,7.176],[-73.4299,7.1762],[-73.4306,7.1786],[-73.4318,7.1772],[-73.4331,7.1791],[-73.4347,7.1787],[-73.4348,7.1811]]]}},{"type":"Feature","properties":{"nombre":"Motoso","tipo":"vereda","fuente":"DANE","municipio":"Girón","codigo":"68307011","hectareas":4406.9},"geometry":{"type":"Polygon","coordinates":[[[-73.2721,7.0911],[-73.2764,7.094],[-73.2791,7.0911],[-73.2806,7.0872],[-73.28,7.0741],[-73.2849,7.0662],[-73.2856,7.0629],[-73.283,7.0583],[-73.2829,7.0533],[-73.2878,7.0449],[-73.2907,7.0429],[-73.293,7.0429],[-73.301,7.0454],[-73.3061,7.0436],[-73.3105,7.0461],[-73.3116,7.0447],[-73.3188,7.0428],[-73.3224,7.0396],[-73.3236,7.0366],[-73.3231,7.0314],[-73.3198,7.0291],[-73.2979,7.02],[-73.2947,7.0142],[-73.2887,7.0099],[-73.2841,6.9994],[-73.2751,7.0042],[-73.2611,7.0025],[-73.2559,7.0044],[-73.2531,7.0071],[-73.2495,7.014],[-73.2483,7.0233],[-73.2507,7.0334],[-73.25,7.0378],[-73.2474,7.0388],[-73.2441,7.0433],[-73.2323,7.0451],[-73.2369,7.0495],[-73.2526,7.0524],[-73.2536,7.0597],[-73.2565,7.0629],[-73.2579,7.0624],[-73.2574,7.0689],[-73.2605,7.0702],[-73.2611,7.0803],[-73.26,7.0822],[-73.2612,7.0829],[-73.2621,7.0817],[-73.2654,7.0815],[-73.2645,7.088],[-73.2681,7.0877],[-73.2721,7.0911]]]}},{"type":"Feature","properties":{"nombre":"Palogordo","tipo":"vereda","fuente":"DANE","municipio":"Girón","codigo":"68307012","hectareas":2467.5},"geometry":{"type":"Polygon","coordinates":[[[-73.1147,7.0026],[-73.1213,7.0018],[-73.1272,6.9946],[-73.1301,6.9957],[-73.1348,6.9999],[-73.1438,6.9993],[-73.1467,6.9927],[-73.1515,6.9888],[-73.1535,6.9855],[-73.1532,6.9817],[-73.1487,6.9755],[-73.1501,6.9737],[-73.1554,6.9711],[-73.1619,6.9695],[-73.1557,6.9643],[-73.1521,6.9584],[-73.1495,6.9586],[-73.1488,6.9648],[-73.1419,6.9643],[-73.1381,6.96],[-73.1381,6.9584],[-73.135,6.9541],[-73.1157,6.9443],[-73.1071,6.9412],[-73.1001,6.9335],[-73.0896,6.9397],[-73.0956,6.9438],[-73.1024,6.9452],[-73.1036,6.9497],[-73.107,6.9518],[-73.1069,6.9597],[-73.1084,6.9629],[-73.106,6.9669],[-73.1063,6.9701],[-73.1139,6.9672],[-73.1161,6.9701],[-73.1168,6.9777],[-73.1147,6.9789],[-73.1138,6.9826],[-73.1119,6.9834],[-73.1097,6.9866],[-73.1113,6.9921],[-73.1137,6.9953],[-73.1131,6.9971],[-73.1157,7.0011],[-73.1147,7.0026]]]}},{"type":"Feature","properties":{"nombre":"Pantano","tipo":"vereda","fuente":"DANE","municipio":"Girón","codigo":"68307010","hectareas":5422.2},"geometry":{"type":"Polygon","coordinates":[[[-73.2264,7.0407],[-73.2295,7.041],[-73.2323,7.0451],[-73.2441,7.0433],[-73.2474,7.0388],[-73.2506,7.0366],[-73.2483,7.0233],[-73.2495,7.014],[-73.2531,7.0071],[-73.2559,7.0044],[-73.2611,7.0025],[-73.2751,7.0042],[-73.2841,6.9994],[-73.2784,6.9848],[-73.2652,6.9695],[-73.2631,6.9695],[-73.2612,6.9669],[-73.2566,6.9663],[-73.2518,6.9628],[-73.2392,6.9581],[-73.2293,6.9638],[-73.2236,6.9656],[-73.2201,6.9689],[-73.2201,6.9742],[-73.2174,6.9779],[-73.2162,6.9857],[-73.2147,6.9875],[-73.2022,6.9888],[-73.1999,6.9901],[-73.2073,7.0064],[-73.2071,7.0094],[-73.2041,7.018],[-73.1949,7.0329],[-73.1948,7.0386],[-73.1979,7.0427],[-73.2003,7.0438],[-73.2039,7.0414],[-73.2066,7.0427],[-73.2075,7.0419],[-73.2086,7.0429],[-73.2133,7.0431],[-73.2184,7.0427],[-73.2222,7.0396],[-73.2225,7.0407],[-73.2264,7.0407]]]}},{"type":"Feature","properties":{"nombre":"Peñas","tipo":"vereda","fuente":"DANE","municipio":"Girón","codigo":"68307001","hectareas":877.7},"geometry":{"type":"Polygon","coordinates":[[[-73.1716,6.9977],[-73.1732,7.0022],[-73.1789,7.0063],[-73.185,7.007],[-73.1912,7.0043],[-73.1986,6.9943],[-73.2004,6.9892],[-73.1988,6.9803],[-73.1951,6.9732],[-73.1915,6.9721],[-73.1872,6.9732],[-73.1813,6.981],[-73.1716,6.9855],[-73.1705,6.9866],[-73.1705,6.992],[-73.1716,6.9977]]]}},{"type":"Feature","properties":{"nombre":"Ruitoque","tipo":"vereda","fuente":"DANE","municipio":"Girón","codigo":"68307013","hectareas":7992.0},"geometry":{"type":"Polygon","coordinates":[[[-73.1616,7.1182],[-73.162,7.1218],[-73.1796,7.1263],[-73.181,7.1113],[-73.1827,7.1099],[-73.1844,7.1043],[-73.1887,7.0988],[-73.1971,7.0799],[-73.1964,7.0709],[-73.1998,7.0666],[-73.1979,7.0624],[-73.1992,7.059],[-73.198,7.0519],[-73.2005,7.0488],[-73.1977,7.0454],[-73.2003,7.0438],[-73.1979,7.0427],[-73.1943,7.037],[-73.1964,7.0296],[-73.2041,7.018],[-73.2073,7.0064],[-73.1999,6.9901],[-73.1986,6.9943],[-73.1912,7.0043],[-73.185,7.007],[-73.1769,7.0052],[-73.1732,7.0022],[-73.1716,6.9977],[-73.1651,6.9927],[-73.159,6.9936],[-73.1482,6.9984],[-73.1369,7.0003],[-73.1348,6.9999],[-73.1301,6.9957],[-73.1272,6.9946],[-73.1213,7.0018],[-73.1144,7.0028],[-73.1153,7.0084],[-73.1121,7.0171],[-73.1162,7.0184],[-73.115,7.0217],[-73.1189,7.0248],[-73.1225,7.0301],[-73.1204,7.0318],[-73.1182,7.032],[-73.1185,7.0341],[-73.1199,7.0352],[-73.1251,7.0321],[-73.1269,7.0344],[-73.1267,7.0386],[-73.1249,7.0398],[-73.1259,7.0404],[-73.1265,7.0432],[-73.1289,7.0436],[-73.1293,7.0528],[-73.1314,7.0555],[-73.1327,7.0556],[-73.1344,7.0602],[-73.1277,7.0625],[-73.1271,7.0642],[-73.1238,7.0656],[-73.1231,7.067],[-73.1244,7.0729],[-73.1262,7.0738],[-73.126,7.0755],[-73.1274,7.0757],[-73.1262,7.0773],[-73.1265,7.0813],[-73.1285,7.0812],[-73.128,7.0783],[-73.1299,7.0775],[-73.1307,7.0781],[-73.1301,7.0812],[-73.1336,7.0786],[-73.1371,7.0789],[-73.1392,7.0773],[-73.1435,7.078],[-73.1458,7.0768],[-73.1487,7.0773],[-73.1524,7.0823],[-73.1598,7.0815],[-73.1638,7.0828],[-73.1666,7.0822],[-73.1621,7.0747],[-73.1614,7.07],[-73.1548,7.0727],[-73.1572,7.071],[-73.1559,7.07],[-73.1585,7.0702],[-73.1618,7.0687],[-73.1626,7.0662],[-73.1608,7.0657],[-73.1614,7.0612],[-73.1566,7.0599],[-73.1557,7.0575],[-73.1539,7.0569],[-73.155,7.0555],[-73.1546,7.0566],[-73.1581,7.0569],[-73.1568,7.0567],[-73.1577,7.0554],[-73.1557,7.0549],[-73.1578,7.0548],[-73.157,7.0535],[-73.1599,7.0552],[-73.1612,7.0544],[-73.162,7.0556],[-73.1646,7.0545],[-73.1654,7.0532],[-73.1648,7.0512],[-73.163,7.0521],[-73.1636,7.0509],[-73.1625,7.0506],[-73.1644,7.0494],[-73.1626,7.0485],[-73.1672,7.0478],[-73.1668,7.0454],[-73.1689,7.0456],[-73.1672,7.0479],[-73.1715,7.054],[-73.1743,7.062],[-73.1759,7.0615],[-73.1757,7.0636],[-73.1786,7.0638],[-73.1779,7.0656],[-73.1801,7.0673],[-73.1786,7.0695],[-73.1784,7.0723],[-73.1799,7.075],[-73.1778,7.0766],[-73.1783,7.0782],[-73.1759,7.078],[-73.1767,7.0793],[-73.1788,7.0797],[-73.1803,7.0825],[-73.1762,7.0835],[-73.1758,7.0826],[-73.1756,7.0845],[-73.1714,7.0889],[-73.1723,7.1022],[-73.1657,7.1061],[-73.1653,7.1168],[-73.1643,7.1181],[-73.1626,7.117],[-73.1616,7.1182]]]}},{"type":"Feature","properties":{"nombre":"Sogamoso","tipo":"vereda","fuente":"DANE","municipio":"Girón","codigo":"68307004","hectareas":3796.6},"geometry":{"type":"Polygon","coordinates":[[[-73.3423,7.1231],[-73.3494,7.1299],[-73.3572,7.1265],[-73.3645,7.1201],[-73.3791,7.0964],[-73.3895,7.0919],[-73.3939,7.0915],[-73.3949,7.0887],[-73.3935,7.084],[-73.3863,7.0774],[-73.3794,7.0688],[-73.3729,7.0642],[-73.3543,7.0621],[-73.3479,7.0643],[-73.3431,7.0592],[-73.3386,7.0628],[-73.3362,7.0689],[-73.3337,7.072],[-73.3295,7.0824],[-73.3276,7.0914],[-73.3215,7.1015],[-73.3205,7.107],[-73.3184,7.1114],[-73.3227,7.1127],[-73.3258,7.1162],[-73.3309,7.1168],[-73.3402,7.1206],[-73.3423,7.1231]]]}},{"type":"Feature","properties":{"nombre":"Agure","tipo":"vereda","fuente":"DANE","municipio":"Lebrija","codigo":"68406030","hectareas":786.8},"geometry":{"type":"Polygon","coordinates":[[[-73.1925,7.1815],[-73.1952,7.1806],[-73.1995,7.1819],[-73.2032,7.1908],[-73.2081,7.1929],[-73.2102,7.1905],[-73.2127,7.1903],[-73.2173,7.196],[-73.2203,7.1976],[-73.2217,7.2012],[-73.2251,7.201],[-73.2251,7.199],[-73.2237,7.1987],[-73.2242,7.1938],[-73.2226,7.1933],[-73.2208,7.1881],[-73.2207,7.1848],[-73.2222,7.1819],[-73.2209,7.1773],[-73.2211,7.1713],[-73.2192,7.1711],[-73.2175,7.1746],[-73.2137,7.174],[-73.2113,7.1767],[-73.2084,7.1762],[-73.2114,7.1709],[-73.216,7.1695],[-73.2189,7.1674],[-73.2202,7.1636],[-73.2118,7.1633],[-73.2042,7.1585],[-73.2028,7.1599],[-73.205,7.1665],[-73.2047,7.1691],[-73.2067,7.1711],[-73.2066,7.1743],[-73.2009,7.1695],[-73.1991,7.1698],[-73.1967,7.173],[-73.1911,7.1709],[-73.1901,7.1747],[-73.1925,7.1815]]]}},{"type":"Feature","properties":{"nombre":"Betania","tipo":"vereda","fuente":"DANE","municipio":"Lebrija","codigo":"68406057","hectareas":164.9},"geometry":{"type":"Polygon","coordinates":[[[-73.2241,7.1264],[-73.2285,7.1274],[-73.2286,7.1257],[-73.2267,7.1229],[-73.2287,7.1207],[-73.2294,7.1162],[-73.2281,7.1184],[-73.2263,7.1184],[-73.2242,7.1206],[-73.2236,7.1198],[-73.2239,7.1218],[-73.2229,7.1208],[-73.2211,7.1213],[-73.2217,7.1196],[-73.2196,7.1203],[-73.2143,7.1191],[-73.2147,7.1212],[-73.2143,7.1197],[-73.2129,7.1194],[-73.2131,7.1177],[-73.2144,7.118],[-73.2139,7.1147],[-73.2121,7.1152],[-73.2104,7.1144],[-73.2114,7.1126],[-73.2099,7.1128],[-73.2093,7.1161],[-73.2068,7.1184],[-73.2066,7.1206],[-73.2084,7.121],[-73.2114,7.1243],[-73.2137,7.1237],[-73.2148,7.122],[-73.2172,7.1253],[-73.2189,7.1256],[-73.2193,7.1245],[-73.2205,7.1271],[-73.2241,7.1264]]]}},{"type":"Feature","properties":{"nombre":"Buenavista","tipo":"vereda","fuente":"DANE","municipio":"Lebrija","codigo":"68406023","hectareas":354.2},"geometry":{"type":"Polygon","coordinates":[[[-73.2391,7.1721],[-73.2374,7.1753],[-73.2385,7.1807],[-73.2347,7.1846],[-73.236,7.1861],[-73.2424,7.1837],[-73.2451,7.1855],[-73.2527,7.181],[-73.2604,7.1823],[-73.2612,7.1745],[-73.2649,7.1712],[-73.261,7.1709],[-73.2582,7.1726],[-73.2457,7.1703],[-73.2449,7.1691],[-73.2391,7.1721]]]}},{"type":"Feature","properties":{"nombre":"Candelaria","tipo":"vereda","fuente":"DANE","municipio":"Lebrija","codigo":"68406056","hectareas":350.8},"geometry":{"type":"Polygon","coordinates":[[[-73.2128,7.1393],[-73.2144,7.1391],[-73.2147,7.1405],[-73.2231,7.1398],[-73.2264,7.1381],[-73.2281,7.1367],[-73.2268,7.1336],[-73.2285,7.1274],[-73.2234,7.1264],[-73.2205,7.1271],[-73.2193,7.1245],[-73.2189,7.1256],[-73.2172,7.1253],[-73.2148,7.122],[-73.2125,7.1243],[-73.2092,7.1241],[-73.2058,7.1256],[-73.2048,7.1327],[-73.2088,7.1334],[-73.2098,7.1346],[-73.2086,7.1371],[-73.2122,7.1378],[-73.2128,7.1393]]]}},{"type":"Feature","properties":{"nombre":"Canoas","tipo":"vereda","fuente":"DANE","municipio":"Lebrija","codigo":"68406005","hectareas":510.4},"geometry":{"type":"Polygon","coordinates":[[[-73.3242,7.2162],[-73.3266,7.221],[-73.3333,7.2194],[-73.335,7.2175],[-73.335,7.2156],[-73.3388,7.2107],[-73.3421,7.2008],[-73.3402,7.1938],[-73.3262,7.1935],[-73.3234,7.1946],[-73.322,7.2023],[-73.3219,7.2137],[-73.3242,7.2162]]]}},{"type":"Feature","properties":{"nombre":"Centenario","tipo":"vereda","fuente":"DANE","municipio":"Lebrija","codigo":"68406003","hectareas":1957.9},"geometry":{"type":"Polygon","coordinates":[[[-73.2791,7.2622],[-73.281,7.259],[-73.2843,7.2587],[-73.288,7.256],[-73.2974,7.2547],[-73.3055,7.2566],[-73.3088,7.2624],[-73.3145,7.2635],[-73.3158,7.2533],[-73.3144,7.2519],[-73.3149,7.249],[-73.3216,7.2433],[-73.323,7.2402],[-73.3174,7.2396],[-73.3132,7.2362],[-73.3097,7.2278],[-73.3025,7.2196],[-73.2985,7.213],[-73.2848,7.2148],[-73.2835,7.216],[-73.2794,7.2253],[-73.2791,7.2298],[-73.2803,7.2344],[-73.2785,7.2362],[-73.2779,7.24],[-73.2722,7.2438],[-73.2673,7.2496],[-73.2652,7.2543],[-73.2667,7.2573],[-73.2791,7.2622]]]}},{"type":"Feature","properties":{"nombre":"Cerro de la Aurora","tipo":"vereda","fuente":"DANE","municipio":"Lebrija","codigo":"68406009","hectareas":922.8},"geometry":{"type":"Polygon","coordinates":[[[-73.3102,7.1582],[-73.3141,7.1584],[-73.3267,7.1629],[-73.3283,7.1597],[-73.3336,7.1546],[-73.3362,7.1503],[-73.3368,7.1466],[-73.339,7.1449],[-73.3418,7.1387],[-73.3481,7.1327],[-73.3505,7.1327],[-73.3499,7.1303],[-73.3423,7.1231],[-73.3385,7.1286],[-73.3359,7.1301],[-73.33,7.1331],[-73.3178,7.1367],[-73.3105,7.1493],[-73.3087,7.1554],[-73.3102,7.1582]]]}},{"type":"Feature","properties":{"nombre":"Chinigua","tipo":"vereda","fuente":"DANE","municipio":"Lebrija","codigo":"68406001","hectareas":1665.6},"geometry":{"type":"Polygon","coordinates":[[[-73.2826,7.3017],[-73.2879,7.3038],[-73.2906,7.3004],[-73.2931,7.2995],[-73.2997,7.3011],[-73.3013,7.3018],[-73.303,7.3051],[-73.3063,7.3053],[-73.308,7.3012],[-73.3144,7.295],[-73.3125,7.2822],[-73.3127,7.2747],[-73.314,7.2701],[-73.3158,7.2684],[-73.3145,7.2635],[-73.3088,7.2624],[-73.3055,7.2566],[-73.2974,7.2547],[-73.2912,7.2551],[-73.288,7.256],[-73.2843,7.2587],[-73.281,7.259],[-73.2791,7.2612],[-73.2796,7.2632],[-73.2807,7.2635],[-73.2825,7.271],[-73.287,7.2792],[-73.2857,7.2823],[-73.2808,7.2851],[-73.2801,7.2867],[-73.2798,7.2884],[-73.2835,7.2914],[-73.2828,7.2936],[-73.2835,7.297],[-73.2854,7.297],[-73.2826,7.3017]]]}},{"type":"Feature","properties":{"nombre":"Chuspas","tipo":"vereda","fuente":"DANE","municipio":"Lebrija","codigo":"68406044","hectareas":1741.8},"geometry":{"type":"Polygon","coordinates":[[[-73.3453,7.3781],[-73.3419,7.3814],[-73.3412,7.3837],[-73.3422,7.3892],[-73.3399,7.3935],[-73.3445,7.3951],[-73.348,7.3987],[-73.3482,7.4044],[-73.3492,7.4063],[-73.3471,7.42],[-73.3486,7.4226],[-73.3522,7.4244],[-73.353,7.4267],[-73.3552,7.4274],[-73.3555,7.4234],[-73.3574,7.4222],[-73.3656,7.4241],[-73.3689,7.4236],[-73.3711,7.4208],[-73.3693,7.4163],[-73.3702,7.4132],[-73.3743,7.4111],[-73.3801,7.4117],[-73.3879,7.4075],[-73.3811,7.4003],[-73.3716,7.3959],[-73.3722,7.3939],[-73.371,7.3922],[-73.3723,7.391],[-73.372,7.3899],[-73.3734,7.3894],[-73.3739,7.3918],[-73.3754,7.3922],[-73.3752,7.39],[-73.3809,7.381],[-73.3785,7.3801],[-73.3736,7.3853],[-73.3722,7.3812],[-73.3639,7.3777],[-73.3612,7.3751],[-73.3516,7.3744],[-73.3481,7.3766],[-73.3469,7.3793],[-73.3447,7.38],[-73.3453,7.3781]]]}},{"type":"Feature","properties":{"nombre":"Conchal","tipo":"vereda","fuente":"DANE","municipio":"Lebrija","codigo":"68406050","hectareas":1911.8},"geometry":{"type":"Polygon","coordinates":[[[-73.2769,7.3099],[-73.2789,7.3092],[-73.2796,7.3029],[-73.2826,7.3017],[-73.2854,7.297],[-73.2835,7.297],[-73.2828,7.2936],[-73.2835,7.2914],[-73.2798,7.2884],[-73.2801,7.2867],[-73.2808,7.2851],[-73.2857,7.2823],[-73.287,7.2792],[-73.2825,7.271],[-73.2807,7.2635],[-73.2667,7.2573],[-73.2652,7.2543],[-73.2673,7.2496],[-73.2722,7.2438],[-73.2779,7.24],[-73.2785,7.2362],[-73.2768,7.2343],[-73.2722,7.2334],[-73.2583,7.233],[-73.2488,7.2378],[-73.2507,7.2446],[-73.2494,7.2476],[-73.2506,7.252],[-73.2489,7.2558],[-73.2509,7.2595],[-73.2504,7.2625],[-73.2523,7.2652],[-73.2516,7.2708],[-73.2532,7.2764],[-73.2558,7.2785],[-73.2562,7.2832],[-73.2623,7.2867],[-73.2657,7.2874],[-73.2687,7.2904],[-73.27,7.2954],[-73.2721,7.2969],[-73.2725,7.3022],[-73.276,7.3068],[-73.2769,7.3099]]]}},{"type":"Feature","properties":{"nombre":"Cristal","tipo":"vereda","fuente":"DANE","municipio":"Lebrija","codigo":"68406006","hectareas":1002.8},"geometry":{"type":"Polygon","coordinates":[[[-73.3234,7.1946],[-73.3262,7.1935],[-73.3402,7.1938],[-73.3406,7.1971],[-73.3516,7.1945],[-73.3545,7.1887],[-73.3539,7.1814],[-73.3581,7.1781],[-73.363,7.1774],[-73.3602,7.17],[-73.3566,7.1681],[-73.3525,7.1686],[-73.3498,7.173],[-73.3468,7.1751],[-73.3366,7.1708],[-73.3337,7.1685],[-73.3288,7.1678],[-73.327,7.1685],[-73.3252,7.1701],[-73.3213,7.1809],[-73.3219,7.1911],[-73.3234,7.1946]]]}},{"type":"Feature","properties":{"nombre":"Cuzaman","tipo":"vereda","fuente":"DANE","municipio":"Lebrija","codigo":"68406025","hectareas":498.9},"geometry":{"type":"Polygon","coordinates":[[[-73.2334,7.1705],[-73.2381,7.1708],[-73.2391,7.1721],[-73.2422,7.1708],[-73.2449,7.1691],[-73.2487,7.1614],[-73.2519,7.1586],[-73.2568,7.1573],[-73.2559,7.1506],[-73.2512,7.1506],[-73.2517,7.1464],[-73.249,7.1461],[-73.2436,7.1483],[-73.2389,7.147],[-73.2371,7.143],[-73.2375,7.1394],[-73.2356,7.1398],[-73.2351,7.142],[-73.236,7.1466],[-73.2351,7.1567],[-73.2368,7.1599],[-73.2322,7.1635],[-73.2312,7.167],[-73.2334,7.1705]]]}},{"type":"Feature","properties":{"nombre":"El Libano","tipo":"vereda","fuente":"DANE","municipio":"Lebrija","codigo":"68406010","hectareas":1958.1},"geometry":{"type":"Polygon","coordinates":[[[-73.2846,7.2151],[-73.2985,7.213],[-73.3025,7.2196],[-73.3064,7.2232],[-73.3082,7.2214],[-73.3196,7.2168],[-73.3242,7.2162],[-73.3219,7.2137],[-73.322,7.2023],[-73.3234,7.1946],[-73.3219,7.1911],[-73.321,7.1827],[-73.3225,7.1763],[-73.3252,7.1701],[-73.327,7.1685],[-73.3222,7.167],[-73.3203,7.1648],[-73.3166,7.1649],[-73.3141,7.1676],[-73.2986,7.1673],[-73.2934,7.1761],[-73.2928,7.183],[-73.2899,7.1864],[-73.2901,7.1885],[-73.2929,7.1909],[-73.2912,7.1962],[-73.2916,7.2007],[-73.2845,7.2097],[-73.2846,7.2151]]]}},{"type":"Feature","properties":{"nombre":"El Oso","tipo":"vereda","fuente":"DANE","municipio":"Lebrija","codigo":"68406048","hectareas":1495.9},"geometry":{"type":"Polygon","coordinates":[[[-73.2282,7.2257],[-73.2308,7.2279],[-73.231,7.2317],[-73.2325,7.2315],[-73.2311,7.2224],[-73.2259,7.2175],[-73.2265,7.214],[-73.2287,7.2132],[-73.2297,7.2108],[-73.2246,7.2064],[-73.2256,7.2034],[-73.2251,7.201],[-73.2217,7.2012],[-73.2203,7.1976],[-73.2173,7.196],[-73.2127,7.1903],[-73.2102,7.1905],[-73.2081,7.1929],[-73.2032,7.1908],[-73.1995,7.1819],[-73.1952,7.1806],[-73.1908,7.1823],[-73.1907,7.19],[-73.1894,7.1929],[-73.1874,7.195],[-73.1807,7.1973],[-73.1799,7.199],[-73.1805,7.2042],[-73.1787,7.2077],[-73.1797,7.2089],[-73.1828,7.2094],[-73.1842,7.2112],[-73.1887,7.2111],[-73.1942,7.2166],[-73.2024,7.2198],[-73.2055,7.2189],[-73.2163,7.22],[-73.2188,7.2182],[-73.2212,7.2205],[-73.2219,7.2229],[-73.2257,7.2234],[-73.2282,7.2257]]]}},{"type":"Feature","properties":{"nombre":"El Salado","tipo":"vereda","fuente":"DANE","municipio":"Lebrija","codigo":"68406029","hectareas":309.7},"geometry":{"type":"Polygon","coordinates":[[[-73.1658,7.1729],[-73.17,7.1764],[-73.1751,7.1772],[-73.1759,7.1818],[-73.1745,7.1852],[-73.176,7.1873],[-73.1769,7.1934],[-73.1807,7.1973],[-73.1874,7.195],[-73.1894,7.1929],[-73.1907,7.19],[-73.1908,7.1823],[-73.1831,7.1808],[-73.1802,7.1789],[-73.1786,7.1775],[-73.1768,7.1714],[-73.173,7.1745],[-73.1695,7.174],[-73.1678,7.1722],[-73.1658,7.1729]]]}},{"type":"Feature","properties":{"nombre":"El Tesoro","tipo":"vereda","fuente":"DANE","municipio":"Lebrija","codigo":"68406004","hectareas":515.7},"geometry":{"type":"Polygon","coordinates":[[[-73.3064,7.2232],[-73.3112,7.2304],[-73.3132,7.2362],[-73.3174,7.2396],[-73.323,7.2402],[-73.3243,7.2385],[-73.3364,7.2324],[-73.3386,7.2324],[-73.3377,7.2298],[-73.3359,7.2286],[-73.329,7.2265],[-73.3245,7.2162],[-73.3196,7.2168],[-73.3082,7.2214],[-73.3064,7.2232]]]}},{"type":"Feature","properties":{"nombre":"Hilo","tipo":"vereda","fuente":"DANE","municipio":"Lebrija","codigo":"68406020","hectareas":521.4},"geometry":{"type":"Polygon","coordinates":[[[-73.2437,7.2204],[-73.2443,7.2224],[-73.2468,7.2229],[-73.2466,7.2269],[-73.2489,7.2287],[-73.2483,7.2323],[-73.2493,7.2378],[-73.2588,7.2329],[-73.2594,7.2197],[-73.2621,7.2047],[-73.2603,7.2027],[-73.261,7.1967],[-73.2598,7.1936],[-73.2583,7.1936],[-73.2573,7.1951],[-73.2566,7.2023],[-73.2534,7.204],[-73.2482,7.2108],[-73.2437,7.2204]]]}},{"type":"Feature","properties":{"nombre":"La Aguada","tipo":"vereda","fuente":"DANE","municipio":"Lebrija","codigo":"68406049","hectareas":731.7},"geometry":{"type":"Polygon","coordinates":[[[-73.1642,7.2106],[-73.1707,7.2137],[-73.1717,7.2121],[-73.1754,7.2109],[-73.1787,7.2077],[-73.1805,7.2042],[-73.1799,7.199],[-73.1807,7.1973],[-73.1769,7.1934],[-73.176,7.1873],[-73.1745,7.1852],[-73.1759,7.1818],[-73.1751,7.1772],[-73.17,7.1764],[-73.1651,7.1723],[-73.1621,7.1718],[-73.1606,7.1732],[-73.1614,7.1785],[-73.1586,7.1844],[-73.1564,7.186],[-73.1591,7.1892],[-73.1603,7.1926],[-73.1639,7.1955],[-73.1628,7.2047],[-73.1642,7.2106]]]}},{"type":"Feature","properties":{"nombre":"La Cabaña","tipo":"vereda","fuente":"DANE","municipio":"Lebrija","codigo":"68406038","hectareas":116.2},"geometry":{"type":"Polygon","coordinates":[[[-73.2917,7.113],[-73.2903,7.1198],[-73.2923,7.1201],[-73.2941,7.1227],[-73.3022,7.1207],[-73.2966,7.1159],[-73.2998,7.1093],[-73.296,7.1083],[-73.2938,7.1091],[-73.2917,7.113]]]}},{"type":"Feature","properties":{"nombre":"La Cocinilla","tipo":"vereda","fuente":"DANE","municipio":"Lebrija","codigo":"68406037","hectareas":515.4},"geometry":{"type":"Polygon","coordinates":[[[-73.267,7.146],[-73.2685,7.1481],[-73.2708,7.1479],[-73.2766,7.1451],[-73.2829,7.149],[-73.2854,7.1488],[-73.2865,7.1499],[-73.2893,7.1495],[-73.2916,7.1464],[-73.295,7.1455],[-73.2943,7.1436],[-73.2891,7.1417],[-73.2922,7.1363],[-73.2893,7.1341],[-73.2894,7.1326],[-73.2935,7.1293],[-73.2921,7.126],[-73.2941,7.1227],[-73.2923,7.1201],[-73.2903,7.1198],[-73.2917,7.113],[-73.2888,7.1107],[-73.2832,7.1176],[-73.2832,7.1236],[-73.2804,7.1268],[-73.2819,7.1293],[-73.2826,7.1254],[-73.2834,7.1261],[-73.2817,7.1327],[-73.2773,7.1366],[-73.2751,7.1407],[-73.267,7.146]]]}},{"type":"Feature","properties":{"nombre":"La Cutiga","tipo":"vereda","fuente":"DANE","municipio":"Lebrija","codigo":"68406011","hectareas":803.5},"geometry":{"type":"Polygon","coordinates":[[[-73.2588,7.2329],[-73.2722,7.2334],[-73.2768,7.2343],[-73.2785,7.2362],[-73.2803,7.2344],[-73.279,7.2277],[-73.2808,7.2211],[-73.2846,7.2151],[-73.2844,7.2102],[-73.2675,7.1988],[-73.2643,7.2008],[-73.2615,7.2064],[-73.2594,7.2197],[-73.2588,7.2329]]]}},{"type":"Feature","properties":{"nombre":"La Esmeralda","tipo":"vereda","fuente":"DANE","municipio":"Lebrija","codigo":"68406027","hectareas":259.9},"geometry":{"type":"Polygon","coordinates":[[[-73.2248,7.1506],[-73.2253,7.1496],[-73.2291,7.1484],[-73.2349,7.1518],[-73.236,7.1475],[-73.2356,7.1398],[-73.2311,7.1387],[-73.2281,7.1367],[-73.2231,7.1398],[-73.2147,7.1405],[-73.2134,7.1479],[-73.2171,7.1479],[-73.2248,7.1506]]]}},{"type":"Feature","properties":{"nombre":"La Estrella","tipo":"vereda","fuente":"DANE","municipio":"Lebrija","codigo":"68406043","hectareas":5256.0},"geometry":{"type":"Polygon","coordinates":[[[-73.3453,7.3781],[-73.3447,7.38],[-73.3469,7.3793],[-73.3481,7.3766],[-73.3516,7.3744],[-73.3612,7.3751],[-73.3639,7.3777],[-73.3722,7.3812],[-73.3736,7.3853],[-73.3785,7.3801],[-73.3809,7.381],[-73.3819,7.3785],[-73.3813,7.3747],[-73.3794,7.3741],[-73.3761,7.3695],[-73.3743,7.3691],[-73.3749,7.3717],[-73.3729,7.3724],[-73.373,7.374],[-73.37,7.3724],[-73.372,7.3676],[-73.3711,7.3657],[-73.3744,7.3626],[-73.3729,7.3618],[-73.3714,7.3641],[-73.3692,7.3631],[-73.3719,7.3607],[-73.3688,7.3572],[-73.3689,7.3559],[-73.3739,7.3551],[-73.3744,7.3539],[-73.3727,7.3529],[-73.3713,7.3538],[-73.3717,7.3523],[-73.3689,7.3513],[-73.3689,7.3499],[-73.37,7.3507],[-73.3703,7.3499],[-73.368,7.3483],[-73.3693,7.3483],[-73.3696,7.3472],[-73.3676,7.3466],[-73.3688,7.3405],[-73.3672,7.3386],[-73.3666,7.3396],[-73.367,7.3359],[-73.3654,7.3364],[-73.3663,7.334],[-73.3683,7.3335],[-73.3675,7.3316],[-73.3686,7.3315],[-73.3674,7.3297],[-73.3692,7.3298],[-73.3719,7.3269],[-73.3713,7.3256],[-73.3701,7.3261],[-73.3705,7.3252],[-73.3695,7.3256],[-73.369,7.3239],[-73.3701,7.3215],[-73.3691,7.321],[-73.3702,7.3199],[-73.3694,7.3187],[-73.3705,7.3179],[-73.3691,7.3179],[-73.369,7.3164],[-73.3696,7.3151],[-73.3707,7.3156],[-73.3695,7.3139],[-73.3707,7.314],[-73.3709,7.3129],[-73.3674,7.31],[-73.3635,7.3027],[-73.3603,7.3022],[-73.3614,7.2987],[-73.361,7.2948],[-73.36,7.2945],[-73.3607,7.2924],[-73.3578,7.29],[-73.3572,7.2868],[-73.3555,7.2845],[-73.3615,7.2703],[-73.3629,7.2698],[-73.3623,7.2668],[-73.3654,7.2633],[-73.3678,7.2566],[-73.3716,7.2556],[-73.3757,7.2464],[-73.378,7.2443],[-73.3782,7.2421],[-73.3815,7.2395],[-73.3814,7.2362],[-73.3836,7.2344],[-73.3851,7.2303],[-73.3865,7.2297],[-73.3838,7.2275],[-73.3783,7.2291],[-73.3755,7.235],[-73.3734,7.2365],[-73.3682,7.2368],[-73.3653,7.2388],[-73.3647,7.2458],[-73.3601,7.2502],[-73.3583,7.2589],[-73.3552,7.2608],[-73.3537,7.2633],[-73.349,7.2652],[-73.3472,7.2676],[-73.3403,7.2691],[-73.3336,7.2689],[-73.3289,7.2704],[-73.3265,7.2724],[-73.3265,7.2748],[-73.3235,7.2755],[-73.3225,7.271],[-73.3177,7.2682],[-73.314,7.2701],[-73.313,7.2725],[-73.3125,7.2822],[-73.315,7.2969],[-73.3175,7.296],[-73.3214,7.2891],[-73.3232,7.2878],[-73.3249,7.2884],[-73.3269,7.2915],[-73.3279,7.298],[-73.3269,7.3243],[-73.3289,7.3254],[-73.3276,7.3353],[-73.3398,7.336],[-73.3466,7.3383],[-73.3462,7.3452],[-73.34,7.3535],[-73.3411,7.3554],[-73.3454,7.3574],[-73.3457,7.3664],[-73.3486,7.3735],[-73.3453,7.3781]]]}},{"type":"Feature","properties":{"nombre":"La Floresta","tipo":"vereda","fuente":"DANE","municipio":"Lebrija","codigo":"68406012","hectareas":556.6},"geometry":{"type":"Polygon","coordinates":[[[-73.2713,7.2012],[-73.2844,7.2102],[-73.2916,7.2007],[-73.2912,7.1962],[-73.2929,7.1909],[-73.2901,7.1885],[-73.2899,7.1864],[-73.2928,7.183],[-73.2925,7.1815],[-73.2898,7.1813],[-73.2862,7.1768],[-73.2818,7.1763],[-73.2782,7.1788],[-73.2772,7.1883],[-73.2723,7.1974],[-73.2713,7.2012]]]}},{"type":"Feature","properties":{"nombre":"La Girona","tipo":"vereda","fuente":"DANE","municipio":"Lebrija","codigo":"68406042","hectareas":3139.6},"geometry":{"type":"Polygon","coordinates":[[[-73.3386,7.2324],[-73.3406,7.2335],[-73.3475,7.2328],[-73.351,7.2341],[-73.3558,7.2339],[-73.355,7.2427],[-73.3594,7.2467],[-73.3601,7.2502],[-73.3647,7.2458],[-73.3653,7.2388],[-73.3682,7.2368],[-73.3734,7.2365],[-73.3755,7.235],[-73.3797,7.2282],[-73.3838,7.2275],[-73.387,7.2293],[-73.3881,7.2247],[-73.3913,7.221],[-73.3916,7.2184],[-73.3937,7.2178],[-73.3938,7.2148],[-73.3988,7.2066],[-73.3943,7.2016],[-73.3857,7.1986],[-73.3846,7.1969],[-73.3869,7.1909],[-73.385,7.1882],[-73.3804,7.1882],[-73.3738,7.1914],[-73.3707,7.1908],[-73.3693,7.1892],[-73.3677,7.1818],[-73.363,7.1774],[-73.3581,7.1781],[-73.3539,7.1814],[-73.3545,7.1887],[-73.3516,7.1945],[-73.3406,7.1971],[-73.3421,7.2008],[-73.3388,7.2107],[-73.335,7.2156],[-73.335,7.2175],[-73.3333,7.2194],[-73.3266,7.221],[-73.329,7.2265],[-73.3359,7.2286],[-73.3377,7.2298],[-73.3386,7.2324]]]}},{"type":"Feature","properties":{"nombre":"La Laguna","tipo":"vereda","fuente":"DANE","municipio":"Lebrija","codigo":"68406055","hectareas":805.7},"geometry":{"type":"Polygon","coordinates":[[[-73.2117,7.1076],[-73.2123,7.1083],[-73.2137,7.1061],[-73.2158,7.1052],[-73.2175,7.1006],[-73.223,7.0987],[-73.2326,7.0985],[-73.2335,7.0911],[-73.2323,7.0892],[-73.2297,7.0862],[-73.2229,7.0826],[-73.219,7.079],[-73.2152,7.0794],[-73.2054,7.0847],[-73.2013,7.0832],[-73.1982,7.085],[-73.1979,7.0865],[-73.1994,7.0877],[-73.1998,7.0906],[-73.1974,7.0998],[-73.2033,7.1046],[-73.2094,7.1054],[-73.2092,7.1074],[-73.2117,7.1076]]]}},{"type":"Feature","properties":{"nombre":"La Puente","tipo":"vereda","fuente":"DANE","municipio":"Lebrija","codigo":"68406033","hectareas":1533.3},"geometry":{"type":"Polygon","coordinates":[[[-73.1947,7.0859],[-73.1979,7.0865],[-73.1982,7.085],[-73.2013,7.0832],[-73.2054,7.0847],[-73.2152,7.0794],[-73.219,7.079],[-73.2215,7.0814],[-73.2204,7.0778],[-73.221,7.0755],[-73.2248,7.0749],[-73.2302,7.0764],[-73.2339,7.073],[-73.2347,7.0685],[-73.2392,7.0644],[-73.2355,7.061],[-73.2263,7.0577],[-73.2272,7.0495],[-73.2264,7.0407],[-73.2225,7.0407],[-73.2222,7.0396],[-73.2184,7.0427],[-73.2133,7.0431],[-73.2086,7.0429],[-73.2075,7.0419],[-73.2066,7.0427],[-73.2039,7.0414],[-73.1979,7.0445],[-73.1978,7.0463],[-73.2005,7.0488],[-73.1979,7.053],[-73.1992,7.0588],[-73.1979,7.0624],[-73.1998,7.0666],[-73.1965,7.0707],[-73.1972,7.0798],[-73.1947,7.0859]]]}},{"type":"Feature","properties":{"nombre":"La Renta","tipo":"vereda","fuente":"DANE","municipio":"Lebrija","codigo":"68406039","hectareas":630.3},"geometry":{"type":"Polygon","coordinates":[[[-73.3115,7.1203],[-73.3094,7.1256],[-73.3094,7.1293],[-73.3122,7.1343],[-73.3114,7.1365],[-73.3159,7.1397],[-73.3178,7.1367],[-73.33,7.1331],[-73.3385,7.1286],[-73.3423,7.1231],[-73.3402,7.1206],[-73.3309,7.1168],[-73.3258,7.1162],[-73.3227,7.1127],[-73.319,7.1123],[-73.3178,7.1108],[-73.3164,7.114],[-73.3163,7.118],[-73.3148,7.1203],[-73.3115,7.1203]]]}},{"type":"Feature","properties":{"nombre":"La Victoria","tipo":"vereda","fuente":"DANE","municipio":"Lebrija","codigo":"68406021","hectareas":426.7},"geometry":{"type":"Polygon","coordinates":[[[-73.228,7.198],[-73.2303,7.199],[-73.2306,7.2018],[-73.2322,7.2025],[-73.2408,7.2025],[-73.2441,7.2047],[-73.2443,7.2114],[-73.2414,7.2169],[-73.2437,7.2204],[-73.2482,7.2108],[-73.2534,7.204],[-73.2566,7.2023],[-73.2573,7.1951],[-73.2583,7.1936],[-73.2598,7.1936],[-73.2598,7.1918],[-73.2558,7.1899],[-73.2507,7.1899],[-73.2475,7.1932],[-73.2424,7.1942],[-73.2393,7.197],[-73.2335,7.1955],[-73.2287,7.1962],[-73.228,7.198]]]}},{"type":"Feature","properties":{"nombre":"Lisboa","tipo":"vereda","fuente":"DANE","municipio":"Lebrija","codigo":"68406036","hectareas":1255.1},"geometry":{"type":"Polygon","coordinates":[[[-73.2805,7.1772],[-73.2818,7.1763],[-73.2862,7.1768],[-73.2898,7.1813],[-73.2925,7.1815],[-73.2934,7.1761],[-73.2986,7.1673],[-73.3085,7.1669],[-73.3079,7.1608],[-73.3083,7.1591],[-73.3102,7.1582],[-73.3087,7.1554],[-73.3093,7.153],[-73.3117,7.1466],[-73.3158,7.1414],[-73.3159,7.1397],[-73.3114,7.1365],[-73.3122,7.1343],[-73.3094,7.1293],[-73.3094,7.1256],[-73.3115,7.1203],[-73.2982,7.1214],[-73.2941,7.1227],[-73.2924,7.1247],[-73.2922,7.127],[-73.2935,7.1293],[-73.2906,7.131],[-73.2893,7.1341],[-73.2922,7.1363],[-73.2891,7.1417],[-73.2926,7.1436],[-73.2954,7.1436],[-73.2967,7.1449],[-73.2965,7.1465],[-73.2912,7.1492],[-73.2897,7.1536],[-73.2906,7.1606],[-73.2887,7.1663],[-73.2844,7.1699],[-73.2805,7.1772]]]}},{"type":"Feature","properties":{"nombre":"Llaneras","tipo":"vereda","fuente":"DANE","municipio":"Lebrija","codigo":"68406051","hectareas":1442.3},"geometry":{"type":"Polygon","coordinates":[[[-73.1658,7.1729],[-73.1678,7.1722],[-73.1695,7.174],[-73.173,7.1745],[-73.1768,7.1714],[-73.1786,7.1775],[-73.1802,7.1789],[-73.1831,7.1808],[-73.1908,7.1823],[-73.1925,7.1815],[-73.1901,7.1747],[-73.1911,7.1709],[-73.1967,7.173],[-73.1991,7.1698],[-73.2009,7.1695],[-73.2066,7.1743],[-73.2067,7.1711],[-73.2047,7.1691],[-73.205,7.1665],[-73.2028,7.1599],[-73.2042,7.1585],[-73.2039,7.1571],[-73.1957,7.1525],[-73.1944,7.1496],[-73.1923,7.1493],[-73.1907,7.1455],[-73.1863,7.1413],[-73.1769,7.1404],[-73.1735,7.1464],[-73.1675,7.149],[-73.1648,7.1514],[-73.1643,7.154],[-73.1593,7.1612],[-73.1594,7.166],[-73.1613,7.1688],[-73.1609,7.1722],[-73.1658,7.1729]]]}},{"type":"Feature","properties":{"nombre":"Mirabel","tipo":"vereda","fuente":"DANE","municipio":"Lebrija","codigo":"68406015","hectareas":417.8},"geometry":{"type":"Polygon","coordinates":[[[-73.2446,7.1188],[-73.2444,7.1197],[-73.2462,7.1206],[-73.2499,7.1191],[-73.2512,7.1196],[-73.2531,7.1234],[-73.2553,7.1251],[-73.2569,7.1306],[-73.2585,7.1321],[-73.2637,7.1316],[-73.2642,7.1304],[-73.2665,7.1298],[-73.2678,7.1309],[-73.2711,7.1293],[-73.2701,7.1199],[-73.2724,7.1131],[-73.2695,7.1104],[-73.2646,7.1119],[-73.2608,7.1108],[-73.2571,7.1112],[-73.2545,7.1164],[-73.25,7.1159],[-73.2477,7.1188],[-73.2446,7.1188]]]}},{"type":"Feature","properties":{"nombre":"Montevideo","tipo":"vereda","fuente":"DANE","municipio":"Lebrija","codigo":"68406046","hectareas":2596.7},"geometry":{"type":"Polygon","coordinates":[[[-73.2864,7.3356],[-73.2905,7.3358],[-73.293,7.3378],[-73.2964,7.346],[-73.3037,7.3449],[-73.3068,7.3464],[-73.309,7.3497],[-73.3129,7.3506],[-73.3183,7.3478],[-73.3196,7.3444],[-73.3241,7.3425],[-73.3259,7.337],[-73.3276,7.3353],[-73.3289,7.3254],[-73.3269,7.3243],[-73.3279,7.298],[-73.3269,7.2915],[-73.3249,7.2884],[-73.3232,7.2878],[-73.3214,7.2891],[-73.3175,7.296],[-73.315,7.2969],[-73.3144,7.295],[-73.313,7.2957],[-73.308,7.3012],[-73.3063,7.3053],[-73.303,7.3051],[-73.3013,7.3018],[-73.2997,7.3011],[-73.2931,7.2995],[-73.2906,7.3004],[-73.2879,7.3038],[-73.2826,7.3017],[-73.2796,7.3029],[-73.2789,7.3092],[-73.2769,7.3099],[-73.2764,7.3147],[-73.2781,7.3179],[-73.2803,7.33],[-73.2825,7.3332],[-73.2864,7.3356]]]}},{"type":"Feature","properties":{"nombre":"No Info","tipo":"vereda","fuente":"DANE","municipio":"Lebrija","codigo":"68406017","hectareas":87.1},"geometry":{"type":"Polygon","coordinates":[[[-73.2693,7.171],[-73.2689,7.1725],[-73.2708,7.1764],[-73.2746,7.1767],[-73.2754,7.1784],[-73.2776,7.1777],[-73.2775,7.1753],[-73.2795,7.1713],[-73.2789,7.1691],[-73.2747,7.1699],[-73.2718,7.1688],[-73.2693,7.171]]]}},{"type":"Feature","properties":{"nombre":"No Info","tipo":"vereda","fuente":"DANE","municipio":"Lebrija","codigo":"68406026","hectareas":481.4},"geometry":{"type":"Polygon","coordinates":[[[-73.2202,7.1636],[-73.2189,7.1674],[-73.216,7.1695],[-73.2114,7.1709],[-73.2085,7.1755],[-73.2087,7.1768],[-73.2113,7.1767],[-73.2137,7.174],[-73.2175,7.1746],[-73.2186,7.1718],[-73.2202,7.171],[-73.2211,7.1713],[-73.2213,7.1762],[-73.2227,7.1753],[-73.2291,7.1757],[-73.2334,7.1705],[-73.2312,7.168],[-73.2322,7.1635],[-73.2368,7.1599],[-73.2351,7.1567],[-73.2349,7.1518],[-73.2291,7.1484],[-73.2253,7.1496],[-73.2249,7.1523],[-73.218,7.1547],[-73.2181,7.1599],[-73.2208,7.1609],[-73.2202,7.1636]]]}},{"type":"Feature","properties":{"nombre":"No Info","tipo":"vereda","fuente":"DANE","municipio":"Lebrija","codigo":"68406028","hectareas":678.3},"geometry":{"type":"Polygon","coordinates":[[[-73.2326,7.0985],[-73.2372,7.1016],[-73.2411,7.1018],[-73.2437,7.1006],[-73.2468,7.0958],[-73.2471,7.0849],[-73.2423,7.0714],[-73.2464,7.0614],[-73.2458,7.0602],[-73.2438,7.0607],[-73.2347,7.0685],[-73.2339,7.073],[-73.2319,7.0756],[-73.2288,7.0764],[-73.2234,7.0749],[-73.2204,7.0763],[-73.2209,7.0808],[-73.2297,7.0862],[-73.2335,7.0911],[-73.2326,7.0985]]]}},{"type":"Feature","properties":{"nombre":"Piedras Negras","tipo":"vereda","fuente":"DANE","municipio":"Lebrija","codigo":"68406034","hectareas":291.1},"geometry":{"type":"Polygon","coordinates":[[[-73.2264,7.0407],[-73.2272,7.0495],[-73.2263,7.0577],[-73.2355,7.061],[-73.2392,7.0644],[-73.242,7.0622],[-73.242,7.0587],[-73.2402,7.0565],[-73.2482,7.0518],[-73.2369,7.0495],[-73.2335,7.0471],[-73.2295,7.041],[-73.2264,7.0407]]]}},{"type":"Feature","properties":{"nombre":"Portugal","tipo":"vereda","fuente":"DANE","municipio":"Lebrija","codigo":"68406013","hectareas":658.7},"geometry":{"type":"Polygon","coordinates":[[[-73.2776,7.1777],[-73.2782,7.1788],[-73.2805,7.1772],[-73.2844,7.1699],[-73.2887,7.1663],[-73.2906,7.1606],[-73.2897,7.1536],[-73.2912,7.1492],[-73.2965,7.1465],[-73.2967,7.1449],[-73.2954,7.1436],[-73.2943,7.1436],[-73.295,7.1455],[-73.2916,7.1464],[-73.2883,7.1498],[-73.2829,7.149],[-73.2766,7.1451],[-73.2708,7.1479],[-73.2685,7.1481],[-73.266,7.1458],[-73.2618,7.1465],[-73.2597,7.1481],[-73.26,7.151],[-73.2587,7.1536],[-73.2597,7.1572],[-73.2623,7.1588],[-73.2759,7.1604],[-73.2769,7.1613],[-73.2797,7.1692],[-73.2775,7.1753],[-73.2776,7.1777]]]}},{"type":"Feature","properties":{"nombre":"Puyana","tipo":"vereda","fuente":"DANE","municipio":"Lebrija","codigo":"68406031","hectareas":365.4},"geometry":{"type":"Polygon","coordinates":[[[-73.2042,7.1585],[-73.2118,7.1633],[-73.2202,7.1636],[-73.2208,7.1609],[-73.2181,7.1599],[-73.218,7.1547],[-73.2249,7.1523],[-73.2248,7.1506],[-73.2171,7.1479],[-73.2134,7.1479],[-73.2147,7.1405],[-73.2144,7.1391],[-73.2128,7.1393],[-73.2106,7.1437],[-73.2023,7.1486],[-73.2001,7.1511],[-73.1998,7.1541],[-73.2039,7.1571],[-73.2042,7.1585]]]}},{"type":"Feature","properties":{"nombre":"Rio Sucio Bajo","tipo":"vereda","fuente":"DANE","municipio":"Lebrija","codigo":"68406007","hectareas":379.5},"geometry":{"type":"Polygon","coordinates":[[[-73.327,7.1685],[-73.3288,7.1678],[-73.3337,7.1685],[-73.3366,7.1708],[-73.3468,7.1751],[-73.3498,7.173],[-73.3525,7.1686],[-73.3587,7.1686],[-73.3594,7.1657],[-73.3606,7.1652],[-73.3588,7.1633],[-73.3522,7.1652],[-73.3411,7.1641],[-73.3379,7.1659],[-73.3308,7.1667],[-73.3268,7.163],[-73.3141,7.1584],[-73.3083,7.1591],[-73.3078,7.1661],[-73.3092,7.1678],[-73.3141,7.1676],[-73.3166,7.1649],[-73.3203,7.1648],[-73.3222,7.167],[-73.327,7.1685]]]}},{"type":"Feature","properties":{"nombre":"Rios Sucio Alto","tipo":"vereda","fuente":"DANE","municipio":"Lebrija","codigo":"68406008","hectareas":888.3},"geometry":{"type":"Polygon","coordinates":[[[-73.3267,7.1629],[-73.3308,7.1667],[-73.3379,7.1659],[-73.3411,7.1641],[-73.3522,7.1652],[-73.3588,7.1633],[-73.3606,7.1652],[-73.3613,7.1642],[-73.3585,7.1599],[-73.3591,7.1569],[-73.3597,7.1551],[-73.3653,7.1509],[-73.3663,7.1479],[-73.3633,7.1449],[-73.3637,7.1428],[-73.3518,7.1406],[-73.3502,7.1384],[-73.3505,7.1327],[-73.3481,7.1327],[-73.3418,7.1387],[-73.339,7.1449],[-73.3368,7.1466],[-73.3362,7.1503],[-73.3336,7.1546],[-73.3283,7.1597],[-73.3267,7.1629]]]}},{"type":"Feature","properties":{"nombre":"San Carriel","tipo":"vereda","fuente":"DANE","municipio":"Lebrija","codigo":"68406035","hectareas":486.8},"geometry":{"type":"Polygon","coordinates":[[[-73.2724,7.1131],[-73.2797,7.1144],[-73.2838,7.1168],[-73.2881,7.1122],[-73.2884,7.1107],[-73.2917,7.113],[-73.2938,7.1091],[-73.2867,7.1056],[-73.286,7.1036],[-73.2773,7.0943],[-73.2721,7.0911],[-73.2712,7.0942],[-73.2699,7.095],[-73.2621,7.096],[-73.2631,7.0986],[-73.2613,7.1014],[-73.2635,7.1022],[-73.265,7.1005],[-73.2665,7.1023],[-73.2686,7.1028],[-73.2675,7.1075],[-73.2638,7.1116],[-73.2695,7.1104],[-73.2724,7.1131]]]}},{"type":"Feature","properties":{"nombre":"San Joaquin","tipo":"vereda","fuente":"DANE","municipio":"Lebrija","codigo":"68406018","hectareas":500.8},"geometry":{"type":"Polygon","coordinates":[[[-73.2598,7.1936],[-73.261,7.1967],[-73.2603,7.2027],[-73.2621,7.2047],[-73.2666,7.1991],[-73.2713,7.2012],[-73.2723,7.1974],[-73.2772,7.1883],[-73.2782,7.1788],[-73.2776,7.1777],[-73.2754,7.1784],[-73.2746,7.1767],[-73.2708,7.1764],[-73.2689,7.1725],[-73.2693,7.171],[-73.2644,7.1714],[-73.2612,7.1745],[-73.2602,7.1789],[-73.2608,7.1836],[-73.2598,7.1936]]]}},{"type":"Feature","properties":{"nombre":"San Lorenzo","tipo":"vereda","fuente":"DANE","municipio":"Lebrija","codigo":"68406019","hectareas":428.2},"geometry":{"type":"Polygon","coordinates":[[[-73.2449,7.1691],[-73.2457,7.1703],[-73.2582,7.1726],[-73.261,7.1709],[-73.2693,7.171],[-73.2718,7.1688],[-73.2747,7.1699],[-73.2768,7.169],[-73.2796,7.17],[-73.2797,7.1692],[-73.2759,7.1604],[-73.2623,7.1588],[-73.2595,7.1568],[-73.2586,7.1581],[-73.2568,7.1573],[-73.2519,7.1586],[-73.2477,7.1626],[-73.2476,7.165],[-73.2449,7.1691]]]}},{"type":"Feature","properties":{"nombre":"San Nicolas Alto","tipo":"vereda","fuente":"DANE","municipio":"Lebrija","codigo":"68406016","hectareas":534.3},"geometry":{"type":"Polygon","coordinates":[[[-73.2568,7.1573],[-73.2586,7.1581],[-73.2595,7.1568],[-73.2587,7.1536],[-73.2602,7.1476],[-73.2618,7.1465],[-73.267,7.146],[-73.271,7.1437],[-73.2668,7.1398],[-73.2673,7.1354],[-73.2636,7.1339],[-73.2637,7.1316],[-73.2501,7.1332],[-73.2455,7.1379],[-73.2438,7.1372],[-73.2431,7.1349],[-73.2389,7.1357],[-73.2371,7.1422],[-73.2383,7.1465],[-73.2436,7.1483],[-73.249,7.1461],[-73.2517,7.1464],[-73.2512,7.1506],[-73.2559,7.1506],[-73.2568,7.1573]]]}},{"type":"Feature","properties":{"nombre":"San Nicolas Bajo","tipo":"vereda","fuente":"DANE","municipio":"Lebrija","codigo":"68406052","hectareas":644.8},"geometry":{"type":"Polygon","coordinates":[[[-73.2272,7.1354],[-73.2311,7.1387],[-73.2356,7.1398],[-73.2375,7.1394],[-73.2389,7.1357],[-73.2418,7.1345],[-73.2455,7.1379],[-73.2501,7.1332],[-73.2585,7.1321],[-73.2569,7.1306],[-73.2553,7.1251],[-73.2531,7.1234],[-73.2512,7.1196],[-73.2499,7.1191],[-73.2462,7.1206],[-73.2444,7.1197],[-73.2437,7.1158],[-73.2388,7.1137],[-73.2348,7.1157],[-73.23,7.1156],[-73.2292,7.1165],[-73.2287,7.1207],[-73.2267,7.1229],[-73.2286,7.1257],[-73.2272,7.1354]]]}},{"type":"Feature","properties":{"nombre":"San Pablo","tipo":"vereda","fuente":"DANE","municipio":"Lebrija","codigo":"68406053","hectareas":1161.8},"geometry":{"type":"Polygon","coordinates":[[[-73.1828,7.1412],[-73.1851,7.1409],[-73.1853,7.1391],[-73.1898,7.1387],[-73.1923,7.1362],[-73.1928,7.1353],[-73.1911,7.1291],[-73.1918,7.1271],[-73.1931,7.1265],[-73.1985,7.1306],[-73.2039,7.1329],[-73.2048,7.1327],[-73.2058,7.1256],[-73.2114,7.1243],[-73.2062,7.1198],[-73.2096,7.115],[-73.2099,7.1128],[-73.2081,7.111],[-73.21,7.1081],[-73.2094,7.1054],[-73.2033,7.1046],[-73.1974,7.0998],[-73.1998,7.0906],[-73.1994,7.0877],[-73.1979,7.0865],[-73.1947,7.0859],[-73.1887,7.0988],[-73.1841,7.1049],[-73.1827,7.1099],[-73.181,7.1113],[-73.1796,7.1212],[-73.1805,7.1241],[-73.1795,7.1259],[-73.1836,7.1369],[-73.1769,7.1404],[-73.1828,7.1412]]]}},{"type":"Feature","properties":{"nombre":"San Pacho","tipo":"vereda","fuente":"DANE","municipio":"Lebrija","codigo":"68406024","hectareas":305.1},"geometry":{"type":"Polygon","coordinates":[[[-73.2213,7.1762],[-73.2222,7.1819],[-73.2207,7.1848],[-73.2208,7.1881],[-73.2226,7.1933],[-73.2242,7.1938],[-73.2297,7.1873],[-73.236,7.1861],[-73.2347,7.1846],[-73.2385,7.1807],[-73.2374,7.1753],[-73.2391,7.1721],[-73.2381,7.1708],[-73.2342,7.1701],[-73.2291,7.1757],[-73.2227,7.1753],[-73.2213,7.1762]]]}},{"type":"Feature","properties":{"nombre":"San Reinito","tipo":"vereda","fuente":"DANE","municipio":"Lebrija","codigo":"68406014","hectareas":425.8},"geometry":{"type":"Polygon","coordinates":[[[-73.2637,7.1316],[-73.2636,7.1339],[-73.2678,7.136],[-73.2668,7.1398],[-73.2676,7.1414],[-73.271,7.1437],[-73.272,7.1433],[-73.2751,7.1407],[-73.2773,7.1366],[-73.2796,7.1355],[-73.2828,7.1305],[-73.2833,7.1257],[-73.2825,7.1257],[-73.2822,7.1292],[-73.2804,7.1268],[-73.2832,7.1236],[-73.2838,7.1168],[-73.2797,7.1144],[-73.2724,7.1131],[-73.2701,7.1199],[-73.2711,7.1293],[-73.2678,7.1309],[-73.2665,7.1298],[-73.2642,7.1304],[-73.2637,7.1316]]]}},{"type":"Feature","properties":{"nombre":"San Silvestre","tipo":"vereda","fuente":"DANE","municipio":"Lebrija","codigo":"68406040","hectareas":1664.6},"geometry":{"type":"Polygon","coordinates":[[[-73.363,7.1774],[-73.3677,7.1818],[-73.3693,7.1892],[-73.3707,7.1908],[-73.3738,7.1914],[-73.3804,7.1882],[-73.385,7.1882],[-73.3853,7.1845],[-73.3914,7.1822],[-73.4003,7.1697],[-73.4011,7.1608],[-73.4074,7.1589],[-73.4076,7.1576],[-73.4057,7.155],[-73.4063,7.1532],[-73.4012,7.1515],[-73.3993,7.1542],[-73.3887,7.1539],[-73.3784,7.1494],[-73.3776,7.1475],[-73.3675,7.1455],[-73.3637,7.1428],[-73.3633,7.1449],[-73.3663,7.1479],[-73.3653,7.1509],[-73.3597,7.1551],[-73.3585,7.1588],[-73.3613,7.1642],[-73.3594,7.1657],[-73.3587,7.1686],[-73.3621,7.1738],[-73.363,7.1774]]]}},{"type":"Feature","properties":{"nombre":"Santa Rosa","tipo":"vereda","fuente":"DANE","municipio":"Lebrija","codigo":"68406032","hectareas":455.1},"geometry":{"type":"Polygon","coordinates":[[[-73.1851,7.1409],[-73.1892,7.1437],[-73.1923,7.1493],[-73.1944,7.1496],[-73.1957,7.1525],[-73.1998,7.1541],[-73.2011,7.1496],[-73.2106,7.1437],[-73.2128,7.1393],[-73.2122,7.1378],[-73.2086,7.1371],[-73.2098,7.1346],[-73.2088,7.1334],[-73.2039,7.1329],[-73.1985,7.1306],[-73.1931,7.1265],[-73.1911,7.1291],[-73.1928,7.1353],[-73.1898,7.1387],[-73.1848,7.1394],[-73.1851,7.1409]]]}},{"type":"Feature","properties":{"nombre":"Santo Domingo","tipo":"vereda","fuente":"DANE","municipio":"Lebrija","codigo":"68406054","hectareas":1718.4},"geometry":{"type":"Polygon","coordinates":[[[-73.2464,7.1189],[-73.2477,7.1188],[-73.25,7.1159],[-73.2545,7.1164],[-73.2571,7.1112],[-73.2638,7.1116],[-73.2675,7.1075],[-73.2686,7.1028],[-73.2665,7.1023],[-73.265,7.1005],[-73.2641,7.102],[-73.2618,7.102],[-73.2613,7.1002],[-73.2631,7.0986],[-73.2621,7.096],[-73.2699,7.095],[-73.2712,7.0942],[-73.2721,7.0911],[-73.2681,7.0877],[-73.2645,7.088],[-73.2654,7.0815],[-73.2621,7.0817],[-73.2612,7.0829],[-73.26,7.0822],[-73.2611,7.0803],[-73.2605,7.0702],[-73.2574,7.0689],[-73.2579,7.0624],[-73.2565,7.0629],[-73.2536,7.0597],[-73.252,7.0519],[-73.2482,7.0518],[-73.2402,7.0565],[-73.242,7.0587],[-73.242,7.0622],[-73.245,7.0601],[-73.2464,7.0614],[-73.2423,7.0714],[-73.2471,7.0849],[-73.2468,7.0958],[-73.245,7.0986],[-73.2411,7.1018],[-73.2372,7.1016],[-73.233,7.0985],[-73.223,7.0987],[-73.2175,7.1006],[-73.2158,7.1046],[-73.2168,7.1079],[-73.2192,7.1061],[-73.2231,7.1077],[-73.2234,7.1065],[-73.225,7.1086],[-73.2275,7.1088],[-73.228,7.1105],[-73.2312,7.1121],[-73.2295,7.1154],[-73.2348,7.1157],[-73.2398,7.1136],[-73.2437,7.1158],[-73.2446,7.1188],[-73.2464,7.1189]]]}},{"type":"Feature","properties":{"nombre":"Sardinas","tipo":"vereda","fuente":"DANE","municipio":"Lebrija","codigo":"68406022","hectareas":398.1},"geometry":{"type":"Polygon","coordinates":[[[-73.2242,7.1938],[-73.2237,7.1987],[-73.2251,7.199],[-73.2254,7.1981],[-73.228,7.198],[-73.2294,7.196],[-73.2335,7.1955],[-73.2393,7.197],[-73.2424,7.1942],[-73.2475,7.1932],[-73.2507,7.1899],[-73.2558,7.1899],[-73.2598,7.1918],[-73.2604,7.1823],[-73.2527,7.181],[-73.2451,7.1855],[-73.2407,7.1839],[-73.2393,7.1855],[-73.2297,7.1873],[-73.2242,7.1938]]]}},{"type":"Feature","properties":{"nombre":"Uribe Uribe","tipo":"vereda","fuente":"DANE","municipio":"Lebrija","codigo":"68406002","hectareas":1655.0},"geometry":{"type":"Polygon","coordinates":[[[-73.3158,7.2684],[-73.3205,7.2691],[-73.3225,7.271],[-73.3235,7.2755],[-73.3265,7.2748],[-73.3265,7.2724],[-73.3289,7.2704],[-73.3336,7.2689],[-73.3403,7.2691],[-73.3472,7.2676],[-73.349,7.2652],[-73.3537,7.2633],[-73.3552,7.2608],[-73.3583,7.2589],[-73.3601,7.2502],[-73.3594,7.2467],[-73.355,7.2427],[-73.3558,7.2339],[-73.351,7.2341],[-73.3475,7.2328],[-73.3406,7.2335],[-73.3364,7.2324],[-73.3243,7.2385],[-73.3216,7.2433],[-73.3149,7.249],[-73.3144,7.2519],[-73.3158,7.2533],[-73.3145,7.2635],[-73.3158,7.2684]]]}},{"type":"Feature","properties":{"nombre":"Vanegas","tipo":"vereda","fuente":"DANE","municipio":"Lebrija","codigo":"68406045","hectareas":297.8},"geometry":{"type":"Polygon","coordinates":[[[-73.2969,7.3526],[-73.3037,7.3517],[-73.3022,7.3572],[-73.3026,7.3588],[-73.3043,7.3595],[-73.3064,7.3584],[-73.3076,7.3518],[-73.3129,7.3506],[-73.309,7.3497],[-73.3068,7.3464],[-73.3037,7.3449],[-73.2964,7.346],[-73.293,7.3378],[-73.2905,7.3358],[-73.2864,7.3355],[-73.2899,7.339],[-73.2833,7.3433],[-73.2845,7.3493],[-73.2867,7.3511],[-73.2925,7.3489],[-73.2944,7.3521],[-73.2969,7.3526]]]}},{"type":"Feature","properties":{"nombre":"Villa Maria","tipo":"vereda","fuente":"DANE","municipio":"Lebrija","codigo":"68406041","hectareas":1962.3},"geometry":{"type":"Polygon","coordinates":[[[-73.3988,7.2066],[-73.4007,7.2054],[-73.4004,7.2084],[-73.4016,7.2094],[-73.4041,7.2031],[-73.4069,7.2021],[-73.4088,7.2039],[-73.4099,7.2018],[-73.4122,7.202],[-73.4141,7.1981],[-73.4178,7.1996],[-73.4186,7.1987],[-73.4179,7.1966],[-73.4195,7.196],[-73.4214,7.1988],[-73.4227,7.1955],[-73.427,7.1922],[-73.4292,7.1928],[-73.4286,7.1899],[-73.4323,7.1902],[-73.4354,7.1841],[-73.4341,7.1816],[-73.4352,7.179],[-73.4331,7.1791],[-73.4318,7.1772],[-73.4306,7.1786],[-73.4299,7.1762],[-73.4317,7.176],[-73.4321,7.1748],[-73.4268,7.1702],[-73.4281,7.1687],[-73.4264,7.1651],[-73.4296,7.1622],[-73.4239,7.1609],[-73.4238,7.1579],[-73.4278,7.1543],[-73.4276,7.1532],[-73.4251,7.1528],[-73.4231,7.1554],[-73.4228,7.1524],[-73.4214,7.1516],[-73.4201,7.1535],[-73.4175,7.1506],[-73.4106,7.1626],[-73.4091,7.1566],[-73.4066,7.1598],[-73.4011,7.1608],[-73.4003,7.1697],[-73.3914,7.1822],[-73.3853,7.1845],[-73.385,7.1882],[-73.3869,7.1909],[-73.3846,7.1969],[-73.3857,7.1986],[-73.3943,7.2016],[-73.3988,7.2066]]]}},{"type":"Feature","properties":{"nombre":"Zabacoza","tipo":"vereda","fuente":"DANE","municipio":"Lebrija","codigo":"68406047","hectareas":688.1},"geometry":{"type":"Polygon","coordinates":[[[-73.2325,7.2315],[-73.2347,7.2316],[-73.2351,7.2335],[-73.2388,7.2378],[-73.2438,7.239],[-73.2467,7.2356],[-73.2493,7.2378],[-73.2483,7.2323],[-73.2489,7.2287],[-73.2466,7.2269],[-73.2468,7.2229],[-73.2443,7.2224],[-73.2414,7.218],[-73.2443,7.2114],[-73.2441,7.2047],[-73.2408,7.2025],[-73.2322,7.2025],[-73.2306,7.2018],[-73.2303,7.199],[-73.2254,7.1981],[-73.2256,7.2034],[-73.2246,7.2064],[-73.2297,7.2108],[-73.2287,7.2132],[-73.2265,7.214],[-73.2255,7.216],[-73.2259,7.2175],[-73.2311,7.2224],[-73.2325,7.2315]]]}},{"type":"Feature","properties":{"nombre":"Altobravo","tipo":"vereda","fuente":"DANE","municipio":"Matanza","codigo":"68444001","hectareas":357.5},"geometry":{"type":"Polygon","coordinates":[[[-73.1056,7.3568],[-73.1089,7.3588],[-73.1167,7.3556],[-73.1234,7.3563],[-73.1239,7.3537],[-73.1228,7.3518],[-73.1235,7.3488],[-73.1216,7.3476],[-73.1248,7.3453],[-73.1273,7.3375],[-73.1245,7.3379],[-73.1241,7.3404],[-73.1189,7.3393],[-73.1172,7.3379],[-73.1159,7.3346],[-73.1106,7.344],[-73.1079,7.3457],[-73.1074,7.3489],[-73.1051,7.3496],[-73.1054,7.3531],[-73.1069,7.3546],[-73.1056,7.3568]]]}},{"type":"Feature","properties":{"nombre":"Aventino","tipo":"vereda","fuente":"DANE","municipio":"Matanza","codigo":"68444002","hectareas":304.9},"geometry":{"type":"Polygon","coordinates":[[[-73.088,7.295],[-73.0887,7.2972],[-73.0929,7.3007],[-73.096,7.2996],[-73.096,7.303],[-73.0973,7.3046],[-73.0994,7.3024],[-73.1072,7.2989],[-73.1077,7.2969],[-73.1112,7.295],[-73.1126,7.2917],[-73.1082,7.2892],[-73.1034,7.2902],[-73.0979,7.2883],[-73.0908,7.2887],[-73.089,7.2847],[-73.0893,7.2892],[-73.088,7.295]]]}},{"type":"Feature","properties":{"nombre":"Bachiga","tipo":"vereda","fuente":"DANE","municipio":"Matanza","codigo":"68444003","hectareas":1311.1},"geometry":{"type":"Polygon","coordinates":[[[-72.9983,7.3394],[-73.0015,7.3393],[-73.0016,7.3441],[-73.0052,7.3502],[-73.0092,7.3516],[-73.0132,7.3572],[-73.0153,7.3582],[-73.0161,7.362],[-73.0183,7.3618],[-73.0342,7.3573],[-73.0403,7.3542],[-73.0421,7.3509],[-73.0443,7.3502],[-73.0455,7.3473],[-73.0438,7.3396],[-73.0486,7.331],[-73.0475,7.3304],[-73.0423,7.3335],[-73.0347,7.331],[-73.0284,7.3319],[-73.0211,7.3295],[-73.0195,7.326],[-73.0138,7.3303],[-73.0042,7.3342],[-73.0021,7.3373],[-72.9983,7.3394]]]}},{"type":"Feature","properties":{"nombre":"Bremen","tipo":"vereda","fuente":"DANE","municipio":"Matanza","codigo":"68444004","hectareas":699.7},"geometry":{"type":"Polygon","coordinates":[[[-73.0874,7.3549],[-73.0928,7.3527],[-73.0966,7.3446],[-73.0991,7.3419],[-73.1013,7.3403],[-73.1061,7.3395],[-73.1152,7.3336],[-73.1089,7.3263],[-73.1103,7.3211],[-73.1044,7.3237],[-73.1007,7.3268],[-73.0961,7.3275],[-73.0869,7.334],[-73.08,7.3348],[-73.0756,7.3369],[-73.0728,7.3361],[-73.0756,7.341],[-73.0803,7.343],[-73.0824,7.3505],[-73.0874,7.3549]]]}},{"type":"Feature","properties":{"nombre":"Bulcare","tipo":"vereda","fuente":"DANE","municipio":"Matanza","codigo":"68444005","hectareas":583.6},"geometry":{"type":"Polygon","coordinates":[[[-72.9923,7.3398],[-72.9942,7.3419],[-72.9965,7.3388],[-72.9983,7.3394],[-73.0021,7.3373],[-73.0042,7.3342],[-73.0138,7.3303],[-73.0191,7.3263],[-73.0135,7.3248],[-73.0128,7.3265],[-73.0116,7.326],[-73.0101,7.3284],[-73.008,7.3287],[-73.0019,7.3331],[-72.9999,7.3314],[-72.994,7.321],[-72.9892,7.3163],[-72.9877,7.3101],[-72.9861,7.3116],[-72.9783,7.3138],[-72.9794,7.329],[-72.9825,7.3345],[-72.9923,7.3398]]]}},{"type":"Feature","properties":{"nombre":"Cabrera","tipo":"vereda","fuente":"DANE","municipio":"Matanza","codigo":"68444006","hectareas":613.4},"geometry":{"type":"Polygon","coordinates":[[[-73.0195,7.326],[-73.0203,7.3285],[-73.0225,7.3302],[-73.0299,7.332],[-73.0347,7.331],[-73.0423,7.3335],[-73.0475,7.3304],[-73.0486,7.331],[-73.0476,7.3284],[-73.0486,7.3194],[-73.0429,7.319],[-73.0401,7.3121],[-73.0376,7.3096],[-73.0319,7.3091],[-73.0275,7.3102],[-73.0254,7.3087],[-73.0233,7.3107],[-73.0226,7.3237],[-73.0195,7.326]]]}},{"type":"Feature","properties":{"nombre":"Capilla","tipo":"vereda","fuente":"DANE","municipio":"Matanza","codigo":"68444007","hectareas":550.3},"geometry":{"type":"Polygon","coordinates":[[[-73.0512,7.3102],[-73.0688,7.3119],[-73.07,7.3181],[-73.0708,7.3182],[-73.0738,7.3159],[-73.0774,7.3159],[-73.0894,7.3123],[-73.0973,7.3046],[-73.096,7.303],[-73.096,7.2996],[-73.0929,7.3007],[-73.0887,7.2972],[-73.088,7.295],[-73.0839,7.2958],[-73.0793,7.3004],[-73.0726,7.3021],[-73.0605,7.3086],[-73.0556,7.3082],[-73.0545,7.307],[-73.0512,7.3102]]]}},{"type":"Feature","properties":{"nombre":"Ciaga","tipo":"vereda","fuente":"DANE","municipio":"Matanza","codigo":"68444008","hectareas":603.1},"geometry":{"type":"Polygon","coordinates":[[[-73.0325,7.2895],[-73.0323,7.2939],[-73.0341,7.2958],[-73.0355,7.3038],[-73.0452,7.3069],[-73.0504,7.311],[-73.0575,7.3034],[-73.0543,7.2943],[-73.0565,7.2875],[-73.0598,7.2831],[-73.0591,7.2789],[-73.0578,7.2774],[-73.0546,7.2823],[-73.0503,7.2858],[-73.0398,7.2858],[-73.0325,7.2895]]]}},{"type":"Feature","properties":{"nombre":"Cuchilla","tipo":"vereda","fuente":"DANE","municipio":"Matanza","codigo":"68444009","hectareas":199.1},"geometry":{"type":"Polygon","coordinates":[[[-73.0597,7.2832],[-73.0565,7.2875],[-73.0544,7.293],[-73.0575,7.3034],[-73.061,7.3005],[-73.0634,7.2967],[-73.064,7.2927],[-73.0668,7.2903],[-73.0693,7.2853],[-73.069,7.2837],[-73.0597,7.2832]]]}},{"type":"Feature","properties":{"nombre":"Filo","tipo":"vereda","fuente":"DANE","municipio":"Matanza","codigo":"68444010","hectareas":1018.9},"geometry":{"type":"Polygon","coordinates":[[[-73.0228,7.388],[-73.0282,7.3876],[-73.0335,7.3843],[-73.0394,7.3858],[-73.0468,7.3847],[-73.0524,7.3824],[-73.0576,7.3833],[-73.069,7.3764],[-73.0718,7.3731],[-73.0823,7.3703],[-73.0843,7.3688],[-73.0862,7.3645],[-73.091,7.364],[-73.0975,7.3668],[-73.0981,7.3648],[-73.1007,7.364],[-73.1015,7.3623],[-73.1031,7.3629],[-73.1033,7.359],[-73.1069,7.3546],[-73.1052,7.352],[-73.1034,7.3516],[-73.1023,7.3492],[-73.0994,7.3491],[-73.0972,7.344],[-73.0928,7.3527],[-73.087,7.3549],[-73.0755,7.3658],[-73.0734,7.3656],[-73.0722,7.3675],[-73.0651,7.3705],[-73.0637,7.3722],[-73.0574,7.373],[-73.0514,7.3763],[-73.0365,7.3756],[-73.031,7.3805],[-73.0263,7.3779],[-73.0202,7.3779],[-73.0136,7.3824],[-73.0202,7.3854],[-73.0228,7.388]]]}},{"type":"Feature","properties":{"nombre":"Guamal","tipo":"vereda","fuente":"DANE","municipio":"Matanza","codigo":"68444011","hectareas":399.4},"geometry":{"type":"Polygon","coordinates":[[[-73.0254,7.3087],[-73.0275,7.3102],[-73.0319,7.3091],[-73.0376,7.3096],[-73.0401,7.3121],[-73.0429,7.319],[-73.0486,7.3194],[-73.0504,7.311],[-73.0452,7.3069],[-73.0355,7.3038],[-73.0341,7.2958],[-73.0323,7.2939],[-73.0324,7.2891],[-73.029,7.2855],[-73.0246,7.2831],[-73.0237,7.2845],[-73.025,7.2866],[-73.0253,7.2974],[-73.0263,7.299],[-73.0254,7.3087]]]}},{"type":"Feature","properties":{"nombre":"Jaboncillo","tipo":"vereda","fuente":"DANE","municipio":"Matanza","codigo":"68444012","hectareas":252.5},"geometry":{"type":"Polygon","coordinates":[[[-73.0542,7.2415],[-73.0581,7.2457],[-73.0617,7.2436],[-73.0614,7.2341],[-73.0632,7.229],[-73.0634,7.2247],[-73.0612,7.2134],[-73.0565,7.217],[-73.0569,7.2222],[-73.0559,7.2237],[-73.0558,7.2302],[-73.053,7.2362],[-73.0545,7.2367],[-73.0532,7.2398],[-73.0542,7.2415]]]}},{"type":"Feature","properties":{"nombre":"La Loma","tipo":"vereda","fuente":"DANE","municipio":"Matanza","codigo":"68444013","hectareas":164.1},"geometry":{"type":"Polygon","coordinates":[[[-73.0972,7.344],[-73.0994,7.3491],[-73.1023,7.3492],[-73.1034,7.3516],[-73.1051,7.3521],[-73.1053,7.3493],[-73.1074,7.3489],[-73.1079,7.3457],[-73.1106,7.344],[-73.1159,7.3346],[-73.1152,7.3336],[-73.1058,7.3396],[-73.1013,7.3403],[-73.0972,7.344]]]}},{"type":"Feature","properties":{"nombre":"Libano","tipo":"vereda","fuente":"DANE","municipio":"Matanza","codigo":"68444014","hectareas":406.8},"geometry":{"type":"Polygon","coordinates":[[[-73.0381,7.4043],[-73.0382,7.4057],[-73.0402,7.4073],[-73.0377,7.41],[-73.0389,7.4138],[-73.0424,7.4186],[-73.0383,7.4258],[-73.0383,7.4302],[-73.0403,7.4247],[-73.0443,7.423],[-73.0477,7.4187],[-73.0495,7.4114],[-73.0585,7.4071],[-73.059,7.3977],[-73.0581,7.3952],[-73.0548,7.3969],[-73.0475,7.3963],[-73.0404,7.4034],[-73.0381,7.4043]]]}},{"type":"Feature","properties":{"nombre":"Magueyes","tipo":"vereda","fuente":"DANE","municipio":"Matanza","codigo":"68444015","hectareas":153.5},"geometry":{"type":"Polygon","coordinates":[[[-73.0704,7.2076],[-73.0788,7.2116],[-73.0839,7.2227],[-73.086,7.2231],[-73.0895,7.2187],[-73.0899,7.2151],[-73.0804,7.2072],[-73.0738,7.2054],[-73.0704,7.2076]]]}},{"type":"Feature","properties":{"nombre":"Matajira","tipo":"vereda","fuente":"DANE","municipio":"Matanza","codigo":"68444016","hectareas":100.9},"geometry":{"type":"Polygon","coordinates":[[[-73.0613,7.2134],[-73.0628,7.2183],[-73.0627,7.2217],[-73.0702,7.2095],[-73.0704,7.2076],[-73.0738,7.2054],[-73.0702,7.2031],[-73.0698,7.1999],[-73.0684,7.2003],[-73.0673,7.204],[-73.066,7.2046],[-73.0662,7.2065],[-73.0642,7.2078],[-73.064,7.2138],[-73.0613,7.2134]]]}},{"type":"Feature","properties":{"nombre":"Maveda","tipo":"vereda","fuente":"DANE","municipio":"Matanza","codigo":"68444017","hectareas":2047.1},"geometry":{"type":"Polygon","coordinates":[[[-73.0434,7.4563],[-73.0537,7.4583],[-73.068,7.4581],[-73.0701,7.459],[-73.0748,7.4666],[-73.0771,7.4684],[-73.0782,7.4725],[-73.0887,7.4632],[-73.0908,7.4542],[-73.089,7.4497],[-73.0851,7.4472],[-73.0821,7.4432],[-73.0819,7.439],[-73.0838,7.4317],[-73.0824,7.4302],[-73.0783,7.4306],[-73.0674,7.4271],[-73.0455,7.4265],[-73.0341,7.4329],[-73.0295,7.443],[-73.0379,7.4526],[-73.0434,7.4563]]]}},{"type":"Feature","properties":{"nombre":"Ovejera","tipo":"vereda","fuente":"DANE","municipio":"Matanza","codigo":"68444018","hectareas":300.2},"geometry":{"type":"Polygon","coordinates":[[[-73.0042,7.3037],[-73.0073,7.3049],[-73.0141,7.3024],[-73.0178,7.2991],[-73.0253,7.2974],[-73.0247,7.2852],[-73.0237,7.2845],[-73.0227,7.2875],[-73.0188,7.291],[-73.0127,7.292],[-73.0069,7.295],[-73.0007,7.2937],[-72.9982,7.2944],[-72.9957,7.2977],[-73.0005,7.2983],[-73.0042,7.3037]]]}},{"type":"Feature","properties":{"nombre":"Palmar","tipo":"vereda","fuente":"DANE","municipio":"Matanza","codigo":"68444019","hectareas":112.1},"geometry":{"type":"Polygon","coordinates":[[[-73.0583,7.2627],[-73.0616,7.2656],[-73.0648,7.2526],[-73.0645,7.2435],[-73.0607,7.2438],[-73.0581,7.2457],[-73.0585,7.2481],[-73.061,7.2489],[-73.0619,7.2508],[-73.0593,7.2547],[-73.0583,7.2627]]]}},{"type":"Feature","properties":{"nombre":"Paramillo","tipo":"vereda","fuente":"DANE","municipio":"Matanza","codigo":"68444020","hectareas":1881.9},"geometry":{"type":"Polygon","coordinates":[[[-73.0235,7.4409],[-73.0295,7.443],[-73.0341,7.4329],[-73.0383,7.4302],[-73.0383,7.4258],[-73.0424,7.4186],[-73.0389,7.4138],[-73.0377,7.41],[-73.0402,7.4068],[-73.0362,7.4032],[-73.0329,7.404],[-73.0251,7.4036],[-73.0223,7.393],[-73.022,7.3893],[-73.0228,7.388],[-73.0202,7.3854],[-73.0136,7.3824],[-73.0029,7.3824],[-73.0045,7.3884],[-73.0043,7.3908],[-73.0021,7.394],[-73.0013,7.4062],[-73.0029,7.4098],[-73.0001,7.4116],[-73.0004,7.4152],[-72.9982,7.4167],[-73.0008,7.4193],[-73.0095,7.424],[-73.0106,7.4314],[-73.0182,7.436],[-73.0235,7.4409]]]}},{"type":"Feature","properties":{"nombre":"Plazuela","tipo":"vereda","fuente":"DANE","municipio":"Matanza","codigo":"68444021","hectareas":811.2},"geometry":{"type":"Polygon","coordinates":[[[-73.0836,7.4023],[-73.0784,7.4101],[-73.0786,7.4121],[-73.0847,7.4198],[-73.0863,7.4242],[-73.1013,7.3981],[-73.1094,7.391],[-73.1091,7.3866],[-73.1105,7.3827],[-73.1092,7.3795],[-73.099,7.3736],[-73.0948,7.3696],[-73.0929,7.3708],[-73.0946,7.3746],[-73.0927,7.3906],[-73.0911,7.3916],[-73.0886,7.398],[-73.0836,7.4023]]]}},{"type":"Feature","properties":{"nombre":"Quebraditas","tipo":"vereda","fuente":"DANE","municipio":"Matanza","codigo":"68444022","hectareas":440.9},"geometry":{"type":"Polygon","coordinates":[[[-73.0968,7.3711],[-73.099,7.3736],[-73.102,7.3746],[-73.109,7.3799],[-73.109,7.379],[-73.1112,7.3783],[-73.1129,7.3737],[-73.1174,7.3693],[-73.1198,7.3608],[-73.1239,7.3586],[-73.1234,7.3563],[-73.1167,7.3556],[-73.1089,7.3588],[-73.1056,7.3568],[-73.1033,7.359],[-73.1031,7.3629],[-73.1015,7.3623],[-73.1007,7.364],[-73.0981,7.3648],[-73.0972,7.3673],[-73.0946,7.3697],[-73.0968,7.3711]]]}},{"type":"Feature","properties":{"nombre":"Salado","tipo":"vereda","fuente":"DANE","municipio":"Matanza","codigo":"68444023","hectareas":413.5},"geometry":{"type":"Polygon","coordinates":[[[-73.0167,7.3196],[-73.0229,7.3201],[-73.0233,7.3107],[-73.0259,7.3081],[-73.0263,7.299],[-73.0253,7.2974],[-73.0178,7.2991],[-73.0141,7.3024],[-73.0073,7.3049],[-73.0042,7.3037],[-73.0033,7.3056],[-73.0075,7.3173],[-73.0167,7.3196]]]}},{"type":"Feature","properties":{"nombre":"San Carlos","tipo":"vereda","fuente":"DANE","municipio":"Matanza","codigo":"68444024","hectareas":1613.6},"geometry":{"type":"Polygon","coordinates":[[[-73.0728,7.3361],[-73.0756,7.3369],[-73.08,7.3348],[-73.0869,7.334],[-73.0961,7.3275],[-73.1007,7.3268],[-73.1044,7.3237],[-73.1103,7.3211],[-73.1123,7.3086],[-73.1114,7.3052],[-73.1073,7.3006],[-73.1072,7.2989],[-73.0994,7.3024],[-73.0894,7.3123],[-73.0774,7.3159],[-73.0738,7.3159],[-73.0717,7.3181],[-73.07,7.3181],[-73.0688,7.3119],[-73.0508,7.3104],[-73.049,7.316],[-73.0476,7.326],[-73.0486,7.331],[-73.0591,7.3313],[-73.0728,7.3361]]]}},{"type":"Feature","properties":{"nombre":"San Francisco","tipo":"vereda","fuente":"DANE","municipio":"Matanza","codigo":"68444025","hectareas":770.7},"geometry":{"type":"Polygon","coordinates":[[[-73.0647,7.2436],[-73.0786,7.2423],[-73.0817,7.2445],[-73.0831,7.2417],[-73.0825,7.2317],[-73.0856,7.2262],[-73.086,7.2231],[-73.0839,7.2227],[-73.0788,7.2116],[-73.0704,7.2076],[-73.0702,7.2095],[-73.0627,7.2217],[-73.0632,7.229],[-73.0614,7.2341],[-73.0611,7.2427],[-73.0617,7.2436],[-73.0647,7.2436]]]}},{"type":"Feature","properties":{"nombre":"San Isidro","tipo":"vereda","fuente":"DANE","municipio":"Matanza","codigo":"68444026","hectareas":450.8},"geometry":{"type":"Polygon","coordinates":[[[-73.0597,7.2832],[-73.069,7.2837],[-73.073,7.2766],[-73.0798,7.2714],[-73.0807,7.2663],[-73.0725,7.2606],[-73.0677,7.2589],[-73.0641,7.2556],[-73.062,7.2624],[-73.0613,7.27],[-73.0578,7.2774],[-73.0591,7.2789],[-73.0597,7.2832]]]}},{"type":"Feature","properties":{"nombre":"Santa Ana","tipo":"vereda","fuente":"DANE","municipio":"Matanza","codigo":"68444027","hectareas":846.3},"geometry":{"type":"Polygon","coordinates":[[[-73.0585,7.4071],[-73.0608,7.406],[-73.0636,7.4077],[-73.0642,7.4096],[-73.0707,7.4128],[-73.0759,7.4119],[-73.0791,7.4097],[-73.0821,7.404],[-73.0886,7.398],[-73.0911,7.3916],[-73.0927,7.3906],[-73.094,7.3755],[-73.0924,7.3753],[-73.0877,7.3782],[-73.084,7.3835],[-73.0768,7.3858],[-73.0762,7.3876],[-73.0683,7.3908],[-73.0629,7.391],[-73.0584,7.3949],[-73.0585,7.4071]]]}},{"type":"Feature","properties":{"nombre":"Santa Barbara","tipo":"vereda","fuente":"DANE","municipio":"Matanza","codigo":"68444028","hectareas":645.4},"geometry":{"type":"Polygon","coordinates":[[[-72.9877,7.3101],[-72.9892,7.3163],[-72.994,7.321],[-72.9999,7.3314],[-73.0019,7.3331],[-73.008,7.3287],[-73.0101,7.3284],[-73.0116,7.326],[-73.0128,7.3265],[-73.0135,7.3248],[-73.0191,7.3263],[-73.0226,7.3237],[-73.0229,7.3201],[-73.0167,7.3196],[-73.0185,7.3202],[-73.019,7.3228],[-73.0173,7.325],[-73.0162,7.3244],[-73.0147,7.3254],[-73.0134,7.3244],[-73.0121,7.3254],[-73.0126,7.3235],[-73.0167,7.3199],[-73.0075,7.3173],[-73.0034,7.3059],[-73.004,7.303],[-73.0005,7.2983],[-72.9957,7.2977],[-72.989,7.3067],[-72.9877,7.3101]]]}},{"type":"Feature","properties":{"nombre":"Santa Martha","tipo":"vereda","fuente":"DANE","municipio":"Matanza","codigo":"68444029","hectareas":2510.1},"geometry":{"type":"Polygon","coordinates":[[[-73.0029,7.3824],[-73.0147,7.3822],[-73.0171,7.3794],[-73.0206,7.3779],[-73.0263,7.3779],[-73.031,7.3805],[-73.0357,7.3759],[-73.0381,7.3753],[-73.0518,7.3762],[-73.0574,7.373],[-73.0637,7.3722],[-73.0651,7.3705],[-73.0722,7.3675],[-73.0734,7.3656],[-73.0755,7.3658],[-73.0874,7.3549],[-73.0824,7.3505],[-73.0803,7.343],[-73.0756,7.341],[-73.0728,7.3361],[-73.0591,7.3313],[-73.0486,7.331],[-73.0438,7.3396],[-73.0455,7.3473],[-73.0448,7.3496],[-73.0421,7.3509],[-73.0403,7.3542],[-73.0342,7.3573],[-73.0161,7.3619],[-73.0164,7.364],[-73.0113,7.3684],[-73.0029,7.3824]]]}},{"type":"Feature","properties":{"nombre":"Sinai","tipo":"vereda","fuente":"DANE","municipio":"Matanza","codigo":"68444030","hectareas":814.0},"geometry":{"type":"Polygon","coordinates":[[[-73.0393,7.4293],[-73.0445,7.4266],[-73.0534,7.4273],[-73.0578,7.4265],[-73.0691,7.4274],[-73.0783,7.4306],[-73.0824,7.4302],[-73.0838,7.4317],[-73.0863,7.4242],[-73.0847,7.4198],[-73.0786,7.4121],[-73.0784,7.4101],[-73.0759,7.4119],[-73.0707,7.4128],[-73.0642,7.4096],[-73.0636,7.4077],[-73.0608,7.406],[-73.0495,7.4114],[-73.0477,7.4187],[-73.0443,7.423],[-73.0403,7.4247],[-73.0393,7.4293]]]}},{"type":"Feature","properties":{"nombre":"Sucre","tipo":"vereda","fuente":"DANE","municipio":"Matanza","codigo":"68444031","hectareas":1272.5},"geometry":{"type":"Polygon","coordinates":[[[-73.0228,7.388],[-73.022,7.3893],[-73.0223,7.393],[-73.0251,7.4036],[-73.0329,7.404],[-73.0362,7.4032],[-73.0381,7.4043],[-73.0404,7.4034],[-73.0475,7.3963],[-73.0555,7.3967],[-73.0629,7.391],[-73.0683,7.3908],[-73.0762,7.3876],[-73.0768,7.3858],[-73.084,7.3835],[-73.0897,7.3768],[-73.0937,7.3753],[-73.0944,7.3768],[-73.0946,7.3746],[-73.0929,7.3708],[-73.0975,7.3668],[-73.091,7.364],[-73.0865,7.3644],[-73.0843,7.3688],[-73.0823,7.3703],[-73.0718,7.3731],[-73.069,7.3764],[-73.0576,7.3833],[-73.0524,7.3824],[-73.0468,7.3847],[-73.0394,7.3858],[-73.0335,7.3843],[-73.0282,7.3876],[-73.0228,7.388]]]}},{"type":"Feature","properties":{"nombre":"Tanque","tipo":"vereda","fuente":"DANE","municipio":"Matanza","codigo":"68444032","hectareas":378.7},"geometry":{"type":"Polygon","coordinates":[[[-73.0246,7.2831],[-73.029,7.2855],[-73.0325,7.2895],[-73.0398,7.2858],[-73.0503,7.2858],[-73.0566,7.2795],[-73.0607,7.2717],[-73.0616,7.2656],[-73.0583,7.2627],[-73.0567,7.2693],[-73.0526,7.2757],[-73.0495,7.2777],[-73.0459,7.2788],[-73.0429,7.2769],[-73.0358,7.2766],[-73.0274,7.2805],[-73.0246,7.2831]]]}},{"type":"Feature","properties":{"nombre":"Vega Grande","tipo":"vereda","fuente":"DANE","municipio":"Matanza","codigo":"68444033","hectareas":707.0},"geometry":{"type":"Polygon","coordinates":[[[-73.0545,7.307],[-73.0556,7.3082],[-73.0605,7.3086],[-73.0726,7.3021],[-73.0793,7.3004],[-73.0839,7.2958],[-73.088,7.295],[-73.0893,7.2892],[-73.089,7.2847],[-73.0876,7.2816],[-73.0822,7.2774],[-73.0798,7.2714],[-73.0723,7.2776],[-73.0668,7.2903],[-73.0639,7.2929],[-73.0632,7.297],[-73.0545,7.307]]]}},{"type":"Feature","properties":{"nombre":"Venadillo","tipo":"vereda","fuente":"DANE","municipio":"Matanza","codigo":"68444034","hectareas":391.7},"geometry":{"type":"Polygon","coordinates":[[[-73.0641,7.2556],[-73.0677,7.2589],[-73.0725,7.2606],[-73.0807,7.2663],[-73.0833,7.2591],[-73.0816,7.254],[-73.0817,7.2445],[-73.0786,7.2423],[-73.0647,7.2436],[-73.0641,7.2556]]]}},{"type":"Feature","properties":{"nombre":"Alto de Vacas","tipo":"vereda","fuente":"DANE","municipio":"Piedecuesta","codigo":"68547001","hectareas":1129.7},"geometry":{"type":"Polygon","coordinates":[[[-72.9519,6.9056],[-72.9544,6.9078],[-72.9557,6.9057],[-72.9584,6.908],[-72.9654,6.9083],[-72.9681,6.9129],[-72.9651,6.9143],[-72.9645,6.9176],[-72.9657,6.9203],[-72.9649,6.9217],[-72.9687,6.9233],[-72.9706,6.9262],[-72.9746,6.9234],[-72.9814,6.923],[-72.9824,6.9135],[-72.9815,6.9115],[-72.9834,6.9019],[-72.9853,6.8985],[-72.9907,6.8951],[-72.9923,6.8909],[-72.9848,6.8933],[-72.9811,6.8915],[-72.975,6.8865],[-72.9704,6.8791],[-72.9671,6.8762],[-72.9608,6.8873],[-72.9577,6.8885],[-72.9576,6.8946],[-72.9519,6.9056]]]}},{"type":"Feature","properties":{"nombre":"Barro Blanco","tipo":"vereda","fuente":"DANE","municipio":"Piedecuesta","codigo":"68547002","hectareas":232.6},"geometry":{"type":"Polygon","coordinates":[[[-73.0594,6.9886],[-73.063,6.9875],[-73.0627,6.9865],[-73.0663,6.986],[-73.0636,6.9835],[-73.0665,6.981],[-73.0674,6.9774],[-73.0736,6.9749],[-73.0759,6.9713],[-73.0777,6.9705],[-73.0806,6.9721],[-73.0785,6.9693],[-73.0726,6.971],[-73.063,6.9688],[-73.0612,6.9675],[-73.0555,6.969],[-73.0556,6.9709],[-73.0576,6.97],[-73.0571,6.9693],[-73.0614,6.968],[-73.0617,6.9719],[-73.0629,6.9725],[-73.0622,6.9748],[-73.0593,6.9761],[-73.0574,6.9827],[-73.0556,6.9818],[-73.0547,6.9827],[-73.0559,6.9834],[-73.0557,6.9863],[-73.0582,6.9857],[-73.0575,6.9869],[-73.0582,6.9863],[-73.0594,6.9886]]]}},{"type":"Feature","properties":{"nombre":"Cabrera","tipo":"vereda","fuente":"DANE","municipio":"Piedecuesta","codigo":"68547003","hectareas":434.3},"geometry":{"type":"Polygon","coordinates":[[[-72.983,6.8556],[-72.9863,6.8582],[-72.9889,6.8582],[-72.9894,6.8652],[-72.9913,6.8663],[-73.0043,6.8635],[-73.0091,6.8644],[-73.005,6.8555],[-73.006,6.8543],[-73.0051,6.8526],[-72.9964,6.8499],[-72.997,6.8482],[-72.994,6.8483],[-72.9917,6.8469],[-72.9908,6.8438],[-72.9928,6.8418],[-72.9915,6.841],[-72.9853,6.8415],[-72.9846,6.8524],[-72.983,6.8556]]]}},{"type":"Feature","properties":{"nombre":"Cartagena","tipo":"vereda","fuente":"DANE","municipio":"Piedecuesta","codigo":"68547004","hectareas":418.7},"geometry":{"type":"Polygon","coordinates":[[[-72.9406,6.9606],[-72.9546,6.959],[-72.957,6.961],[-72.9593,6.9611],[-72.9611,6.9632],[-72.9673,6.9634],[-72.9704,6.9632],[-72.9723,6.9613],[-72.9769,6.9602],[-72.9753,6.9561],[-72.9725,6.9528],[-72.9726,6.9509],[-72.9688,6.9479],[-72.9664,6.9475],[-72.9575,6.9486],[-72.9543,6.9506],[-72.9533,6.9529],[-72.9493,6.9537],[-72.9484,6.9567],[-72.9455,6.9525],[-72.9406,6.9606]]]}},{"type":"Feature","properties":{"nombre":"Chorreras","tipo":"vereda","fuente":"DANE","municipio":"Piedecuesta","codigo":"68547005","hectareas":266.7},"geometry":{"type":"Polygon","coordinates":[[[-72.9759,6.9239],[-72.9793,6.9254],[-72.985,6.9304],[-72.9887,6.9298],[-72.9914,6.9307],[-72.9934,6.9303],[-72.9955,6.9271],[-72.995,6.9238],[-72.9989,6.9217],[-73.0004,6.9225],[-73.002,6.9205],[-72.9995,6.9191],[-72.9995,6.9149],[-72.9981,6.9148],[-72.9927,6.9171],[-72.9854,6.9185],[-72.9821,6.9173],[-72.981,6.9206],[-72.9815,6.923],[-72.9789,6.9227],[-72.9759,6.9239]]]}},{"type":"Feature","properties":{"nombre":"Chucuri","tipo":"vereda","fuente":"DANE","municipio":"Piedecuesta","codigo":"68547006","hectareas":908.8},"geometry":{"type":"Polygon","coordinates":[[[-72.9626,6.9813],[-72.9662,6.9842],[-72.9711,6.9861],[-72.9712,6.9844],[-72.9729,6.9832],[-72.9738,6.9792],[-72.9709,6.9811],[-72.9689,6.9734],[-72.9673,6.9713],[-72.9679,6.9686],[-72.9697,6.9684],[-72.97,6.9638],[-72.9611,6.9632],[-72.9593,6.9611],[-72.957,6.961],[-72.9546,6.959],[-72.9501,6.9601],[-72.9468,6.9592],[-72.9406,6.9606],[-72.939,6.966],[-72.9315,6.9751],[-72.9253,6.9858],[-72.9332,6.982],[-72.9371,6.9816],[-72.9393,6.9828],[-72.9457,6.9803],[-72.9496,6.9812],[-72.9548,6.9798],[-72.9561,6.9819],[-72.9594,6.9791],[-72.9626,6.9813]]]}},{"type":"Feature","properties":{"nombre":"Colombiana","tipo":"vereda","fuente":"DANE","municipio":"Piedecuesta","codigo":"68547007","hectareas":165.6},"geometry":{"type":"Polygon","coordinates":[[[-72.9527,6.8572],[-72.9616,6.8586],[-72.9629,6.8549],[-72.9671,6.8538],[-72.9737,6.8479],[-72.9726,6.8456],[-72.9733,6.8437],[-72.97,6.8454],[-72.9685,6.8446],[-72.967,6.8468],[-72.9645,6.8464],[-72.9612,6.8476],[-72.9584,6.8516],[-72.9539,6.8534],[-72.9544,6.8554],[-72.9527,6.8572]]]}},{"type":"Feature","properties":{"nombre":"Cristales","tipo":"vereda","fuente":"DANE","municipio":"Piedecuesta","codigo":"68547008","hectareas":2187.6},"geometry":{"type":"Polygon","coordinates":[[[-72.9585,7.0741],[-72.9591,7.0726],[-72.9604,7.0727],[-72.9688,7.0755],[-72.9686,7.077],[-72.9704,7.0762],[-72.9766,7.0773],[-72.9883,7.0827],[-72.9898,7.0859],[-72.9995,7.0879],[-73.0059,7.0752],[-73.0063,7.0703],[-73.0052,7.0681],[-73.0064,7.0575],[-73.0051,7.0553],[-73.0072,7.0472],[-72.9998,7.0392],[-72.9907,7.0388],[-72.9845,7.0399],[-72.9712,7.0491],[-72.9665,7.0505],[-72.961,7.0578],[-72.945,7.0675],[-72.9439,7.0694],[-72.9448,7.0725],[-72.9473,7.0706],[-72.9493,7.0725],[-72.9519,7.0725],[-72.9516,7.0739],[-72.9585,7.0741]]]}},{"type":"Feature","properties":{"nombre":"El Bore","tipo":"vereda","fuente":"DANE","municipio":"Piedecuesta","codigo":"68547009","hectareas":311.5},"geometry":{"type":"Polygon","coordinates":[[[-73.0,6.9696],[-72.9997,6.9722],[-73.004,6.9716],[-73.0125,6.965],[-73.0184,6.963],[-73.0286,6.9573],[-73.0284,6.9549],[-73.0265,6.9543],[-73.0275,6.9524],[-73.0226,6.9513],[-73.0179,6.9542],[-73.0126,6.9524],[-73.0085,6.9538],[-73.0071,6.9607],[-73.0017,6.9686],[-73.0,6.9696]]]}},{"type":"Feature","properties":{"nombre":"El Canelo","tipo":"vereda","fuente":"DANE","municipio":"Piedecuesta","codigo":"68547010","hectareas":442.7},"geometry":{"type":"Polygon","coordinates":[[[-72.9977,7.0287],[-73.002,7.0271],[-73.0033,7.0306],[-73.0056,7.0293],[-73.007,7.026],[-73.0064,7.024],[-73.0112,7.0215],[-73.0107,7.016],[-73.0171,7.007],[-73.0128,6.999],[-73.0112,7.0006],[-73.0102,6.9976],[-73.0086,6.997],[-73.0011,7.0003],[-72.9995,7.0069],[-73.0031,7.0115],[-73.002,7.0107],[-73.0016,7.017],[-73.0007,7.014],[-73.0002,7.015],[-73.0001,7.0219],[-72.9986,7.0202],[-72.9975,7.0221],[-72.9977,7.0287]]]}},{"type":"Feature","properties":{"nombre":"El Fical","tipo":"vereda","fuente":"DANE","municipio":"Piedecuesta","codigo":"68547011","hectareas":885.6},"geometry":{"type":"Polygon","coordinates":[[[-72.9671,6.8762],[-72.9704,6.8791],[-72.975,6.8865],[-72.9844,6.8933],[-72.9923,6.8909],[-72.9978,6.8847],[-72.9952,6.8769],[-72.9963,6.8747],[-72.9955,6.8709],[-72.9894,6.8652],[-72.9889,6.8582],[-72.9863,6.8582],[-72.983,6.8556],[-72.9821,6.8577],[-72.9733,6.8583],[-72.9742,6.8634],[-72.9713,6.8669],[-72.9671,6.8762]]]}},{"type":"Feature","properties":{"nombre":"El Guamo","tipo":"vereda","fuente":"DANE","municipio":"Piedecuesta","codigo":"68547012","hectareas":800.3},"geometry":{"type":"Polygon","coordinates":[[[-73.0612,6.9675],[-73.063,6.9688],[-73.0726,6.971],[-73.0769,6.9691],[-73.0755,6.9684],[-73.0772,6.9675],[-73.0745,6.9653],[-73.074,6.96],[-73.0748,6.9535],[-73.0762,6.9537],[-73.0774,6.9523],[-73.0769,6.9484],[-73.0716,6.949],[-73.0746,6.9439],[-73.0784,6.9447],[-73.0791,6.9426],[-73.0678,6.9391],[-73.0655,6.9311],[-73.0589,6.9311],[-73.0559,6.934],[-73.0539,6.9337],[-73.0577,6.9356],[-73.0554,6.9393],[-73.0552,6.9419],[-73.0584,6.9432],[-73.0577,6.9457],[-73.0554,6.9439],[-73.0562,6.9522],[-73.0538,6.9592],[-73.0544,6.9604],[-73.0533,6.9604],[-73.0554,6.9643],[-73.0596,6.9653],[-73.0612,6.9675]]]}},{"type":"Feature","properties":{"nombre":"El Jazmin","tipo":"vereda","fuente":"DANE","municipio":"Piedecuesta","codigo":"68547013","hectareas":302.7},"geometry":{"type":"Polygon","coordinates":[[[-73.0231,6.933],[-73.0243,6.9361],[-73.0256,6.9338],[-73.0344,6.9311],[-73.0378,6.9276],[-73.0389,6.9275],[-73.0388,6.9295],[-73.0396,6.9298],[-73.0443,6.9268],[-73.0404,6.923],[-73.0402,6.9212],[-73.0369,6.92],[-73.0369,6.9189],[-73.033,6.9155],[-73.0277,6.9133],[-73.0257,6.9184],[-73.0252,6.9241],[-73.0219,6.932],[-73.0239,6.9306],[-73.0231,6.933]]]}},{"type":"Feature","properties":{"nombre":"El Mangle","tipo":"vereda","fuente":"DANE","municipio":"Piedecuesta","codigo":"68547014","hectareas":771.9},"geometry":{"type":"Polygon","coordinates":[[[-72.9251,6.835],[-72.924,6.8372],[-72.9307,6.8408],[-72.9311,6.8448],[-72.9329,6.8466],[-72.933,6.8425],[-72.9352,6.8421],[-72.9385,6.8386],[-72.9396,6.8343],[-72.9412,6.8326],[-72.9448,6.832],[-72.9536,6.8329],[-72.9531,6.8309],[-72.9546,6.8293],[-72.9615,6.8293],[-72.9644,6.8224],[-72.9642,6.8198],[-72.9637,6.8187],[-72.96,6.8185],[-72.9557,6.8196],[-72.9519,6.8182],[-72.9485,6.8191],[-72.9462,6.8153],[-72.9469,6.8155],[-72.9383,6.8066],[-72.9366,6.8092],[-72.9361,6.8125],[-72.932,6.818],[-72.9335,6.8206],[-72.9325,6.8251],[-72.9287,6.83],[-72.9272,6.8339],[-72.9251,6.835]]]}},{"type":"Feature","properties":{"nombre":"El Polo","tipo":"vereda","fuente":"DANE","municipio":"Piedecuesta","codigo":"68547015","hectareas":322.9},"geometry":{"type":"Polygon","coordinates":[[[-73.0028,6.9994],[-73.0054,6.9991],[-73.0086,6.997],[-73.0102,6.9976],[-73.0116,7.0006],[-73.0148,6.9929],[-73.0132,6.9915],[-73.0124,6.9877],[-73.0106,6.9905],[-73.0101,6.9868],[-73.0074,6.9835],[-73.0072,6.9816],[-73.0028,6.981],[-73.0012,6.9791],[-72.9988,6.9821],[-72.9958,6.9817],[-72.9946,6.9859],[-72.996,6.9883],[-72.9954,6.9924],[-72.997,6.9959],[-73.0019,6.998],[-73.0028,6.9994]]]}},{"type":"Feature","properties":{"nombre":"El Recreo","tipo":"vereda","fuente":"DANE","municipio":"Piedecuesta","codigo":"68547016","hectareas":256.8},"geometry":{"type":"Polygon","coordinates":[[[-73.0135,6.9218],[-73.0113,6.9228],[-73.0109,6.9208],[-73.008,6.921],[-73.0103,6.9248],[-73.0137,6.9271],[-73.0183,6.9358],[-73.0207,6.9374],[-73.0189,6.9347],[-73.0202,6.9331],[-73.0231,6.933],[-73.0239,6.9314],[-73.0238,6.9306],[-73.0219,6.9322],[-73.0252,6.9241],[-73.0257,6.9184],[-73.0274,6.9139],[-73.0242,6.9125],[-73.0172,6.9149],[-73.0162,6.9171],[-73.0173,6.9203],[-73.0157,6.9201],[-73.0155,6.9213],[-73.0135,6.9203],[-73.0135,6.9218]]]}},{"type":"Feature","properties":{"nombre":"El Salado","tipo":"vereda","fuente":"DANE","municipio":"Piedecuesta","codigo":"68547017","hectareas":348.4},"geometry":{"type":"Polygon","coordinates":[[[-72.9952,6.8773],[-72.9978,6.8769],[-73.0022,6.8797],[-73.0138,6.8814],[-73.0178,6.8835],[-73.0183,6.8821],[-73.0164,6.8815],[-73.0091,6.8644],[-73.0064,6.8636],[-72.9975,6.8644],[-72.9913,6.8663],[-72.9955,6.8711],[-72.9963,6.8747],[-72.9952,6.8773]]]}},{"type":"Feature","properties":{"nombre":"El Volador","tipo":"vereda","fuente":"DANE","municipio":"Piedecuesta","codigo":"68547018","hectareas":959.5},"geometry":{"type":"Polygon","coordinates":[[[-73.0533,6.9604],[-73.0544,6.9604],[-73.0538,6.9592],[-73.0562,6.9522],[-73.0554,6.9439],[-73.0577,6.9457],[-73.0584,6.9434],[-73.0552,6.9419],[-73.0554,6.9393],[-73.0576,6.9354],[-73.0542,6.9344],[-73.0443,6.9268],[-73.0396,6.9298],[-73.0388,6.9295],[-73.0389,6.9275],[-73.0378,6.9276],[-73.0344,6.9311],[-73.0256,6.9338],[-73.0243,6.9361],[-73.0239,6.9331],[-73.0197,6.9334],[-73.0189,6.9351],[-73.0209,6.9377],[-73.0203,6.9388],[-73.0253,6.9449],[-73.0249,6.9493],[-73.0261,6.9496],[-73.0266,6.9483],[-73.0276,6.9498],[-73.0298,6.9501],[-73.0322,6.9476],[-73.0338,6.9473],[-73.0375,6.9565],[-73.0394,6.9544],[-73.0433,6.9593],[-73.0446,6.9588],[-73.0477,6.9601],[-73.0495,6.9588],[-73.0533,6.9604]]]}},{"type":"Feature","properties":{"nombre":"Faltriquera","tipo":"vereda","fuente":"DANE","municipio":"Piedecuesta","codigo":"68547019","hectareas":1309.7},"geometry":{"type":"Polygon","coordinates":[[[-73.0072,7.0472],[-73.014,7.0467],[-73.018,7.0485],[-73.0243,7.0463],[-73.0263,7.0473],[-73.0306,7.0407],[-73.0324,7.0402],[-73.0366,7.0298],[-73.037,7.0262],[-73.0406,7.0232],[-73.0444,7.0217],[-73.0375,7.0193],[-73.0357,7.0116],[-73.0283,7.009],[-73.0234,7.0088],[-73.0192,7.0109],[-73.0171,7.0094],[-73.0167,7.0075],[-73.0124,7.0125],[-73.0124,7.0148],[-73.0103,7.0172],[-73.0112,7.0215],[-73.0064,7.024],[-73.007,7.026],[-73.0059,7.0289],[-73.0029,7.0309],[-73.002,7.0335],[-73.0028,7.0351],[-73.0009,7.0358],[-72.9998,7.0392],[-73.0072,7.0472]]]}},{"type":"Feature","properties":{"nombre":"Granadillo","tipo":"vereda","fuente":"DANE","municipio":"Piedecuesta","codigo":"68547020","hectareas":932.6},"geometry":{"type":"Polygon","coordinates":[[[-73.0415,7.0207],[-73.0444,7.0212],[-73.0435,7.0176],[-73.0441,7.0162],[-73.0472,7.0172],[-73.0482,7.015],[-73.0515,7.0138],[-73.0499,7.0085],[-73.0515,7.0056],[-73.05,7.0057],[-73.0504,7.0041],[-73.0481,7.004],[-73.0495,7.0007],[-73.0486,6.9992],[-73.0477,6.9997],[-73.046,6.9963],[-73.0421,6.9934],[-73.041,6.9956],[-73.0415,6.9943],[-73.0405,6.9923],[-73.0391,6.9922],[-73.0378,6.9949],[-73.0345,6.9932],[-73.0335,6.9902],[-73.0323,6.9923],[-73.0294,6.991],[-73.0286,6.9883],[-73.0253,6.9856],[-73.016,6.9867],[-73.0155,6.9891],[-73.0183,6.9897],[-73.0186,6.9919],[-73.0173,6.9931],[-73.015,6.9926],[-73.0128,6.999],[-73.0172,7.0067],[-73.0171,7.0094],[-73.0192,7.0109],[-73.0223,7.0089],[-73.0283,7.009],[-73.0357,7.0116],[-73.0375,7.0193],[-73.0415,7.0207]]]}},{"type":"Feature","properties":{"nombre":"Guatiguara","tipo":"vereda","fuente":"DANE","municipio":"Piedecuesta","codigo":"68547021","hectareas":3414.0},"geometry":{"type":"MultiPolygon","coordinates":[[[[-73.0821,7.0351],[-73.0831,7.0317],[-73.0851,7.0329],[-73.0881,7.032],[-73.0892,7.0304],[-73.0916,7.033],[-73.0942,7.0322],[-73.0944,7.0292],[-73.0953,7.0289],[-73.0946,7.0287],[-73.0979,7.026],[-73.0963,7.0221],[-73.0973,7.0205],[-73.0997,7.0195],[-73.1006,7.0212],[-73.1077,7.0195],[-73.1121,7.0171],[-73.1139,7.0135],[-73.1153,7.0084],[-73.1143,7.0031],[-73.1157,7.0011],[-73.1131,6.9971],[-73.1137,6.9953],[-73.1113,6.9921],[-73.1097,6.9867],[-73.1119,6.9834],[-73.1138,6.9826],[-73.1147,6.9789],[-73.1168,6.9777],[-73.1164,6.9711],[-73.1139,6.9672],[-73.1063,6.9701],[-73.1061,6.9667],[-73.1025,6.9658],[-73.0995,6.9679],[-73.0949,6.9678],[-73.0888,6.9735],[-73.0802,6.9722],[-73.0777,6.9705],[-73.0759,6.9713],[-73.0736,6.9749],[-73.0674,6.9774],[-73.0665,6.981],[-73.0636,6.9835],[-73.0661,6.9862],[-73.0627,6.9865],[-73.063,6.9875],[-73.0605,6.9876],[-73.0603,6.989],[-73.0587,6.9884],[-73.0582,6.9863],[-73.0575,6.9869],[-73.059,6.9894],[-73.0576,6.9907],[-73.0587,6.99],[-73.0615,6.9914],[-73.0634,6.9907],[-73.0629,6.9919],[-73.067,6.9921],[-73.0676,6.9938],[-73.0622,6.9986],[-73.0632,7.003],[-73.0603,7.0032],[-73.0585,7.0013],[-73.055,7.0031],[-73.0566,7.0137],[-73.0606,7.0114],[-73.0612,7.0123],[-73.0631,7.0114],[-73.0635,7.012],[-73.0588,7.0153],[-73.0589,7.0163],[-73.0593,7.0169],[-73.0624,7.0144],[-73.0633,7.0157],[-73.0646,7.0151],[-73.063,7.0169],[-73.0642,7.0177],[-73.0634,7.0185],[-73.0669,7.0221],[-73.0678,7.0268],[-73.0734,7.0257],[-73.0779,7.0232],[-73.0804,7.0339],[-73.0821,7.0351]],[[-73.0686,6.9928],[-73.0677,6.9919],[-73.0698,6.991],[-73.0713,6.9919],[-73.0686,6.9928]]],[[[-73.0407,6.9676],[-73.0412,6.9682],[-73.0405,6.9673],[-73.0407,6.9676]]]]}},{"type":"Feature","properties":{"nombre":"Holanda","tipo":"vereda","fuente":"DANE","municipio":"Piedecuesta","codigo":"68547022","hectareas":638.2},"geometry":{"type":"Polygon","coordinates":[[[-73.0277,6.9133],[-73.033,6.9155],[-73.0348,6.9174],[-73.035,6.9159],[-73.0389,6.9131],[-73.0335,6.9056],[-73.0353,6.9029],[-73.0368,6.8951],[-73.0393,6.8932],[-73.0425,6.8868],[-73.0474,6.8829],[-73.0482,6.8811],[-73.0453,6.8811],[-73.0444,6.8776],[-73.0432,6.8793],[-73.0392,6.8805],[-73.0303,6.8792],[-73.0276,6.8847],[-73.0272,6.8881],[-73.0184,6.8953],[-73.0233,6.9068],[-73.025,6.9087],[-73.0248,6.9109],[-73.0277,6.9133]]]}},{"type":"Feature","properties":{"nombre":"La Aguada","tipo":"vereda","fuente":"DANE","municipio":"Piedecuesta","codigo":"68547023","hectareas":871.8},"geometry":{"type":"Polygon","coordinates":[[[-72.9446,6.8627],[-72.9497,6.864],[-72.9544,6.8554],[-72.9539,6.8534],[-72.9584,6.8516],[-72.9608,6.848],[-72.9648,6.8463],[-72.9676,6.8425],[-72.966,6.8381],[-72.9675,6.8379],[-72.9675,6.8353],[-72.966,6.8337],[-72.9669,6.8326],[-72.9657,6.8294],[-72.9643,6.8285],[-72.9636,6.8245],[-72.9615,6.8293],[-72.9546,6.8293],[-72.9531,6.8309],[-72.9536,6.8329],[-72.9448,6.832],[-72.9412,6.8326],[-72.9396,6.8343],[-72.9385,6.8386],[-72.9352,6.8421],[-72.933,6.8425],[-72.9329,6.8466],[-72.9456,6.8587],[-72.9446,6.8627]]]}},{"type":"Feature","properties":{"nombre":"La Cuchilla","tipo":"vereda","fuente":"DANE","municipio":"Piedecuesta","codigo":"68547024","hectareas":166.2},"geometry":{"type":"Polygon","coordinates":[[[-72.985,6.9593],[-72.9807,6.9648],[-72.9799,6.9689],[-72.9783,6.971],[-72.9781,6.9783],[-72.9711,6.9861],[-72.9756,6.9827],[-72.9787,6.9831],[-72.9825,6.9796],[-72.9853,6.9792],[-72.9868,6.9776],[-72.986,6.9755],[-72.987,6.9729],[-72.9851,6.9686],[-72.985,6.9593]]]}},{"type":"Feature","properties":{"nombre":"La Esperanza - el Duende","tipo":"vereda","fuente":"DANE","municipio":"Piedecuesta","codigo":"68547025","hectareas":1446.3},"geometry":{"type":"Polygon","coordinates":[[[-73.0389,6.9131],[-73.0453,6.9172],[-73.0505,6.917],[-73.0592,6.9107],[-73.0667,6.9136],[-73.0695,6.9092],[-73.0679,6.904],[-73.0686,6.9009],[-73.0741,6.9],[-73.0765,6.9007],[-73.079,6.8994],[-73.0774,6.8974],[-73.0792,6.8943],[-73.0795,6.8881],[-73.0725,6.8837],[-73.0665,6.8818],[-73.0625,6.8792],[-73.061,6.8764],[-73.0578,6.8742],[-73.0564,6.8744],[-73.0563,6.8784],[-73.0536,6.8831],[-73.053,6.8815],[-73.0503,6.8817],[-73.0442,6.8848],[-73.0393,6.8932],[-73.0368,6.8951],[-73.0353,6.9029],[-73.0335,6.9056],[-73.0389,6.9131]]]}},{"type":"Feature","properties":{"nombre":"La Libertad los Curos","tipo":"vereda","fuente":"DANE","municipio":"Piedecuesta","codigo":"68547026","hectareas":500.6},"geometry":{"type":"Polygon","coordinates":[[[-72.9916,6.9347],[-72.9938,6.9348],[-72.9989,6.939],[-73.0037,6.9397],[-73.0139,6.9355],[-73.0193,6.9383],[-73.0209,6.9378],[-73.0173,6.9345],[-73.0137,6.9271],[-73.0083,6.922],[-73.0081,6.9209],[-73.0107,6.9208],[-73.0109,6.9228],[-73.0136,6.922],[-73.0114,6.922],[-73.012,6.9207],[-73.0098,6.9197],[-73.0102,6.9177],[-73.007,6.9153],[-73.0022,6.9081],[-73.0012,6.9115],[-73.0023,6.9134],[-73.0002,6.9136],[-72.9992,6.916],[-73.0001,6.9171],[-72.9995,6.9191],[-73.002,6.9208],[-73.0008,6.9209],[-73.0004,6.9225],[-72.9974,6.9221],[-72.995,6.9239],[-72.9956,6.9269],[-72.9934,6.9303],[-72.9914,6.9307],[-72.994,6.9314],[-72.9916,6.9347]]]}},{"type":"Feature","properties":{"nombre":"La Loma","tipo":"vereda","fuente":"DANE","municipio":"Piedecuesta","codigo":"68547027","hectareas":915.0},"geometry":{"type":"Polygon","coordinates":[[[-72.955,7.0403],[-72.9542,7.0482],[-72.9433,7.0673],[-72.9439,7.0696],[-72.945,7.0675],[-72.961,7.0578],[-72.9665,7.0505],[-72.9712,7.0491],[-72.9845,7.0399],[-72.9907,7.0388],[-72.9998,7.0392],[-73.0009,7.0358],[-73.0028,7.0351],[-73.002,7.0335],[-73.0033,7.0306],[-73.002,7.0271],[-72.9977,7.0287],[-72.9989,7.0304],[-72.9968,7.0309],[-72.9929,7.0308],[-72.9917,7.0291],[-72.9883,7.0302],[-72.984,7.0298],[-72.9811,7.0316],[-72.9734,7.0291],[-72.9667,7.0348],[-72.955,7.0403]]]}},{"type":"Feature","properties":{"nombre":"La Mata","tipo":"vereda","fuente":"DANE","municipio":"Piedecuesta","codigo":"68547028","hectareas":743.5},"geometry":{"type":"MultiPolygon","coordinates":[[[[-73.0207,7.0796],[-73.0206,7.0821],[-73.0229,7.0832],[-73.0255,7.0799],[-73.0285,7.0783],[-73.0299,7.0654],[-73.0324,7.0627],[-73.0327,7.0599],[-73.0292,7.057],[-73.0321,7.057],[-73.0339,7.054],[-73.0329,7.048],[-73.038,7.0413],[-73.0387,7.0361],[-73.0439,7.0314],[-73.045,7.0287],[-73.0532,7.028],[-73.0602,7.0292],[-73.0582,7.0276],[-73.0614,7.0247],[-73.0575,7.0249],[-73.056,7.0239],[-73.0574,7.024],[-73.056,7.0213],[-73.0552,7.0218],[-73.0537,7.0199],[-73.0515,7.0138],[-73.0482,7.015],[-73.0472,7.0172],[-73.0439,7.0164],[-73.0443,7.0222],[-73.0406,7.0232],[-73.037,7.0262],[-73.0326,7.0399],[-73.0306,7.0407],[-73.0273,7.0456],[-73.0262,7.0523],[-73.022,7.0577],[-73.0222,7.0637],[-73.02,7.0662],[-73.0206,7.0693],[-73.0196,7.0727],[-73.0207,7.0796]]],[[[-73.0611,7.0292],[-73.0608,7.0293],[-73.0612,7.0292],[-73.0611,7.0292]]]]}},{"type":"Feature","properties":{"nombre":"La Navarra","tipo":"vereda","fuente":"DANE","municipio":"Piedecuesta","codigo":"68547029","hectareas":566.6},"geometry":{"type":"Polygon","coordinates":[[[-73.0862,6.9454],[-73.088,6.9469],[-73.0949,6.9435],[-73.0896,6.9397],[-73.0951,6.9365],[-73.0953,6.9305],[-73.0926,6.9204],[-73.0885,6.9218],[-73.0831,6.928],[-73.0746,6.9304],[-73.0692,6.9308],[-73.0614,6.9256],[-73.0604,6.9266],[-73.0589,6.9311],[-73.0658,6.9312],[-73.0678,6.9391],[-73.0862,6.9454]]]}},{"type":"Feature","properties":{"nombre":"La Nevera","tipo":"vereda","fuente":"DANE","municipio":"Piedecuesta","codigo":"68547030","hectareas":1180.8},"geometry":{"type":"Polygon","coordinates":[[[-73.0099,7.1011],[-73.0112,7.1025],[-73.0137,7.1019],[-73.0194,7.0976],[-73.0229,7.0976],[-73.0266,7.0935],[-73.0271,7.0796],[-73.0255,7.0799],[-73.023,7.0832],[-73.0207,7.0822],[-73.0196,7.0727],[-73.0206,7.0693],[-73.02,7.0662],[-73.0221,7.0637],[-73.0228,7.061],[-73.0219,7.0579],[-73.0268,7.0503],[-73.0268,7.047],[-73.0243,7.0463],[-73.018,7.0485],[-73.014,7.0467],[-73.0088,7.0468],[-73.0072,7.0472],[-73.0073,7.0491],[-73.006,7.05],[-73.0051,7.0553],[-73.0064,7.0575],[-73.0052,7.0681],[-73.0063,7.0703],[-73.0059,7.0752],[-73.0,7.086],[-72.9996,7.0891],[-73.0008,7.0932],[-73.0037,7.0948],[-73.005,7.0936],[-73.0077,7.0938],[-73.0077,7.092],[-73.0117,7.0938],[-73.0114,7.0987],[-73.0099,7.1011]]]}},{"type":"Feature","properties":{"nombre":"La Vega","tipo":"vereda","fuente":"DANE","municipio":"Piedecuesta","codigo":"68547031","hectareas":312.4},"geometry":{"type":"Polygon","coordinates":[[[-72.9694,6.9633],[-72.9697,6.9684],[-72.9679,6.9686],[-72.9673,6.9715],[-72.9689,6.9734],[-72.9709,6.9811],[-72.9739,6.9795],[-72.9711,6.9861],[-72.9781,6.9783],[-72.9782,6.9713],[-72.9799,6.9689],[-72.9805,6.9652],[-72.985,6.9593],[-72.9872,6.959],[-72.9876,6.957],[-72.9852,6.9556],[-72.9818,6.9553],[-72.9791,6.9569],[-72.9753,6.9561],[-72.9768,6.9603],[-72.9723,6.9613],[-72.9694,6.9633]]]}},{"type":"Feature","properties":{"nombre":"Las Amarillas","tipo":"vereda","fuente":"DANE","municipio":"Piedecuesta","codigo":"68547032","hectareas":310.3},"geometry":{"type":"Polygon","coordinates":[[[-73.0354,6.9933],[-73.0384,6.9945],[-73.0391,6.9915],[-73.0421,6.9882],[-73.0417,6.9864],[-73.0459,6.9799],[-73.0459,6.9765],[-73.0428,6.9778],[-73.0424,6.979],[-73.039,6.9792],[-73.0393,6.977],[-73.0382,6.9783],[-73.0364,6.9775],[-73.0315,6.9821],[-73.0278,6.9836],[-73.0243,6.9834],[-73.0207,6.9811],[-73.0206,6.9828],[-73.0175,6.9822],[-73.0124,6.9877],[-73.0134,6.9918],[-73.0173,6.9931],[-73.0188,6.9907],[-73.0181,6.9896],[-73.0155,6.9891],[-73.0158,6.9869],[-73.025,6.9855],[-73.0286,6.9883],[-73.0294,6.991],[-73.0323,6.9923],[-73.0335,6.9902],[-73.0345,6.9932],[-73.0354,6.9933]]]}},{"type":"Feature","properties":{"nombre":"Los Cacaos","tipo":"vereda","fuente":"DANE","municipio":"Piedecuesta","codigo":"68547033","hectareas":1448.7},"geometry":{"type":"Polygon","coordinates":[[[-73.0178,6.8835],[-73.0186,6.8903],[-73.0211,6.8925],[-73.0272,6.8881],[-73.0276,6.8847],[-73.0303,6.8792],[-73.0392,6.8805],[-73.0432,6.8793],[-73.0444,6.8776],[-73.0453,6.8811],[-73.0482,6.8809],[-73.0474,6.8829],[-73.053,6.8815],[-73.0531,6.8833],[-73.0566,6.8768],[-73.056,6.8749],[-73.0531,6.8741],[-73.0521,6.8717],[-73.0466,6.8676],[-73.0452,6.862],[-73.041,6.8559],[-73.0362,6.8542],[-73.0306,6.8569],[-73.0308,6.8496],[-73.0197,6.8438],[-73.0217,6.8491],[-73.0149,6.8527],[-73.0089,6.8511],[-73.0081,6.8539],[-73.005,6.8553],[-73.0164,6.8815],[-73.0183,6.8817],[-73.0178,6.8835]]]}},{"type":"Feature","properties":{"nombre":"Los Colorados","tipo":"vereda","fuente":"DANE","municipio":"Piedecuesta","codigo":"68547034","hectareas":228.6},"geometry":{"type":"Polygon","coordinates":[[[-73.0511,6.968],[-73.0502,6.9694],[-73.0533,6.9743],[-73.0539,6.972],[-73.0557,6.9708],[-73.0555,6.969],[-73.0612,6.9675],[-73.0596,6.9653],[-73.0554,6.9643],[-73.0535,6.9604],[-73.0495,6.9588],[-73.0477,6.9601],[-73.0446,6.9588],[-73.0433,6.9593],[-73.0394,6.9544],[-73.0375,6.9565],[-73.0354,6.9507],[-73.0334,6.9544],[-73.0347,6.9576],[-73.0397,6.9615],[-73.0405,6.9673],[-73.0502,6.9655],[-73.0517,6.9674],[-73.0511,6.968]]]}},{"type":"Feature","properties":{"nombre":"Los Llanitos","tipo":"vereda","fuente":"DANE","municipio":"Piedecuesta","codigo":"68547035","hectareas":816.5},"geometry":{"type":"Polygon","coordinates":[[[-73.0255,6.9829],[-73.0278,6.9836],[-73.0315,6.9821],[-73.035,6.9782],[-73.0365,6.9775],[-73.0382,6.9783],[-73.0398,6.9758],[-73.0442,6.9742],[-73.0451,6.9735],[-73.0445,6.9725],[-73.0486,6.9699],[-73.0481,6.968],[-73.0474,6.9693],[-73.0455,6.9682],[-73.0394,6.9694],[-73.0416,6.9685],[-73.0399,6.9664],[-73.0397,6.9615],[-73.0332,6.9563],[-73.0293,6.9568],[-73.0184,6.963],[-73.0125,6.965],[-73.004,6.9716],[-72.9997,6.9722],[-73.0057,6.9795],[-73.0079,6.9762],[-73.011,6.9756],[-73.0132,6.9716],[-73.0172,6.9741],[-73.0152,6.977],[-73.0175,6.9822],[-73.0204,6.9828],[-73.021,6.981],[-73.0243,6.9834],[-73.0255,6.9829]]]}},{"type":"Feature","properties":{"nombre":"Lugencio","tipo":"vereda","fuente":"DANE","municipio":"Piedecuesta","codigo":"68547036","hectareas":106.4},"geometry":{"type":"Polygon","coordinates":[[[-72.9489,6.866],[-72.9513,6.8664],[-72.9521,6.8647],[-72.954,6.8653],[-72.9673,6.8582],[-72.9664,6.8542],[-72.9629,6.8549],[-72.9616,6.8586],[-72.9527,6.8572],[-72.9489,6.866]]]}},{"type":"Feature","properties":{"nombre":"Manco","tipo":"vereda","fuente":"DANE","municipio":"Piedecuesta","codigo":"68547037","hectareas":507.1},"geometry":{"type":"Polygon","coordinates":[[[-72.9821,6.9173],[-72.9854,6.9185],[-72.9927,6.9171],[-73.0023,6.9134],[-73.0012,6.9115],[-73.0023,6.9082],[-73.0014,6.9027],[-72.9996,6.9002],[-72.9976,6.8933],[-72.9978,6.8847],[-72.9921,6.8911],[-72.9907,6.8951],[-72.9853,6.8985],[-72.9834,6.9019],[-72.9815,6.9115],[-72.9821,6.9173]]]}},{"type":"Feature","properties":{"nombre":"Mensuly","tipo":"vereda","fuente":"DANE","municipio":"Piedecuesta","codigo":"68547038","hectareas":891.5},"geometry":{"type":"Polygon","coordinates":[[[-73.0297,7.0678],[-73.0295,7.0713],[-73.0323,7.0677],[-73.0375,7.0661],[-73.0407,7.0591],[-73.0428,7.0567],[-73.0449,7.0562],[-73.046,7.0537],[-73.0485,7.0517],[-73.049,7.0471],[-73.0508,7.0444],[-73.0542,7.044],[-73.0614,7.0395],[-73.0694,7.0369],[-73.075,7.0375],[-73.0771,7.0347],[-73.0743,7.0295],[-73.0785,7.0246],[-73.0779,7.0232],[-73.0734,7.0257],[-73.0666,7.0269],[-73.0701,7.0301],[-73.0713,7.0334],[-73.0662,7.0327],[-73.0662,7.0292],[-73.0604,7.0295],[-73.0532,7.028],[-73.045,7.0287],[-73.0439,7.0314],[-73.0387,7.0361],[-73.038,7.0413],[-73.0329,7.048],[-73.0337,7.0543],[-73.0321,7.057],[-73.0292,7.057],[-73.0327,7.0598],[-73.0324,7.0627],[-73.0301,7.0647],[-73.0297,7.0678]]]}},{"type":"Feature","properties":{"nombre":"Mesitas de San Javier","tipo":"vereda","fuente":"DANE","municipio":"Piedecuesta","codigo":"68547039","hectareas":1838.0},"geometry":{"type":"Polygon","coordinates":[[[-73.0589,6.9311],[-73.0614,6.9256],[-73.0692,6.9308],[-73.0746,6.9304],[-73.0831,6.928],[-73.0885,6.9218],[-73.0926,6.9204],[-73.0953,6.9305],[-73.0951,6.9365],[-73.0995,6.9346],[-73.1034,6.9289],[-73.0993,6.9183],[-73.1057,6.9104],[-73.1028,6.9083],[-73.1025,6.9053],[-73.0997,6.9053],[-73.099,6.9035],[-73.0958,6.902],[-73.0953,6.9002],[-73.0934,6.9001],[-73.0888,6.8911],[-73.0783,6.8861],[-73.0776,6.8865],[-73.0798,6.8892],[-73.0787,6.8917],[-73.0792,6.8943],[-73.0774,6.8974],[-73.079,6.8994],[-73.0765,6.9007],[-73.0741,6.9],[-73.0686,6.9009],[-73.0679,6.904],[-73.0695,6.9092],[-73.0667,6.9136],[-73.0592,6.9107],[-73.0563,6.9137],[-73.0526,6.9148],[-73.0501,6.9171],[-73.0445,6.9171],[-73.0389,6.9131],[-73.0349,6.9162],[-73.0369,6.92],[-73.0402,6.9212],[-73.0404,6.923],[-73.0495,6.9311],[-73.0554,6.9341],[-73.0589,6.9311]]]}},{"type":"Feature","properties":{"nombre":"Miraflores","tipo":"vereda","fuente":"DANE","municipio":"Piedecuesta","codigo":"68547040","hectareas":469.1},"geometry":{"type":"Polygon","coordinates":[[[-72.9869,6.9772],[-72.9895,6.9785],[-72.99,6.9816],[-72.9882,6.9821],[-72.9861,6.9869],[-72.9862,6.9905],[-72.9847,6.9919],[-72.9849,6.9944],[-72.989,6.9979],[-72.9916,6.9957],[-72.9967,6.9952],[-72.9954,6.992],[-72.996,6.9883],[-72.9946,6.9859],[-72.9958,6.9817],[-72.9988,6.9821],[-73.0012,6.9791],[-73.0028,6.981],[-73.0073,6.9816],[-72.9997,6.9722],[-73.0,6.9696],[-72.9979,6.9684],[-72.9981,6.9664],[-72.9954,6.9662],[-72.9952,6.9639],[-72.992,6.963],[-72.9881,6.9627],[-72.9877,6.9662],[-72.9851,6.9629],[-72.9869,6.9772]]]}},{"type":"Feature","properties":{"nombre":"Monteredondo","tipo":"vereda","fuente":"DANE","municipio":"Piedecuesta","codigo":"68547041","hectareas":530.9},"geometry":{"type":"Polygon","coordinates":[[[-73.0862,6.9454],[-73.0854,6.957],[-73.0877,6.9617],[-73.0873,6.9642],[-73.0933,6.9674],[-73.0937,6.9686],[-73.0959,6.9675],[-73.0995,6.9679],[-73.1027,6.9657],[-73.1061,6.9667],[-73.1084,6.9629],[-73.1069,6.9597],[-73.107,6.9518],[-73.1036,6.9497],[-73.1024,6.9452],[-73.0949,6.9435],[-73.088,6.9469],[-73.0862,6.9454]]]}},{"type":"Feature","properties":{"nombre":"Pajonal","tipo":"vereda","fuente":"DANE","municipio":"Piedecuesta","codigo":"68547042","hectareas":429.1},"geometry":{"type":"Polygon","coordinates":[[[-73.0806,6.9721],[-73.0888,6.9735],[-73.0945,6.9682],[-73.0935,6.9685],[-73.0933,6.9674],[-73.0872,6.964],[-73.0877,6.9617],[-73.0854,6.957],[-73.0862,6.9454],[-73.0791,6.9426],[-73.0784,6.9447],[-73.0746,6.9439],[-73.0716,6.949],[-73.0769,6.9484],[-73.0773,6.9528],[-73.0748,6.9535],[-73.0743,6.9647],[-73.0754,6.9668],[-73.0772,6.9674],[-73.0756,6.9686],[-73.0784,6.9692],[-73.0806,6.9721]]]}},{"type":"Feature","properties":{"nombre":"Pavas","tipo":"vereda","fuente":"DANE","municipio":"Piedecuesta","codigo":"68547043","hectareas":1078.6},"geometry":{"type":"Polygon","coordinates":[[[-72.9637,6.8187],[-72.9709,6.8209],[-72.9742,6.8183],[-72.9805,6.816],[-72.9816,6.812],[-72.985,6.8089],[-72.9845,6.8034],[-72.9854,6.799],[-72.9833,6.7942],[-72.9839,6.7917],[-72.9712,6.7905],[-72.958,6.7926],[-72.9545,6.8004],[-72.9499,6.8024],[-72.9497,6.8079],[-72.9471,6.8123],[-72.947,6.8153],[-72.9462,6.8153],[-72.9483,6.8189],[-72.9519,6.8182],[-72.9557,6.8196],[-72.9637,6.8187]]]}},{"type":"Feature","properties":{"nombre":"Pescadero","tipo":"vereda","fuente":"DANE","municipio":"Piedecuesta","codigo":"68547044","hectareas":1239.3},"geometry":{"type":"Polygon","coordinates":[[[-73.006,6.8543],[-73.0081,6.8539],[-73.0089,6.8511],[-73.0149,6.8527],[-73.0186,6.8515],[-73.0221,6.8484],[-73.0198,6.8441],[-73.0176,6.8443],[-73.0136,6.8388],[-73.0142,6.8365],[-73.0109,6.8334],[-73.0055,6.8321],[-73.0038,6.8288],[-73.0041,6.8241],[-72.9998,6.8203],[-72.9989,6.817],[-72.9898,6.8135],[-72.985,6.8089],[-72.9816,6.812],[-72.9803,6.8162],[-72.9742,6.8183],[-72.9709,6.8209],[-72.9637,6.8187],[-72.9646,6.8213],[-72.9636,6.8245],[-72.9642,6.8282],[-72.966,6.8303],[-72.97,6.8284],[-72.9746,6.8241],[-72.9789,6.8238],[-72.9859,6.8255],[-72.9853,6.8415],[-72.9917,6.8412],[-72.9928,6.8418],[-72.9908,6.8438],[-72.9917,6.8469],[-72.994,6.8483],[-72.997,6.8482],[-72.9964,6.8499],[-73.0048,6.8525],[-73.006,6.8543]]]}},{"type":"Feature","properties":{"nombre":"Pinchote","tipo":"vereda","fuente":"DANE","municipio":"Piedecuesta","codigo":"68547045","hectareas":156.3},"geometry":{"type":"Polygon","coordinates":[[[-72.9997,7.0051],[-72.9959,7.0045],[-72.9934,7.0066],[-72.9873,7.0077],[-72.9861,7.0093],[-72.9807,7.012],[-72.9779,7.0142],[-72.9766,7.0206],[-72.9967,7.0101],[-72.998,7.0085],[-72.9964,7.0073],[-72.9997,7.0051]]]}},{"type":"Feature","properties":{"nombre":"Planadas","tipo":"vereda","fuente":"DANE","municipio":"Piedecuesta","codigo":"68547046","hectareas":1336.2},"geometry":{"type":"Polygon","coordinates":[[[-72.9711,6.9861],[-72.9713,6.9913],[-72.9684,7.0053],[-72.9656,7.0121],[-72.9593,7.0185],[-72.9558,7.0242],[-72.9533,7.0306],[-72.9532,7.0343],[-72.955,7.0403],[-72.9667,7.0348],[-72.9758,7.0271],[-72.9774,7.0239],[-72.9764,7.0188],[-72.9781,7.0139],[-72.9873,7.0077],[-72.9934,7.0066],[-72.9959,7.0045],[-72.9996,7.0052],[-73.0012,7.0],[-73.0028,6.9994],[-72.9967,6.9952],[-72.9916,6.9957],[-72.9892,6.998],[-72.9849,6.9944],[-72.9847,6.9919],[-72.9862,6.9905],[-72.9861,6.9869],[-72.9882,6.9821],[-72.99,6.9816],[-72.9886,6.9779],[-72.9869,6.9772],[-72.9853,6.9792],[-72.9825,6.9796],[-72.9787,6.9831],[-72.9756,6.9827],[-72.9711,6.9861]]]}},{"type":"Feature","properties":{"nombre":"Rio Negro","tipo":"vereda","fuente":"DANE","municipio":"Piedecuesta","codigo":"68547047","hectareas":857.1},"geometry":{"type":"Polygon","coordinates":[[[-72.9162,6.875],[-72.9158,6.8763],[-72.9205,6.8745],[-72.9332,6.8662],[-72.9401,6.8675],[-72.9446,6.8627],[-72.9456,6.8593],[-72.9313,6.845],[-72.9307,6.8408],[-72.924,6.8372],[-72.919,6.8433],[-72.9167,6.8495],[-72.9135,6.8537],[-72.913,6.858],[-72.9162,6.875]]]}},{"type":"Feature","properties":{"nombre":"San Francisco","tipo":"vereda","fuente":"DANE","municipio":"Piedecuesta","codigo":"68547048","hectareas":1126.4},"geometry":{"type":"Polygon","coordinates":[[[-73.0,6.9696],[-73.0017,6.9686],[-73.007,6.9608],[-73.0079,6.9547],[-73.0101,6.9529],[-73.0126,6.9524],[-73.0177,6.9543],[-73.0218,6.9515],[-73.0268,6.9519],[-73.0277,6.953],[-73.0265,6.9543],[-73.0284,6.9549],[-73.0287,6.9572],[-73.032,6.9562],[-73.0346,6.9574],[-73.0333,6.9541],[-73.0354,6.9507],[-73.0338,6.9473],[-73.0322,6.9476],[-73.0298,6.9501],[-73.0276,6.9498],[-73.0266,6.9483],[-73.0261,6.9496],[-73.0249,6.9493],[-73.0253,6.9449],[-73.0203,6.9388],[-73.0208,6.9381],[-73.0193,6.9383],[-73.0144,6.9356],[-73.0037,6.9397],[-72.9989,6.939],[-72.9938,6.9348],[-72.9916,6.9347],[-72.9841,6.9469],[-72.9848,6.9482],[-72.9814,6.9519],[-72.9809,6.9559],[-72.9855,6.9556],[-72.9875,6.9569],[-72.9872,6.959],[-72.985,6.9593],[-72.9848,6.9605],[-72.9855,6.9635],[-72.9876,6.9662],[-72.9881,6.9627],[-72.9951,6.9638],[-72.9953,6.9661],[-72.998,6.9663],[-72.9979,6.9684],[-73.0,6.9696]]]}},{"type":"Feature","properties":{"nombre":"San Isidro","tipo":"vereda","fuente":"DANE","municipio":"Piedecuesta","codigo":"68547049","hectareas":5433.2},"geometry":{"type":"Polygon","coordinates":[[[-72.909,7.0747],[-72.9111,7.077],[-72.9107,7.0816],[-72.9144,7.0846],[-72.9347,7.0938],[-72.9389,7.0979],[-72.9416,7.0972],[-72.9435,7.0953],[-72.9476,7.0847],[-72.9467,7.0806],[-72.9471,7.0749],[-72.9479,7.074],[-72.9516,7.0739],[-72.9519,7.0725],[-72.9495,7.0726],[-72.947,7.0706],[-72.9447,7.0725],[-72.9432,7.0677],[-72.9545,7.0475],[-72.955,7.0408],[-72.9532,7.0312],[-72.9558,7.0242],[-72.9593,7.0185],[-72.9656,7.0121],[-72.9684,7.0053],[-72.9713,6.9913],[-72.9711,6.9861],[-72.9662,6.9842],[-72.9594,6.9791],[-72.9561,6.9819],[-72.9548,6.9798],[-72.9496,6.9812],[-72.9434,6.9807],[-72.9393,6.9828],[-72.9352,6.9816],[-72.9253,6.9858],[-72.9245,6.9897],[-72.921,6.9961],[-72.922,7.0063],[-72.9176,7.0154],[-72.9145,7.0257],[-72.9136,7.0415],[-72.9167,7.0489],[-72.9085,7.0646],[-72.9077,7.0691],[-72.909,7.0747]]]}},{"type":"Feature","properties":{"nombre":"San Miguel","tipo":"vereda","fuente":"DANE","municipio":"Piedecuesta","codigo":"68547050","hectareas":399.3},"geometry":{"type":"Polygon","coordinates":[[[-73.005,6.9117],[-73.007,6.9153],[-73.0102,6.9177],[-73.0098,6.9197],[-73.0117,6.9201],[-73.0119,6.9222],[-73.0135,6.9218],[-73.0139,6.9202],[-73.0155,6.9213],[-73.0157,6.9201],[-73.0171,6.9206],[-73.0175,6.919],[-73.0162,6.9171],[-73.0172,6.9149],[-73.0242,6.9125],[-73.0274,6.9139],[-73.0248,6.9109],[-73.0249,6.9085],[-73.0183,6.8963],[-73.0211,6.8925],[-73.0152,6.8941],[-73.0121,6.8958],[-73.0112,6.8984],[-73.0078,6.8992],[-73.0074,6.9002],[-73.0111,6.9042],[-73.0054,6.9077],[-73.005,6.9117]]]}},{"type":"Feature","properties":{"nombre":"San Pio","tipo":"vereda","fuente":"DANE","municipio":"Piedecuesta","codigo":"68547051","hectareas":527.8},"geometry":{"type":"Polygon","coordinates":[[[-73.0022,6.9081],[-73.005,6.9117],[-73.0054,6.9077],[-73.0111,6.9042],[-73.0074,6.9002],[-73.0078,6.8992],[-73.0112,6.8984],[-73.0121,6.8958],[-73.0152,6.8941],[-73.0211,6.8924],[-73.0187,6.8906],[-73.0178,6.8835],[-73.0164,6.8825],[-73.0078,6.88],[-73.0022,6.8797],[-72.9978,6.8769],[-72.9952,6.8773],[-72.9982,6.8857],[-72.9976,6.8933],[-72.9996,6.9002],[-73.0014,6.9027],[-73.0022,6.9081]]]}},{"type":"Feature","properties":{"nombre":"Santa Rita","tipo":"vereda","fuente":"DANE","municipio":"Piedecuesta","codigo":"68547052","hectareas":1465.2},"geometry":{"type":"Polygon","coordinates":[[[-72.9809,7.1102],[-72.9913,7.1081],[-72.9959,7.1117],[-73.0028,7.1036],[-73.0029,7.0999],[-73.0099,7.1011],[-73.0105,7.1005],[-73.0117,7.0939],[-73.0078,7.092],[-73.0077,7.0938],[-73.005,7.0936],[-73.0037,7.0948],[-73.0008,7.0932],[-72.9996,7.088],[-72.9978,7.0869],[-72.9904,7.0862],[-72.9883,7.0827],[-72.9778,7.0777],[-72.9704,7.0762],[-72.9686,7.077],[-72.9688,7.0755],[-72.9591,7.0726],[-72.9585,7.0741],[-72.9618,7.0793],[-72.9616,7.083],[-72.96,7.0848],[-72.9612,7.0919],[-72.9606,7.0957],[-72.9636,7.0993],[-72.9596,7.1062],[-72.9608,7.1065],[-72.9639,7.1044],[-72.9706,7.1085],[-72.9809,7.1102]]]}},{"type":"Feature","properties":{"nombre":"Sevilla","tipo":"vereda","fuente":"DANE","municipio":"Piedecuesta","codigo":"68547053","hectareas":461.4},"geometry":{"type":"Polygon","coordinates":[[[-72.9734,7.0291],[-72.9811,7.0316],[-72.984,7.0298],[-72.9883,7.0302],[-72.9917,7.0291],[-72.9931,7.0309],[-72.9989,7.0304],[-72.9974,7.0282],[-72.9974,7.0224],[-72.9986,7.0202],[-73.0001,7.0219],[-73.0002,7.015],[-73.0007,7.014],[-73.0016,7.017],[-73.002,7.0107],[-73.0031,7.0115],[-72.9995,7.0069],[-72.9999,7.0048],[-72.9964,7.0073],[-72.998,7.0085],[-72.9967,7.0101],[-72.9766,7.0206],[-72.9772,7.0247],[-72.9734,7.0291]]]}},{"type":"Feature","properties":{"nombre":"Umpala Centro","tipo":"vereda","fuente":"DANE","municipio":"Piedecuesta","codigo":"68547054","hectareas":677.1},"geometry":{"type":"Polygon","coordinates":[[[-72.9711,6.8583],[-72.9821,6.8577],[-72.9842,6.8538],[-72.986,6.8346],[-72.9853,6.8252],[-72.9786,6.8237],[-72.9746,6.8241],[-72.97,6.8284],[-72.966,6.8303],[-72.9669,6.8326],[-72.966,6.8336],[-72.9676,6.8356],[-72.9675,6.8379],[-72.966,6.8381],[-72.9676,6.8425],[-72.9645,6.8464],[-72.967,6.8468],[-72.9685,6.8446],[-72.97,6.8454],[-72.9726,6.8434],[-72.9735,6.8441],[-72.9726,6.8456],[-72.9738,6.8478],[-72.9664,6.8542],[-72.9673,6.8582],[-72.9698,6.8575],[-72.9711,6.8583]]]}},{"type":"Feature","properties":{"nombre":"Urgua","tipo":"vereda","fuente":"DANE","municipio":"Piedecuesta","codigo":"68547055","hectareas":557.1},"geometry":{"type":"Polygon","coordinates":[[[-72.9595,6.8874],[-72.9595,6.8882],[-72.9608,6.8873],[-72.9648,6.8811],[-72.9713,6.8669],[-72.9742,6.8635],[-72.9733,6.8583],[-72.9698,6.8575],[-72.967,6.8582],[-72.954,6.8653],[-72.9521,6.8647],[-72.9513,6.8664],[-72.9489,6.866],[-72.9481,6.867],[-72.9487,6.8692],[-72.9475,6.8696],[-72.9471,6.8716],[-72.9456,6.8711],[-72.9459,6.8764],[-72.9594,6.8847],[-72.9602,6.8857],[-72.9595,6.8874]]]}},{"type":"Feature","properties":{"nombre":"Zaragoza","tipo":"vereda","fuente":"DANE","municipio":"Piedecuesta","codigo":"68547056","hectareas":140.2},"geometry":{"type":"Polygon","coordinates":[[[-73.0072,6.9816],[-73.0074,6.9835],[-73.0101,6.9868],[-73.0107,6.9906],[-73.0119,6.9879],[-73.0163,6.9844],[-73.0179,6.9816],[-73.0162,6.9802],[-73.0152,6.977],[-73.0172,6.9741],[-73.0127,6.9717],[-73.011,6.9756],[-73.0079,6.9762],[-73.0057,6.9795],[-73.0072,6.9816]]]}},{"type":"Feature","properties":{"nombre":"Agua Blanca","tipo":"vereda","fuente":"DANE","municipio":"Rionegro","codigo":"68615001","hectareas":849.0},"geometry":{"type":"Polygon","coordinates":[[[-73.0907,7.4546],[-73.1026,7.453],[-73.1056,7.4554],[-73.1099,7.4563],[-73.1138,7.4586],[-73.1155,7.4541],[-73.118,7.4522],[-73.1176,7.4502],[-73.1198,7.4495],[-73.1211,7.4507],[-73.1217,7.448],[-73.1192,7.4449],[-73.1158,7.4445],[-73.1109,7.4364],[-73.0975,7.4336],[-73.0939,7.43],[-73.0894,7.4297],[-73.0855,7.4266],[-73.0819,7.439],[-73.0821,7.4432],[-73.0851,7.4472],[-73.089,7.4497],[-73.0907,7.4546]]]}},{"type":"Feature","properties":{"nombre":"Aguablanca","tipo":"vereda","fuente":"DANE","municipio":"Rionegro","codigo":"68615002","hectareas":913.1},"geometry":{"type":"Polygon","coordinates":[[[-73.2879,7.4331],[-73.2897,7.4344],[-73.2906,7.4336],[-73.2947,7.4337],[-73.2958,7.4321],[-73.2975,7.4322],[-73.2974,7.4333],[-73.2987,7.4326],[-73.2978,7.4363],[-73.2999,7.4397],[-73.3033,7.4411],[-73.3044,7.4396],[-73.3067,7.4408],[-73.3071,7.4423],[-73.3093,7.437],[-73.3119,7.4389],[-73.3158,7.4396],[-73.3181,7.4382],[-73.3167,7.4323],[-73.3177,7.4304],[-73.3247,7.428],[-73.3281,7.4252],[-73.3297,7.4262],[-73.3318,7.4257],[-73.3263,7.418],[-73.3239,7.4181],[-73.3196,7.4211],[-73.3147,7.4212],[-73.3114,7.4243],[-73.312,7.4189],[-73.3082,7.4192],[-73.3071,7.4183],[-73.3048,7.4199],[-73.3037,7.41],[-73.2925,7.4034],[-73.2907,7.4043],[-73.2914,7.4068],[-73.2893,7.4094],[-73.2946,7.4116],[-73.2937,7.4136],[-73.2899,7.4131],[-73.292,7.417],[-73.2909,7.4291],[-73.2878,7.4299],[-73.2879,7.4331]]]}},{"type":"Feature","properties":{"nombre":"Aguada","tipo":"vereda","fuente":"DANE","municipio":"Rionegro","codigo":"68615003","hectareas":985.5},"geometry":{"type":"Polygon","coordinates":[[[-73.0855,7.4266],[-73.0894,7.4297],[-73.0939,7.43],[-73.0975,7.4336],[-73.1109,7.4364],[-73.1158,7.4445],[-73.1192,7.4449],[-73.1216,7.4477],[-73.1223,7.4457],[-73.1244,7.446],[-73.1247,7.4445],[-73.1262,7.4448],[-73.127,7.4429],[-73.1292,7.4444],[-73.1285,7.4411],[-73.1302,7.4408],[-73.131,7.4387],[-73.1333,7.4398],[-73.135,7.4389],[-73.1381,7.4399],[-73.1374,7.4384],[-73.1395,7.4387],[-73.1411,7.4367],[-73.1422,7.4389],[-73.1463,7.4379],[-73.1474,7.4365],[-73.1464,7.4349],[-73.1428,7.4352],[-73.1427,7.4322],[-73.1388,7.432],[-73.1367,7.433],[-73.1354,7.4315],[-73.1313,7.4343],[-73.1274,7.4336],[-73.1241,7.4292],[-73.1203,7.4284],[-73.1199,7.424],[-73.1153,7.4202],[-73.1132,7.4154],[-73.1099,7.4199],[-73.1083,7.4205],[-73.0992,7.4159],[-73.0924,7.4141],[-73.0855,7.4266]]]}},{"type":"Feature","properties":{"nombre":"Algarruba","tipo":"vereda","fuente":"DANE","municipio":"Rionegro","codigo":"68615004","hectareas":917.4},"geometry":{"type":"Polygon","coordinates":[[[-73.2258,7.4228],[-73.2294,7.4244],[-73.2339,7.43],[-73.236,7.4277],[-73.2352,7.4231],[-73.2404,7.4226],[-73.2416,7.4206],[-73.2454,7.4188],[-73.2572,7.4174],[-73.2608,7.4155],[-73.2628,7.4081],[-73.2654,7.4063],[-73.2656,7.4049],[-73.2631,7.4027],[-73.2624,7.3996],[-73.259,7.3944],[-73.2592,7.3922],[-73.254,7.3908],[-73.2522,7.3921],[-73.2475,7.3922],[-73.2434,7.3989],[-73.2403,7.4005],[-73.239,7.4026],[-73.2362,7.4036],[-73.2354,7.4078],[-73.2304,7.4133],[-73.2258,7.4228]]]}},{"type":"Feature","properties":{"nombre":"Altamira","tipo":"vereda","fuente":"DANE","municipio":"Rionegro","codigo":"68615005","hectareas":899.0},"geometry":{"type":"Polygon","coordinates":[[[-73.1991,7.386],[-73.2009,7.3854],[-73.206,7.3868],[-73.2082,7.3856],[-73.2119,7.3873],[-73.2162,7.387],[-73.222,7.3895],[-73.2288,7.3902],[-73.2345,7.3931],[-73.2337,7.3859],[-73.2323,7.3836],[-73.2282,7.3812],[-73.2203,7.3733],[-73.2149,7.371],[-73.2132,7.3667],[-73.2134,7.361],[-73.2107,7.3581],[-73.2094,7.3595],[-73.205,7.3594],[-73.2041,7.3574],[-73.1989,7.3566],[-73.1987,7.359],[-73.1969,7.3596],[-73.1965,7.3629],[-73.1947,7.3639],[-73.1953,7.3692],[-73.1941,7.3744],[-73.1982,7.3818],[-73.1991,7.386]]]}},{"type":"Feature","properties":{"nombre":"Alto Bello","tipo":"vereda","fuente":"DANE","municipio":"Rionegro","codigo":"68615006","hectareas":502.1},"geometry":{"type":"Polygon","coordinates":[[[-73.1841,7.4025],[-73.1904,7.4015],[-73.199,7.3951],[-73.2035,7.3935],[-73.2013,7.3917],[-73.1982,7.3818],[-73.1948,7.3756],[-73.1893,7.3779],[-73.1831,7.3757],[-73.1806,7.3769],[-73.1809,7.3878],[-73.1841,7.4025]]]}},{"type":"Feature","properties":{"nombre":"Alto de Paja","tipo":"vereda","fuente":"DANE","municipio":"Rionegro","codigo":"68615007","hectareas":853.1},"geometry":{"type":"Polygon","coordinates":[[[-73.1555,7.2379],[-73.1579,7.2377],[-73.1594,7.2395],[-73.1607,7.2374],[-73.1598,7.2328],[-73.1626,7.2312],[-73.1649,7.2334],[-73.1687,7.2323],[-73.1725,7.2352],[-73.1745,7.2325],[-73.1751,7.2294],[-73.1815,7.2266],[-73.1809,7.2242],[-73.1824,7.222],[-73.1913,7.2141],[-73.1887,7.2111],[-73.1842,7.2112],[-73.1789,7.2076],[-73.1754,7.2109],[-73.1717,7.2121],[-73.1707,7.2137],[-73.1632,7.2108],[-73.1618,7.2144],[-73.1589,7.2165],[-73.1569,7.2159],[-73.1574,7.218],[-73.1556,7.218],[-73.153,7.221],[-73.1541,7.2229],[-73.153,7.2239],[-73.1538,7.2256],[-73.1521,7.2267],[-73.1506,7.2261],[-73.1503,7.2278],[-73.1469,7.2291],[-73.1466,7.233],[-73.1497,7.2347],[-73.1489,7.2388],[-73.1555,7.2379]]]}},{"type":"Feature","properties":{"nombre":"Berlin","tipo":"vereda","fuente":"DANE","municipio":"Rionegro","codigo":"68615008","hectareas":700.5},"geometry":{"type":"Polygon","coordinates":[[[-73.1235,7.3488],[-73.1279,7.3524],[-73.1318,7.3506],[-73.1362,7.3501],[-73.1347,7.348],[-73.1358,7.3469],[-73.1342,7.3456],[-73.1351,7.3422],[-73.1373,7.3408],[-73.1379,7.3379],[-73.1421,7.3338],[-73.1424,7.3293],[-73.1401,7.3217],[-73.1411,7.3193],[-73.1365,7.3179],[-73.1331,7.3135],[-73.1299,7.316],[-73.1282,7.321],[-73.1236,7.3228],[-73.1211,7.3269],[-73.1171,7.3291],[-73.1153,7.3337],[-73.118,7.339],[-73.1241,7.3404],[-73.1245,7.3379],[-73.1273,7.3375],[-73.1248,7.3453],[-73.1216,7.3476],[-73.1235,7.3488]]]}},{"type":"Feature","properties":{"nombre":"Bremen","tipo":"vereda","fuente":"DANE","municipio":"Rionegro","codigo":"68615009","hectareas":511.1},"geometry":{"type":"Polygon","coordinates":[[[-73.1226,7.2785],[-73.1277,7.2779],[-73.1313,7.2822],[-73.1323,7.2857],[-73.1349,7.286],[-73.1382,7.2887],[-73.1385,7.2904],[-73.1448,7.2887],[-73.1488,7.285],[-73.1498,7.2801],[-73.153,7.2781],[-73.1497,7.2765],[-73.1511,7.2726],[-73.1504,7.2678],[-73.147,7.2658],[-73.1461,7.2635],[-73.1501,7.2569],[-73.1449,7.2579],[-73.1438,7.2589],[-73.1438,7.2611],[-73.1418,7.2606],[-73.1421,7.2624],[-73.1396,7.263],[-73.1434,7.2636],[-73.1416,7.2704],[-73.1397,7.2717],[-73.1368,7.271],[-73.1324,7.2741],[-73.1267,7.2743],[-73.1241,7.276],[-73.1226,7.2785]]]}},{"type":"Feature","properties":{"nombre":"Caiman","tipo":"vereda","fuente":"DANE","municipio":"Rionegro","codigo":"68615010","hectareas":429.5},"geometry":{"type":"Polygon","coordinates":[[[-73.2073,7.4074],[-73.2073,7.4092],[-73.2108,7.4129],[-73.2147,7.4216],[-73.2181,7.4253],[-73.219,7.4244],[-73.2222,7.4243],[-73.2224,7.4215],[-73.2259,7.422],[-73.2296,7.4166],[-73.2304,7.4133],[-73.2356,7.4072],[-73.2312,7.4075],[-73.2213,7.4053],[-73.2131,7.4051],[-73.2113,7.4042],[-73.2082,7.3998],[-73.2068,7.4036],[-73.2073,7.4074]]]}},{"type":"Feature","properties":{"nombre":"Calichana","tipo":"vereda","fuente":"DANE","municipio":"Rionegro","codigo":"68615011","hectareas":372.7},"geometry":{"type":"Polygon","coordinates":[[[-73.1921,7.4293],[-73.1944,7.4274],[-73.1944,7.4233],[-73.1989,7.4197],[-73.2039,7.4259],[-73.211,7.4284],[-73.2157,7.4279],[-73.2189,7.4288],[-73.2216,7.4319],[-73.2259,7.422],[-73.2224,7.4215],[-73.2222,7.4243],[-73.2179,7.4252],[-73.2147,7.4216],[-73.2108,7.4129],[-73.2073,7.4092],[-73.2073,7.4074],[-73.2063,7.4088],[-73.2037,7.4094],[-73.2033,7.4136],[-73.2001,7.4125],[-73.1981,7.4146],[-73.1979,7.4165],[-73.1951,7.4168],[-73.1955,7.4191],[-73.1937,7.4205],[-73.1942,7.4222],[-73.1908,7.4249],[-73.1921,7.4293]]]}},{"type":"Feature","properties":{"nombre":"Campo Amor","tipo":"vereda","fuente":"DANE","municipio":"Rionegro","codigo":"68615012","hectareas":222.0},"geometry":{"type":"Polygon","coordinates":[[[-73.1816,7.2234],[-73.1832,7.2251],[-73.1865,7.2253],[-73.1896,7.2298],[-73.1918,7.231],[-73.1941,7.2278],[-73.2002,7.2242],[-73.2029,7.2199],[-73.1942,7.2166],[-73.1913,7.2141],[-73.1816,7.2234]]]}},{"type":"Feature","properties":{"nombre":"Carpinteros","tipo":"vereda","fuente":"DANE","municipio":"Rionegro","codigo":"68615018","hectareas":595.7},"geometry":{"type":"Polygon","coordinates":[[[-73.1655,7.3267],[-73.1665,7.3296],[-73.1661,7.3319],[-73.1686,7.3357],[-73.169,7.3332],[-73.178,7.3326],[-73.1767,7.3316],[-73.1745,7.3252],[-73.1717,7.3249],[-73.1722,7.3214],[-73.1748,7.3168],[-73.1748,7.311],[-73.1736,7.3073],[-73.178,7.3037],[-73.175,7.3026],[-73.174,7.2968],[-73.1717,7.2974],[-73.1689,7.2954],[-73.1649,7.2955],[-73.1603,7.2987],[-73.1555,7.2957],[-73.1584,7.3088],[-73.1655,7.3267]]]}},{"type":"Feature","properties":{"nombre":"Catatumbo","tipo":"vereda","fuente":"DANE","municipio":"Rionegro","codigo":"68615019","hectareas":1488.7},"geometry":{"type":"Polygon","coordinates":[[[-73.2947,7.4578],[-73.3011,7.464],[-73.3158,7.4604],[-73.3176,7.464],[-73.3223,7.4643],[-73.3301,7.4618],[-73.3331,7.4655],[-73.334,7.4635],[-73.3321,7.4576],[-73.3329,7.4546],[-73.339,7.4506],[-73.3411,7.4459],[-73.3448,7.4458],[-73.3459,7.4428],[-73.3489,7.4417],[-73.3496,7.44],[-73.3508,7.4403],[-73.3542,7.4348],[-73.3551,7.435],[-73.3529,7.4307],[-73.3482,7.4313],[-73.3453,7.4275],[-73.3426,7.4299],[-73.341,7.4282],[-73.3397,7.4308],[-73.3367,7.4279],[-73.3339,7.4276],[-73.3318,7.4257],[-73.3297,7.4262],[-73.3279,7.4253],[-73.3247,7.428],[-73.3172,7.4308],[-73.3167,7.4326],[-73.3184,7.4377],[-73.317,7.4392],[-73.3125,7.4391],[-73.3095,7.437],[-73.3086,7.4376],[-73.3069,7.4421],[-73.3083,7.443],[-73.3064,7.4437],[-73.3078,7.4472],[-73.3057,7.4523],[-73.3063,7.4539],[-73.3028,7.456],[-73.3016,7.4547],[-73.3007,7.4559],[-73.2962,7.4547],[-73.2947,7.4578]]]}},{"type":"Feature","properties":{"nombre":"Caño Cinco","tipo":"vereda","fuente":"DANE","municipio":"Rionegro","codigo":"68615013","hectareas":1663.2},"geometry":{"type":"Polygon","coordinates":[[[-73.3982,7.5397],[-73.4037,7.5464],[-73.4088,7.5484],[-73.4154,7.553],[-73.4192,7.5498],[-73.4245,7.5395],[-73.4239,7.5377],[-73.4214,7.5362],[-73.4252,7.5318],[-73.4261,7.5281],[-73.4249,7.5222],[-73.4277,7.5189],[-73.4281,7.515],[-73.4265,7.5098],[-73.4275,7.4963],[-73.4153,7.4953],[-73.4157,7.4919],[-73.4132,7.4915],[-73.4108,7.4928],[-73.4077,7.4977],[-73.4047,7.4985],[-73.4015,7.5079],[-73.4032,7.5123],[-73.401,7.5217],[-73.3978,7.5239],[-73.3929,7.5303],[-73.3963,7.534],[-73.3982,7.5397]]]}},{"type":"Feature","properties":{"nombre":"Caño Diez","tipo":"vereda","fuente":"DANE","municipio":"Rionegro","codigo":"68615014","hectareas":3338.2},"geometry":{"type":"Polygon","coordinates":[[[-73.4837,7.5873],[-73.4856,7.5873],[-73.4866,7.591],[-73.489,7.5914],[-73.4895,7.5941],[-73.4937,7.5933],[-73.4947,7.5955],[-73.4969,7.5938],[-73.4987,7.596],[-73.5006,7.5959],[-73.5018,7.5993],[-73.5038,7.5979],[-73.5044,7.5956],[-73.5062,7.5975],[-73.5099,7.5943],[-73.5236,7.5894],[-73.5226,7.5875],[-73.5229,7.5839],[-73.5194,7.5822],[-73.5199,7.5762],[-73.5228,7.5693],[-73.5274,7.5645],[-73.5268,7.5574],[-73.5255,7.5547],[-73.5261,7.5472],[-73.5276,7.5464],[-73.5283,7.5427],[-73.526,7.542],[-73.5222,7.5446],[-73.5106,7.544],[-73.5036,7.5474],[-73.4954,7.5445],[-73.4858,7.5516],[-73.4771,7.5625],[-73.471,7.5599],[-73.4651,7.5627],[-73.4531,7.5614],[-73.4497,7.5628],[-73.4437,7.5619],[-73.4408,7.5637],[-73.4366,7.5627],[-73.429,7.5676],[-73.4284,7.5691],[-73.4285,7.5704],[-73.4321,7.5711],[-73.432,7.5732],[-73.4353,7.5772],[-73.4374,7.5763],[-73.4392,7.5739],[-73.443,7.5734],[-73.4449,7.5716],[-73.4499,7.572],[-73.4513,7.5759],[-73.454,7.5753],[-73.4562,7.5733],[-73.459,7.5764],[-73.4626,7.5744],[-73.4653,7.5768],[-73.4681,7.5763],[-73.4682,7.5794],[-73.4729,7.582],[-73.4735,7.5834],[-73.4837,7.5873]]]}},{"type":"Feature","properties":{"nombre":"Caño Doradas","tipo":"vereda","fuente":"DANE","municipio":"Rionegro","codigo":"68615015","hectareas":1768.9},"geometry":{"type":"Polygon","coordinates":[[[-73.6025,7.6942],[-73.605,7.6924],[-73.609,7.698],[-73.6115,7.6967],[-73.6191,7.7016],[-73.6307,7.7067],[-73.6296,7.7023],[-73.6244,7.6918],[-73.6247,7.6874],[-73.6215,7.6847],[-73.6211,7.6761],[-73.6167,7.6685],[-73.6158,7.6614],[-73.6102,7.6472],[-73.6023,7.6426],[-73.5985,7.6379],[-73.5955,7.6381],[-73.5864,7.6412],[-73.585,7.6434],[-73.5843,7.6487],[-73.5809,7.6476],[-73.5794,7.6495],[-73.5803,7.651],[-73.5798,7.6532],[-73.5812,7.6567],[-73.5847,7.6589],[-73.5854,7.663],[-73.5885,7.6642],[-73.5909,7.664],[-73.5915,7.6626],[-73.5953,7.6638],[-73.5937,7.6664],[-73.5965,7.6671],[-73.5959,7.6694],[-73.5979,7.669],[-73.5979,7.6708],[-73.5998,7.672],[-73.5979,7.6721],[-73.598,7.6738],[-73.5958,7.6732],[-73.5977,7.6752],[-73.597,7.6772],[-73.5992,7.6758],[-73.5989,7.6778],[-73.6007,7.6773],[-73.6009,7.6785],[-73.6037,7.6784],[-73.6013,7.6804],[-73.6036,7.6811],[-73.6028,7.6822],[-73.6038,7.6831],[-73.601,7.6836],[-73.6015,7.6849],[-73.6003,7.6863],[-73.6015,7.6878],[-73.6006,7.6895],[-73.6037,7.6889],[-73.6019,7.6912],[-73.6025,7.6942]]]}},{"type":"Feature","properties":{"nombre":"Caño Iguanas","tipo":"vereda","fuente":"DANE","municipio":"Rionegro","codigo":"68615016","hectareas":1319.1},"geometry":{"type":"Polygon","coordinates":[[[-73.6022,7.6958],[-73.6035,7.696],[-73.6018,7.698],[-73.6036,7.6981],[-73.6039,7.7005],[-73.6065,7.7037],[-73.6048,7.7055],[-73.608,7.7056],[-73.6101,7.7098],[-73.6096,7.7109],[-73.6136,7.71],[-73.6124,7.7126],[-73.611,7.7127],[-73.6138,7.714],[-73.6126,7.7169],[-73.6152,7.7203],[-73.6147,7.7215],[-73.6166,7.7202],[-73.6217,7.7214],[-73.6282,7.7267],[-73.6276,7.7278],[-73.6288,7.7288],[-73.6314,7.7294],[-73.6345,7.7284],[-73.636,7.7303],[-73.6354,7.7315],[-73.6393,7.7317],[-73.6407,7.7336],[-73.6446,7.7353],[-73.6462,7.7378],[-73.6499,7.7369],[-73.649,7.7313],[-73.6505,7.73],[-73.6527,7.7304],[-73.6546,7.7286],[-73.6546,7.726],[-73.6566,7.7213],[-73.6527,7.7188],[-73.6521,7.715],[-73.6507,7.7138],[-73.643,7.7116],[-73.6432,7.7085],[-73.6417,7.7043],[-73.6303,7.6982],[-73.6265,7.6949],[-73.6305,7.7068],[-73.6191,7.7016],[-73.6115,7.6967],[-73.609,7.698],[-73.605,7.6924],[-73.6025,7.6942],[-73.6022,7.6958]]]}},{"type":"Feature","properties":{"nombre":"Caño Siete","tipo":"vereda","fuente":"DANE","municipio":"Rionegro","codigo":"68615017","hectareas":4111.7},"geometry":{"type":"Polygon","coordinates":[[[-73.3583,7.5008],[-73.3608,7.4998],[-73.3614,7.4964],[-73.3633,7.495],[-73.3655,7.4972],[-73.3685,7.4969],[-73.3688,7.5012],[-73.3699,7.5024],[-73.3733,7.5013],[-73.3798,7.5032],[-73.382,7.5015],[-73.384,7.504],[-73.3886,7.5033],[-73.3933,7.5054],[-73.3958,7.5042],[-73.4026,7.5046],[-73.4047,7.4985],[-73.4077,7.4977],[-73.4108,7.4928],[-73.413,7.4915],[-73.4157,7.4919],[-73.4153,7.4953],[-73.4275,7.4963],[-73.4271,7.4935],[-73.4295,7.4901],[-73.4296,7.4877],[-73.4275,7.4852],[-73.4305,7.4822],[-73.4296,7.4823],[-73.4296,7.481],[-73.4276,7.4815],[-73.4232,7.4764],[-73.4177,7.4759],[-73.4133,7.4776],[-73.403,7.4677],[-73.3953,7.4677],[-73.392,7.4662],[-73.3874,7.4694],[-73.3823,7.4642],[-73.381,7.4649],[-73.3793,7.4637],[-73.371,7.4625],[-73.3586,7.4628],[-73.3566,7.4598],[-73.3571,7.4574],[-73.3555,7.4548],[-73.355,7.4506],[-73.3577,7.4479],[-73.3575,7.4456],[-73.3559,7.4444],[-73.3571,7.4418],[-73.3535,7.436],[-73.3508,7.4403],[-73.3496,7.44],[-73.3489,7.4417],[-73.3461,7.4427],[-73.3441,7.4462],[-73.3411,7.4459],[-73.339,7.4506],[-73.3324,7.4553],[-73.3321,7.4579],[-73.334,7.4635],[-73.3324,7.4732],[-73.3348,7.478],[-73.3339,7.4825],[-73.3347,7.4857],[-73.3425,7.4916],[-73.3453,7.4956],[-73.3497,7.499],[-73.3527,7.4997],[-73.3561,7.4978],[-73.3583,7.5008]]]}},{"type":"Feature","properties":{"nombre":"Ceiba","tipo":"vereda","fuente":"DANE","municipio":"Rionegro","codigo":"68615020","hectareas":485.2},"geometry":{"type":"Polygon","coordinates":[[[-73.1891,7.4169],[-73.1906,7.4243],[-73.1917,7.4249],[-73.1943,7.422],[-73.1937,7.4205],[-73.1955,7.4191],[-73.1951,7.4168],[-73.1979,7.4165],[-73.1981,7.4146],[-73.2001,7.4125],[-73.2033,7.4136],[-73.2037,7.4094],[-73.2067,7.4084],[-73.2068,7.4033],[-73.2082,7.3998],[-73.2045,7.3973],[-73.2035,7.3935],[-73.199,7.3951],[-73.1904,7.4015],[-73.1841,7.4025],[-73.1863,7.4113],[-73.1842,7.4132],[-73.1853,7.4155],[-73.1886,7.4155],[-73.1891,7.4169]]]}},{"type":"Feature","properties":{"nombre":"Centenario Mensuli","tipo":"vereda","fuente":"DANE","municipio":"Rionegro","codigo":"68615021","hectareas":1026.9},"geometry":{"type":"Polygon","coordinates":[[[-73.2392,7.366],[-73.2445,7.3732],[-73.2624,7.3741],[-73.2708,7.381],[-73.2708,7.3795],[-73.2736,7.378],[-73.2797,7.3774],[-73.2816,7.3728],[-73.2854,7.3681],[-73.2863,7.3625],[-73.2927,7.3585],[-73.2932,7.357],[-73.2863,7.3574],[-73.2817,7.3595],[-73.2789,7.3592],[-73.2726,7.3508],[-73.2725,7.3469],[-73.268,7.3473],[-73.2659,7.3429],[-73.2635,7.3415],[-73.2632,7.3464],[-73.2599,7.3579],[-73.2465,7.3654],[-73.2392,7.366]]]}},{"type":"Feature","properties":{"nombre":"Chiguagua","tipo":"vereda","fuente":"DANE","municipio":"Rionegro","codigo":"68615022","hectareas":2666.3},"geometry":{"type":"Polygon","coordinates":[[[-73.6577,7.7507],[-73.6626,7.7543],[-73.6653,7.7545],[-73.6678,7.7568],[-73.671,7.7636],[-73.6741,7.7661],[-73.679,7.7676],[-73.6801,7.7707],[-73.6822,7.7717],[-73.6839,7.7711],[-73.6845,7.7689],[-73.6877,7.7683],[-73.6895,7.7656],[-73.6954,7.7638],[-73.7003,7.76],[-73.7015,7.7584],[-73.7016,7.7538],[-73.7104,7.7487],[-73.71,7.7445],[-73.7051,7.7424],[-73.706,7.7391],[-73.7034,7.7382],[-73.7018,7.736],[-73.6982,7.7358],[-73.6968,7.7299],[-73.6933,7.7287],[-73.6893,7.7244],[-73.6884,7.7147],[-73.6839,7.7105],[-73.6822,7.7051],[-73.6792,7.7013],[-73.6779,7.7022],[-73.6781,7.7052],[-73.6724,7.7054],[-73.6711,7.7069],[-73.671,7.7087],[-73.6726,7.7108],[-73.6696,7.7122],[-73.6715,7.7139],[-73.6712,7.7163],[-73.6668,7.7181],[-73.6624,7.7258],[-73.6599,7.7209],[-73.6566,7.7213],[-73.6546,7.726],[-73.6546,7.7286],[-73.6527,7.7304],[-73.6505,7.73],[-73.649,7.7313],[-73.6507,7.7391],[-73.6549,7.7478],[-73.6577,7.7507]]]}},{"type":"Feature","properties":{"nombre":"Churricas","tipo":"vereda","fuente":"DANE","municipio":"Rionegro","codigo":"68615023","hectareas":514.1},"geometry":{"type":"Polygon","coordinates":[[[-73.1186,7.256],[-73.1168,7.2667],[-73.1165,7.2808],[-73.1182,7.2788],[-73.1226,7.2785],[-73.1241,7.276],[-73.1267,7.2743],[-73.1324,7.2741],[-73.1368,7.271],[-73.1397,7.2717],[-73.1418,7.2702],[-73.1434,7.2636],[-73.136,7.2622],[-73.1342,7.2582],[-73.1322,7.258],[-73.1292,7.2546],[-73.1268,7.2535],[-73.1249,7.255],[-73.1227,7.2533],[-73.1225,7.2548],[-73.1186,7.256]]]}},{"type":"Feature","properties":{"nombre":"Colorada","tipo":"vereda","fuente":"DANE","municipio":"Rionegro","codigo":"68615024","hectareas":617.5},"geometry":{"type":"Polygon","coordinates":[[[-73.1153,7.3337],[-73.1173,7.3289],[-73.1211,7.3269],[-73.1236,7.3228],[-73.128,7.3212],[-73.1304,7.3154],[-73.1341,7.3136],[-73.132,7.3098],[-73.1297,7.3002],[-73.1253,7.2954],[-73.1175,7.3049],[-73.1113,7.3061],[-73.1123,7.3086],[-73.1112,7.3189],[-73.1089,7.3263],[-73.1153,7.3337]]]}},{"type":"Feature","properties":{"nombre":"Corcavada","tipo":"vereda","fuente":"DANE","municipio":"Rionegro","codigo":"68615025","hectareas":1878.6},"geometry":{"type":"Polygon","coordinates":[[[-73.3689,7.5627],[-73.3748,7.5668],[-73.3865,7.582],[-73.3913,7.5817],[-73.3971,7.5787],[-73.3987,7.5754],[-73.3971,7.5723],[-73.3943,7.5703],[-73.3958,7.5677],[-73.4107,7.5648],[-73.4128,7.568],[-73.4127,7.562],[-73.4162,7.5532],[-73.4088,7.5484],[-73.4037,7.5464],[-73.3982,7.5397],[-73.3889,7.5408],[-73.3845,7.5399],[-73.3799,7.5432],[-73.3751,7.5425],[-73.3745,7.5481],[-73.3736,7.5489],[-73.3718,7.5486],[-73.3698,7.5459],[-73.3643,7.5444],[-73.3596,7.5351],[-73.3542,7.5376],[-73.3465,7.5371],[-73.3398,7.5417],[-73.331,7.5399],[-73.3263,7.5415],[-73.3264,7.5467],[-73.3278,7.547],[-73.3343,7.5459],[-73.346,7.5468],[-73.35,7.5434],[-73.3512,7.545],[-73.3548,7.5442],[-73.3579,7.5464],[-73.3603,7.5455],[-73.3637,7.547],[-73.3635,7.5535],[-73.3677,7.5533],[-73.3663,7.5548],[-73.3671,7.556],[-73.3661,7.5578],[-73.3671,7.5592],[-73.3689,7.5592],[-73.3691,7.5601],[-73.368,7.5603],[-73.3689,7.5627]]]}},{"type":"Feature","properties":{"nombre":"Cruces","tipo":"vereda","fuente":"DANE","municipio":"Rionegro","codigo":"68615026","hectareas":480.6},"geometry":{"type":"Polygon","coordinates":[[[-73.2474,7.2912],[-73.2493,7.2909],[-73.2502,7.2873],[-73.2566,7.2834],[-73.2558,7.2785],[-73.2532,7.2764],[-73.2516,7.2708],[-73.2523,7.2652],[-73.2505,7.2628],[-73.2448,7.2715],[-73.2373,7.2715],[-73.2316,7.2678],[-73.2257,7.2693],[-73.2292,7.2722],[-73.2321,7.2812],[-73.2374,7.2835],[-73.2403,7.2836],[-73.245,7.2866],[-73.2474,7.2912]]]}},{"type":"Feature","properties":{"nombre":"Cuesta Rica","tipo":"vereda","fuente":"DANE","municipio":"Rionegro","codigo":"68615027","hectareas":412.9},"geometry":{"type":"Polygon","coordinates":[[[-73.2623,7.4115],[-73.2685,7.4112],[-73.2747,7.4067],[-73.2755,7.4065],[-73.2754,7.4076],[-73.2777,7.4052],[-73.2837,7.4046],[-73.2852,7.4027],[-73.2876,7.4042],[-73.2907,7.4043],[-73.2798,7.3872],[-73.2784,7.3837],[-73.2797,7.382],[-73.2776,7.3781],[-73.2739,7.378],[-73.2707,7.3797],[-73.2708,7.381],[-73.2765,7.3873],[-73.2733,7.395],[-73.2714,7.3966],[-73.2719,7.398],[-73.2662,7.404],[-73.2654,7.4063],[-73.263,7.4079],[-73.2623,7.4115]]]}},{"type":"Feature","properties":{"nombre":"Diamante","tipo":"vereda","fuente":"DANE","municipio":"Rionegro","codigo":"68615028","hectareas":358.2},"geometry":{"type":"Polygon","coordinates":[[[-73.1885,7.2907],[-73.1894,7.2931],[-73.1948,7.296],[-73.1977,7.2951],[-73.2014,7.2973],[-73.2032,7.3],[-73.2075,7.2948],[-73.2127,7.2936],[-73.208,7.2902],[-73.2081,7.2884],[-73.2044,7.2804],[-73.2044,7.2782],[-73.2072,7.2728],[-73.2059,7.2719],[-73.2013,7.2756],[-73.1999,7.2749],[-73.1992,7.2759],[-73.198,7.2746],[-73.1955,7.2783],[-73.1977,7.2801],[-73.1932,7.2831],[-73.1957,7.2834],[-73.1965,7.2851],[-73.1918,7.2887],[-73.1892,7.2893],[-73.1885,7.2907]]]}},{"type":"Feature","properties":{"nombre":"Diviso Palmas","tipo":"vereda","fuente":"DANE","municipio":"Rionegro","codigo":"68615029","hectareas":578.9},"geometry":{"type":"Polygon","coordinates":[[[-73.151,7.3703],[-73.1535,7.3703],[-73.1624,7.376],[-73.1626,7.3814],[-73.1646,7.383],[-73.1698,7.3826],[-73.173,7.381],[-73.1739,7.3782],[-73.1806,7.3776],[-73.1821,7.3759],[-73.1773,7.3722],[-73.1758,7.3681],[-73.1762,7.3656],[-73.1749,7.3644],[-73.1714,7.3626],[-73.1631,7.3614],[-73.162,7.3623],[-73.1561,7.3622],[-73.1504,7.3581],[-73.149,7.3599],[-73.1464,7.3598],[-73.1407,7.3656],[-73.143,7.3672],[-73.1476,7.3672],[-73.151,7.3703]]]}},{"type":"Feature","properties":{"nombre":"El Aburrido","tipo":"vereda","fuente":"DANE","municipio":"Rionegro","codigo":"68615030","hectareas":681.5},"geometry":{"type":"Polygon","coordinates":[[[-73.0969,7.2527],[-73.1044,7.2601],[-73.1114,7.263],[-73.1175,7.2555],[-73.1207,7.2557],[-73.1228,7.2547],[-73.1227,7.2533],[-73.1249,7.255],[-73.1268,7.2535],[-73.1277,7.2539],[-73.1266,7.2468],[-73.1281,7.2425],[-73.1251,7.2378],[-73.1196,7.2349],[-73.1194,7.2325],[-73.1131,7.2305],[-73.1103,7.2345],[-73.1102,7.2365],[-73.1073,7.2394],[-73.1072,7.2434],[-73.0969,7.2527]]]}},{"type":"Feature","properties":{"nombre":"El Bambu","tipo":"vereda","fuente":"DANE","municipio":"Rionegro","codigo":"68615031","hectareas":147.4},"geometry":{"type":"Polygon","coordinates":[[[-73.1821,7.3756],[-73.1897,7.3778],[-73.1895,7.3675],[-73.1867,7.366],[-73.1797,7.3664],[-73.1777,7.3638],[-73.1759,7.3662],[-73.1761,7.3692],[-73.1796,7.3748],[-73.1807,7.3742],[-73.1821,7.3756]]]}},{"type":"Feature","properties":{"nombre":"El Cairo","tipo":"vereda","fuente":"DANE","municipio":"Rionegro","codigo":"68615032","hectareas":410.3},"geometry":{"type":"Polygon","coordinates":[[[-73.1543,7.3608],[-73.1567,7.3611],[-73.1601,7.3584],[-73.1662,7.3431],[-73.1648,7.3269],[-73.1587,7.3323],[-73.1536,7.343],[-73.1519,7.3445],[-73.1513,7.3473],[-73.1522,7.3484],[-73.1493,7.3482],[-73.1491,7.3527],[-73.1504,7.356],[-73.1496,7.3582],[-73.1543,7.3608]]]}},{"type":"Feature","properties":{"nombre":"Espuma Alta","tipo":"vereda","fuente":"DANE","municipio":"Rionegro","codigo":"68615033","hectareas":360.8},"geometry":{"type":"Polygon","coordinates":[[[-73.1714,7.4182],[-73.1728,7.4183],[-73.1726,7.4165],[-73.1738,7.4177],[-73.1737,7.4157],[-73.1754,7.4148],[-73.1778,7.4162],[-73.1788,7.4183],[-73.1807,7.4171],[-73.1808,7.418],[-73.1815,7.4171],[-73.1826,7.4178],[-73.1821,7.4156],[-73.1855,7.4154],[-73.1841,7.4127],[-73.1863,7.4113],[-73.1843,7.403],[-73.1771,7.401],[-73.1731,7.401],[-73.1623,7.4064],[-73.1598,7.4102],[-73.1666,7.4106],[-73.1654,7.4137],[-73.1714,7.4182]]]}},{"type":"Feature","properties":{"nombre":"Espuma Baja","tipo":"vereda","fuente":"DANE","municipio":"Rionegro","codigo":"68615034","hectareas":618.9},"geometry":{"type":"Polygon","coordinates":[[[-73.1484,7.4188],[-73.1511,7.4225],[-73.1549,7.4217],[-73.1547,7.417],[-73.1617,7.4071],[-73.1645,7.405],[-73.1675,7.4045],[-73.1703,7.402],[-73.1768,7.401],[-73.1843,7.403],[-73.1809,7.3878],[-73.1806,7.3776],[-73.1737,7.3784],[-73.1753,7.3811],[-73.1722,7.3844],[-73.1727,7.3854],[-73.1718,7.3861],[-73.1731,7.3874],[-73.1714,7.3883],[-73.1721,7.3906],[-73.1701,7.3926],[-73.1682,7.3922],[-73.1665,7.3933],[-73.1667,7.396],[-73.1628,7.3957],[-73.1605,7.4002],[-73.1576,7.4022],[-73.1555,7.4017],[-73.155,7.3994],[-73.1537,7.4002],[-73.1545,7.4029],[-73.1507,7.4015],[-73.1512,7.4059],[-73.1477,7.4161],[-73.1484,7.4188]]]}},{"type":"Feature","properties":{"nombre":"Florencia Caballito","tipo":"vereda","fuente":"DANE","municipio":"Rionegro","codigo":"68615035","hectareas":284.7},"geometry":{"type":"Polygon","coordinates":[[[-73.1777,7.3638],[-73.1797,7.3664],[-73.1867,7.366],[-73.1893,7.3672],[-73.1897,7.3778],[-73.1949,7.3756],[-73.194,7.3724],[-73.1953,7.3692],[-73.1944,7.3649],[-73.1965,7.3629],[-73.1978,7.3589],[-73.1951,7.3592],[-73.1954,7.3571],[-73.1936,7.3553],[-73.1914,7.3561],[-73.1932,7.3542],[-73.1909,7.3531],[-73.1896,7.3551],[-73.1875,7.3553],[-73.188,7.357],[-73.1829,7.3565],[-73.1819,7.3551],[-73.1787,7.3585],[-73.1788,7.3627],[-73.1777,7.3638]]]}},{"type":"Feature","properties":{"nombre":"Galanes","tipo":"vereda","fuente":"DANE","municipio":"Rionegro","codigo":"68615036","hectareas":1621.9},"geometry":{"type":"Polygon","coordinates":[[[-73.124,7.3581],[-73.1267,7.359],[-73.1343,7.3584],[-73.1364,7.3623],[-73.1407,7.3656],[-73.1464,7.3598],[-73.1493,7.3596],[-73.1504,7.3563],[-73.1491,7.3527],[-73.1494,7.348],[-73.1522,7.3484],[-73.1513,7.3473],[-73.1519,7.3445],[-73.1536,7.343],[-73.1587,7.3323],[-73.1655,7.3267],[-73.1584,7.3088],[-73.1555,7.2957],[-73.142,7.2969],[-73.1398,7.2999],[-73.1406,7.3011],[-73.1394,7.3021],[-73.138,7.3084],[-73.1385,7.3105],[-73.1365,7.3109],[-73.1356,7.3136],[-73.1331,7.3135],[-73.1365,7.3179],[-73.1411,7.3193],[-73.1401,7.3217],[-73.1424,7.3293],[-73.1421,7.3338],[-73.1379,7.3379],[-73.1373,7.3408],[-73.1351,7.3422],[-73.1342,7.3456],[-73.1358,7.3469],[-73.1347,7.348],[-73.1362,7.3501],[-73.1318,7.3506],[-73.1279,7.3524],[-73.1235,7.3488],[-73.1228,7.3519],[-73.1239,7.3537],[-73.1231,7.3547],[-73.124,7.3581]]]}},{"type":"Feature","properties":{"nombre":"Galapagos","tipo":"vereda","fuente":"DANE","municipio":"Rionegro","codigo":"68615037","hectareas":1342.0},"geometry":{"type":"Polygon","coordinates":[[[-73.2345,7.3931],[-73.2441,7.3976],[-73.2478,7.3921],[-73.2522,7.3921],[-73.254,7.3908],[-73.259,7.3923],[-73.262,7.389],[-73.2725,7.3842],[-73.2708,7.381],[-73.2624,7.3741],[-73.2441,7.3729],[-73.2389,7.3656],[-73.2311,7.3606],[-73.2277,7.3547],[-73.225,7.3574],[-73.2107,7.3581],[-73.2134,7.361],[-73.2132,7.3667],[-73.2149,7.371],[-73.2203,7.3733],[-73.2282,7.3812],[-73.2323,7.3836],[-73.2337,7.3859],[-73.2345,7.3931]]]}},{"type":"Feature","properties":{"nombre":"Golconda","tipo":"vereda","fuente":"DANE","municipio":"Rionegro","codigo":"68615038","hectareas":1496.2},"geometry":{"type":"Polygon","coordinates":[[[-73.2907,7.4043],[-73.2933,7.4036],[-73.3036,7.4098],[-73.3048,7.4199],[-73.3071,7.4183],[-73.3101,7.4193],[-73.3115,7.4185],[-73.3109,7.4142],[-73.3125,7.3985],[-73.3104,7.3959],[-73.3083,7.388],[-73.305,7.3847],[-73.3062,7.3807],[-73.3048,7.377],[-73.3059,7.3759],[-73.3056,7.3703],[-73.305,7.3689],[-73.3011,7.3665],[-73.3022,7.3633],[-73.2991,7.3604],[-73.2993,7.3574],[-73.2969,7.3526],[-73.2939,7.3514],[-73.2919,7.354],[-73.293,7.3581],[-73.287,7.3615],[-73.2854,7.3681],[-73.2816,7.3728],[-73.2797,7.3774],[-73.2776,7.3781],[-73.2797,7.382],[-73.2784,7.3837],[-73.2798,7.3872],[-73.2907,7.4043]]]}},{"type":"Feature","properties":{"nombre":"Guayana","tipo":"vereda","fuente":"DANE","municipio":"Rionegro","codigo":"68615039","hectareas":273.2},"geometry":{"type":"Polygon","coordinates":[[[-73.1072,7.2989],[-73.1073,7.3006],[-73.1093,7.3019],[-73.1113,7.3061],[-73.1175,7.3049],[-73.1261,7.2945],[-73.1252,7.2871],[-73.1237,7.2861],[-73.1188,7.2879],[-73.1172,7.2897],[-73.1136,7.2901],[-73.1112,7.295],[-73.1077,7.2969],[-73.1072,7.2989]]]}},{"type":"Feature","properties":{"nombre":"Halirimante","tipo":"vereda","fuente":"DANE","municipio":"Rionegro","codigo":"68615040","hectareas":1890.6},"geometry":{"type":"Polygon","coordinates":[[[-73.2106,7.3183],[-73.2121,7.3193],[-73.2125,7.3218],[-73.221,7.3232],[-73.2229,7.3251],[-73.2247,7.3248],[-73.229,7.3274],[-73.232,7.3278],[-73.2338,7.3298],[-73.2361,7.3289],[-73.2386,7.3301],[-73.24,7.3296],[-73.24,7.3278],[-73.2421,7.3272],[-73.2413,7.3252],[-73.2441,7.3249],[-73.2464,7.3228],[-73.2522,7.3248],[-73.2564,7.3218],[-73.2596,7.3217],[-73.2554,7.3132],[-73.2495,7.3096],[-73.2442,7.2993],[-73.2439,7.2965],[-73.2474,7.2912],[-73.2453,7.2869],[-73.2403,7.2836],[-73.2338,7.2817],[-73.2255,7.289],[-73.2224,7.2937],[-73.2187,7.2922],[-73.2084,7.2944],[-73.2032,7.3],[-73.2052,7.3019],[-73.2062,7.3067],[-73.2099,7.3082],[-73.2099,7.3103],[-73.2116,7.3119],[-73.2106,7.3183]]]}},{"type":"Feature","properties":{"nombre":"Honda","tipo":"vereda","fuente":"DANE","municipio":"Rionegro","codigo":"68615041","hectareas":1534.3},"geometry":{"type":"Polygon","coordinates":[[[-73.2257,7.2693],[-73.2316,7.2678],[-73.2373,7.2715],[-73.2448,7.2715],[-73.2478,7.2678],[-73.2508,7.2607],[-73.2489,7.2558],[-73.2506,7.252],[-73.2494,7.2476],[-73.2507,7.2446],[-73.2496,7.2389],[-73.2467,7.2356],[-73.2438,7.239],[-73.2388,7.2378],[-73.2341,7.231],[-73.231,7.2317],[-73.2308,7.2279],[-73.2282,7.2257],[-73.2242,7.2269],[-73.2221,7.2291],[-73.221,7.234],[-73.2185,7.2345],[-73.2176,7.2362],[-73.2187,7.2373],[-73.2165,7.2386],[-73.2173,7.2429],[-73.2144,7.2428],[-73.2123,7.2474],[-73.2095,7.2494],[-73.2103,7.2525],[-73.214,7.2533],[-73.2137,7.2545],[-73.2158,7.2551],[-73.213,7.2568],[-73.2128,7.259],[-73.2141,7.261],[-73.2157,7.2615],[-73.2183,7.2655],[-73.2257,7.2693]]]}},{"type":"Feature","properties":{"nombre":"Honduras la Estación","tipo":"vereda","fuente":"DANE","municipio":"Rionegro","codigo":"68615042","hectareas":1304.1},"geometry":{"type":"Polygon","coordinates":[[[-73.089,7.2847],[-73.0908,7.2887],[-73.0979,7.2883],[-73.1034,7.2902],[-73.1082,7.2892],[-73.1119,7.2917],[-73.1138,7.29],[-73.1172,7.2897],[-73.1188,7.2879],[-73.1237,7.2861],[-73.1181,7.2829],[-73.1164,7.2803],[-73.1184,7.2556],[-73.1152,7.2574],[-73.1114,7.263],[-73.1044,7.2601],[-73.0969,7.2527],[-73.0931,7.2571],[-73.0884,7.2581],[-73.0833,7.2575],[-73.0801,7.2683],[-73.0799,7.2727],[-73.0822,7.2774],[-73.0876,7.2816],[-73.089,7.2847]]]}},{"type":"Feature","properties":{"nombre":"Huchaderos","tipo":"vereda","fuente":"DANE","municipio":"Rionegro","codigo":"68615043","hectareas":590.3},"geometry":{"type":"Polygon","coordinates":[[[-73.2184,7.4439],[-73.2222,7.4467],[-73.225,7.4458],[-73.2268,7.447],[-73.2334,7.4572],[-73.2376,7.4553],[-73.238,7.4517],[-73.2371,7.4489],[-73.2437,7.4438],[-73.2481,7.4331],[-73.2405,7.4225],[-73.2352,7.4231],[-73.2357,7.4282],[-73.2335,7.4303],[-73.2306,7.4302],[-73.2275,7.4324],[-73.2267,7.4335],[-73.2276,7.4353],[-73.2239,7.4386],[-73.2238,7.4412],[-73.2219,7.4409],[-73.2184,7.4439]]]}},{"type":"Feature","properties":{"nombre":"La Consulta","tipo":"vereda","fuente":"DANE","municipio":"Rionegro","codigo":"68615044","hectareas":3274.2},"geometry":{"type":"Polygon","coordinates":[[[-73.7148,7.7671],[-73.7133,7.7702],[-73.7118,7.7706],[-73.712,7.7717],[-73.7098,7.771],[-73.7088,7.7782],[-73.7036,7.7858],[-73.7025,7.7897],[-73.7008,7.7895],[-73.7013,7.7912],[-73.6996,7.7921],[-73.699,7.7948],[-73.6964,7.7976],[-73.6964,7.7994],[-73.6988,7.8007],[-73.701,7.806],[-73.7036,7.809],[-73.7074,7.8107],[-73.7087,7.8128],[-73.7139,7.8157],[-73.7218,7.8133],[-73.7277,7.8136],[-73.7343,7.8108],[-73.7418,7.8109],[-73.7444,7.8125],[-73.7455,7.8156],[-73.7515,7.8177],[-73.7512,7.8143],[-73.7527,7.8095],[-73.7506,7.8028],[-73.7468,7.8016],[-73.7457,7.7976],[-73.7418,7.7961],[-73.7424,7.7894],[-73.7412,7.7873],[-73.7379,7.7863],[-73.7375,7.7848],[-73.7408,7.7767],[-73.7445,7.7784],[-73.7473,7.777],[-73.7503,7.7732],[-73.7549,7.775],[-73.7609,7.7725],[-73.7611,7.7698],[-73.7586,7.7683],[-73.762,7.7677],[-73.7626,7.7667],[-73.7579,7.7662],[-73.7565,7.764],[-73.7584,7.7618],[-73.761,7.7615],[-73.7612,7.7599],[-73.757,7.7576],[-73.7576,7.751],[-73.7526,7.7507],[-73.7571,7.7486],[-73.7546,7.7475],[-73.7564,7.7445],[-73.7538,7.7412],[-73.7544,7.7389],[-73.7477,7.7388],[-73.7459,7.7402],[-73.7459,7.7458],[-73.7412,7.7526],[-73.7371,7.7531],[-73.7291,7.7487],[-73.7248,7.7511],[-73.7245,7.7552],[-73.7281,7.7578],[-73.7163,7.7647],[-73.7164,7.7662],[-73.7148,7.7671]]]}},{"type":"Feature","properties":{"nombre":"La Cristalina","tipo":"vereda","fuente":"DANE","municipio":"Rionegro","codigo":"68615045","hectareas":634.0},"geometry":{"type":"Polygon","coordinates":[[[-73.1507,7.4015],[-73.1545,7.4029],[-73.1537,7.4002],[-73.155,7.3994],[-73.1555,7.4017],[-73.1576,7.4022],[-73.1605,7.4002],[-73.1628,7.3957],[-73.1667,7.396],[-73.1665,7.3933],[-73.1682,7.3922],[-73.1701,7.3926],[-73.1721,7.3906],[-73.1714,7.3883],[-73.1731,7.3874],[-73.1718,7.3858],[-73.1752,7.3814],[-73.1745,7.3797],[-73.1694,7.3827],[-73.1635,7.3826],[-73.1623,7.3801],[-73.1624,7.376],[-73.1535,7.3703],[-73.151,7.3703],[-73.1467,7.3771],[-73.1467,7.381],[-73.149,7.3849],[-73.1498,7.3889],[-73.1477,7.395],[-73.1483,7.3982],[-73.1463,7.3999],[-73.1486,7.3995],[-73.1507,7.4015]]]}},{"type":"Feature","properties":{"nombre":"La Muzanda","tipo":"vereda","fuente":"DANE","municipio":"Rionegro","codigo":"68615046","hectareas":2326.8},"geometry":{"type":"Polygon","coordinates":[[[-73.6566,7.7213],[-73.6599,7.7209],[-73.6621,7.7259],[-73.6668,7.7181],[-73.6691,7.7177],[-73.6683,7.716],[-73.669,7.7135],[-73.6668,7.7078],[-73.6683,7.7063],[-73.6676,7.7052],[-73.6683,7.7044],[-73.6673,7.7035],[-73.6648,7.7063],[-73.666,7.7031],[-73.665,7.7004],[-73.6679,7.6966],[-73.6659,7.6922],[-73.6645,7.6827],[-73.6633,7.6819],[-73.6629,7.6756],[-73.6572,7.6762],[-73.6565,7.6734],[-73.6531,7.6687],[-73.6493,7.6697],[-73.6439,7.669],[-73.6405,7.6666],[-73.6391,7.6605],[-73.6354,7.6613],[-73.6365,7.6631],[-73.631,7.6655],[-73.628,7.6609],[-73.6239,7.6582],[-73.6197,7.6568],[-73.6163,7.6578],[-73.6134,7.6559],[-73.6159,7.6617],[-73.6167,7.6685],[-73.6211,7.6761],[-73.6215,7.6847],[-73.6247,7.6874],[-73.6246,7.6922],[-73.6303,7.6982],[-73.6417,7.7043],[-73.6432,7.7085],[-73.643,7.7116],[-73.6507,7.7138],[-73.6521,7.715],[-73.6527,7.7188],[-73.6566,7.7213]]]}},{"type":"Feature","properties":{"nombre":"La Muzanda Baja","tipo":"vereda","fuente":"DANE","municipio":"Rionegro","codigo":"68615047","hectareas":2323.3},"geometry":{"type":"Polygon","coordinates":[[[-73.7015,7.7578],[-73.7125,7.7626],[-73.7154,7.767],[-73.7163,7.7647],[-73.7279,7.7581],[-73.7245,7.7552],[-73.7243,7.7519],[-73.7291,7.7487],[-73.7276,7.7472],[-73.7257,7.7408],[-73.7229,7.7379],[-73.7231,7.7278],[-73.7183,7.7246],[-73.7146,7.7163],[-73.7178,7.713],[-73.7177,7.711],[-73.7199,7.7083],[-73.7146,7.7066],[-73.7098,7.7034],[-73.7065,7.7031],[-73.7032,7.6992],[-73.6997,7.7002],[-73.6977,7.6974],[-73.6946,7.6886],[-73.6898,7.6843],[-73.6857,7.6779],[-73.6851,7.6749],[-73.6833,7.6793],[-73.6778,7.6789],[-73.6787,7.6808],[-73.6764,7.6847],[-73.6762,7.6901],[-73.6773,7.6917],[-73.6806,7.693],[-73.6786,7.7002],[-73.6822,7.7051],[-73.6839,7.7105],[-73.6884,7.7147],[-73.6893,7.7244],[-73.6933,7.7287],[-73.6968,7.7299],[-73.6982,7.7358],[-73.7018,7.736],[-73.7034,7.7382],[-73.706,7.7391],[-73.705,7.7418],[-73.7057,7.7432],[-73.7101,7.7447],[-73.7102,7.7491],[-73.7018,7.7535],[-73.7009,7.7554],[-73.7015,7.7578]]]}},{"type":"Feature","properties":{"nombre":"La Paz","tipo":"vereda","fuente":"DANE","municipio":"Rionegro","codigo":"68615048","hectareas":427.9},"geometry":{"type":"Polygon","coordinates":[[[-73.1795,7.357],[-73.1821,7.3551],[-73.1829,7.3565],[-73.1882,7.357],[-73.1875,7.3553],[-73.1896,7.3551],[-73.1908,7.3532],[-73.186,7.3468],[-73.1855,7.3411],[-73.1869,7.3367],[-73.1832,7.3346],[-73.1819,7.3314],[-73.1774,7.3329],[-73.1741,7.3322],[-73.1688,7.3332],[-73.1693,7.3383],[-73.1713,7.341],[-73.1756,7.3561],[-73.1795,7.357]]]}},{"type":"Feature","properties":{"nombre":"La Popa","tipo":"vereda","fuente":"DANE","municipio":"Rionegro","codigo":"68615049","hectareas":707.3},"geometry":{"type":"Polygon","coordinates":[[[-73.2127,7.2936],[-73.219,7.2922],[-73.2224,7.2937],[-73.2253,7.2893],[-73.2329,7.2818],[-73.2314,7.28],[-73.2314,7.2776],[-73.2297,7.2755],[-73.229,7.2719],[-73.2183,7.2655],[-73.2148,7.261],[-73.2139,7.2618],[-73.2149,7.2629],[-73.2141,7.2655],[-73.2102,7.2667],[-73.2062,7.2707],[-73.2059,7.2719],[-73.2074,7.2733],[-73.2042,7.2793],[-73.2081,7.2884],[-73.208,7.2902],[-73.2127,7.2936]]]}},{"type":"Feature","properties":{"nombre":"La Pradera","tipo":"vereda","fuente":"DANE","municipio":"Rionegro","codigo":"68615050","hectareas":1887.8},"geometry":{"type":"Polygon","coordinates":[[[-73.1978,7.3589],[-73.1987,7.359],[-73.1991,7.3566],[-73.2039,7.3573],[-73.2042,7.3592],[-73.2059,7.3595],[-73.2094,7.3595],[-73.2126,7.3578],[-73.2214,7.3581],[-73.2256,7.3571],[-73.2291,7.3524],[-73.2339,7.349],[-73.2352,7.3464],[-73.2387,7.3446],[-73.2394,7.3423],[-73.2371,7.3394],[-73.2404,7.3373],[-73.2383,7.3364],[-73.24,7.3296],[-73.2384,7.3301],[-73.2358,7.3289],[-73.2338,7.3298],[-73.232,7.3278],[-73.229,7.3274],[-73.2247,7.3248],[-73.2229,7.3251],[-73.221,7.3232],[-73.2125,7.3218],[-73.2121,7.3193],[-73.2106,7.3183],[-73.21,7.3201],[-73.203,7.3194],[-73.2028,7.323],[-73.1951,7.3274],[-73.1956,7.3289],[-73.1941,7.3299],[-73.1932,7.3324],[-73.1906,7.3354],[-73.1869,7.3367],[-73.1855,7.3411],[-73.1867,7.3486],[-73.1901,7.3526],[-73.1933,7.3544],[-73.1914,7.3561],[-73.1936,7.3553],[-73.1954,7.3571],[-73.1951,7.3592],[-73.1978,7.3589]]]}},{"type":"Feature","properties":{"nombre":"La Salina","tipo":"vereda","fuente":"DANE","municipio":"Rionegro","codigo":"68615051","hectareas":6642.9},"geometry":{"type":"Polygon","coordinates":[[[-73.693,7.8723],[-73.6933,7.8714],[-73.6976,7.8723],[-73.6971,7.8695],[-73.6997,7.8689],[-73.7016,7.8653],[-73.7041,7.8655],[-73.7049,7.864],[-73.7102,7.8625],[-73.7102,7.8584],[-73.7168,7.8554],[-73.7188,7.8532],[-73.7187,7.8475],[-73.7206,7.8493],[-73.7253,7.8485],[-73.7227,7.8463],[-73.7242,7.8437],[-73.7211,7.8411],[-73.7246,7.8372],[-73.7255,7.8344],[-73.7309,7.8377],[-73.7317,7.8335],[-73.7362,7.8336],[-73.7438,7.8304],[-73.7473,7.8252],[-73.7483,7.8216],[-73.7511,7.8193],[-73.7515,7.8177],[-73.7455,7.8156],[-73.7444,7.8125],[-73.7418,7.8109],[-73.7343,7.8108],[-73.7277,7.8136],[-73.7218,7.8133],[-73.7139,7.8157],[-73.7087,7.8128],[-73.7074,7.8107],[-73.7036,7.809],[-73.701,7.806],[-73.6988,7.8007],[-73.6966,7.7996],[-73.6963,7.7979],[-73.699,7.7948],[-73.6996,7.7921],[-73.7013,7.7912],[-73.7008,7.7895],[-73.7025,7.7897],[-73.7036,7.7858],[-73.7088,7.7782],[-73.7098,7.771],[-73.712,7.7717],[-73.7118,7.7706],[-73.7133,7.7702],[-73.7139,7.7676],[-73.715,7.7673],[-73.7127,7.7627],[-73.7015,7.7578],[-73.7008,7.7596],[-73.6954,7.7638],[-73.6895,7.7656],[-73.6877,7.7683],[-73.6845,7.7689],[-73.6839,7.7711],[-73.6818,7.7717],[-73.6801,7.7707],[-73.679,7.7676],[-73.6741,7.7661],[-73.671,7.7636],[-73.6678,7.7568],[-73.6653,7.7545],[-73.6626,7.7543],[-73.6577,7.7507],[-73.6535,7.7513],[-73.6532,7.7535],[-73.6476,7.7565],[-73.6478,7.7586],[-73.6523,7.7622],[-73.6539,7.7683],[-73.6525,7.7705],[-73.6543,7.7706],[-73.6544,7.7722],[-73.6563,7.7722],[-73.6564,7.7776],[-73.6577,7.7785],[-73.6566,7.7807],[-73.6584,7.7818],[-73.659,7.7804],[-73.6612,7.7808],[-73.663,7.779],[-73.6643,7.7807],[-73.663,7.7839],[-73.6595,7.7836],[-73.6592,7.7859],[-73.6603,7.787],[-73.6613,7.793],[-73.6628,7.7947],[-73.6637,7.7943],[-73.6635,7.796],[-73.6685,7.8003],[-73.6691,7.8045],[-73.6684,7.8064],[-73.6699,7.8064],[-73.6677,7.8082],[-73.6688,7.8093],[-73.6685,7.8114],[-73.6668,7.8125],[-73.6681,7.814],[-73.6666,7.8142],[-73.6653,7.819],[-73.6665,7.8274],[-73.669,7.8313],[-73.6668,7.8357],[-73.6728,7.8381],[-73.6698,7.8399],[-73.6734,7.8431],[-73.6714,7.8453],[-73.6762,7.8451],[-73.6738,7.8478],[-73.6755,7.8481],[-73.674,7.8504],[-73.6746,7.8511],[-73.6766,7.8501],[-73.6789,7.8515],[-73.6776,7.8587],[-73.6828,7.8575],[-73.6808,7.86],[-73.6822,7.8628],[-73.6811,7.8643],[-73.6789,7.8637],[-73.6781,7.8692],[-73.693,7.8723]]]}},{"type":"Feature","properties":{"nombre":"La Silgara","tipo":"vereda","fuente":"DANE","municipio":"Rionegro","codigo":"68615052","hectareas":250.4},"geometry":{"type":"Polygon","coordinates":[[[-73.1712,7.4281],[-73.1719,7.4262],[-73.1702,7.4255],[-73.1696,7.4233],[-73.1724,7.423],[-73.1721,7.4214],[-73.1702,7.4206],[-73.1717,7.4185],[-73.1654,7.4137],[-73.1668,7.4108],[-73.1597,7.4101],[-73.1547,7.417],[-73.1549,7.4218],[-73.1624,7.4265],[-73.1712,7.4281]]]}},{"type":"Feature","properties":{"nombre":"La Trampa","tipo":"vereda","fuente":"DANE","municipio":"Rionegro","codigo":"68615053","hectareas":480.1},"geometry":{"type":"Polygon","coordinates":[[[-73.1972,7.2415],[-73.1976,7.2433],[-73.1961,7.2481],[-73.1975,7.2532],[-73.1966,7.2591],[-73.2029,7.2598],[-73.2079,7.264],[-73.2097,7.2629],[-73.2105,7.2642],[-73.2126,7.2635],[-73.2132,7.2611],[-73.2141,7.261],[-73.2128,7.259],[-73.213,7.2568],[-73.2158,7.2551],[-73.2137,7.2545],[-73.214,7.2533],[-73.2103,7.2525],[-73.2096,7.2489],[-73.2121,7.2477],[-73.2144,7.2428],[-73.2173,7.2429],[-73.2165,7.2388],[-73.2187,7.2373],[-73.218,7.2355],[-73.2127,7.2371],[-73.2106,7.2356],[-73.2029,7.2389],[-73.2004,7.2417],[-73.1972,7.2415]]]}},{"type":"Feature","properties":{"nombre":"La Union de Galapagos","tipo":"vereda","fuente":"DANE","municipio":"Rionegro","codigo":"68615054","hectareas":703.8},"geometry":{"type":"Polygon","coordinates":[[[-73.2082,7.3998],[-73.2125,7.4049],[-73.2213,7.4053],[-73.2315,7.4075],[-73.2356,7.4072],[-73.2363,7.4034],[-73.2392,7.4025],[-73.2441,7.3976],[-73.2288,7.3902],[-73.222,7.3895],[-73.2162,7.387],[-73.2119,7.3873],[-73.2085,7.3856],[-73.206,7.3868],[-73.2009,7.3854],[-73.1991,7.386],[-73.2014,7.3919],[-73.2037,7.3937],[-73.2044,7.3971],[-73.2082,7.3998]]]}},{"type":"Feature","properties":{"nombre":"La Valvula","tipo":"vereda","fuente":"DANE","municipio":"Rionegro","codigo":"68615055","hectareas":1419.7},"geometry":{"type":"Polygon","coordinates":[[[-73.6851,7.6749],[-73.6857,7.6779],[-73.6898,7.6843],[-73.6946,7.6886],[-73.6995,7.7],[-73.7032,7.6992],[-73.7065,7.7031],[-73.7098,7.7034],[-73.7146,7.7066],[-73.7197,7.7081],[-73.7176,7.7113],[-73.7263,7.7104],[-73.7263,7.7061],[-73.7315,7.7056],[-73.7322,7.7028],[-73.7363,7.7028],[-73.7375,7.6994],[-73.7423,7.6949],[-73.74,7.6859],[-73.7403,7.6802],[-73.7381,7.6813],[-73.7347,7.6798],[-73.7341,7.6836],[-73.7321,7.687],[-73.7222,7.6905],[-73.7204,7.6899],[-73.7197,7.687],[-73.7183,7.6871],[-73.7178,7.6938],[-73.7163,7.6928],[-73.7151,7.6887],[-73.7098,7.6887],[-73.7096,7.6855],[-73.7123,7.683],[-73.7092,7.6804],[-73.7088,7.6766],[-73.7067,7.6751],[-73.7017,7.6755],[-73.7013,7.671],[-73.7003,7.6705],[-73.6982,7.6711],[-73.6969,7.6755],[-73.6953,7.6755],[-73.6949,7.6713],[-73.6901,7.6572],[-73.6865,7.6574],[-73.6852,7.6598],[-73.685,7.6624],[-73.6883,7.667],[-73.6851,7.6749]]]}},{"type":"Feature","properties":{"nombre":"La Virginia","tipo":"vereda","fuente":"DANE","municipio":"Rionegro","codigo":"68615056","hectareas":642.0},"geometry":{"type":"Polygon","coordinates":[[[-73.1967,7.4448],[-73.1962,7.4472],[-73.1974,7.4474],[-73.1981,7.4453],[-73.2,7.4455],[-73.2003,7.4483],[-73.2019,7.4475],[-73.2032,7.4492],[-73.2069,7.4485],[-73.2099,7.4499],[-73.2101,7.4476],[-73.2131,7.4465],[-73.2141,7.4432],[-73.2193,7.4392],[-73.2185,7.4373],[-73.2213,7.4359],[-73.2216,7.4319],[-73.2189,7.4288],[-73.2157,7.4279],[-73.211,7.4284],[-73.2039,7.4259],[-73.1987,7.4197],[-73.1943,7.4235],[-73.1947,7.4269],[-73.1921,7.4293],[-73.1919,7.4307],[-73.1967,7.4448]]]}},{"type":"Feature","properties":{"nombre":"La Vistoria","tipo":"vereda","fuente":"DANE","municipio":"Rionegro","codigo":"68615057","hectareas":1342.7},"geometry":{"type":"Polygon","coordinates":[[[-73.2481,7.4331],[-73.251,7.4322],[-73.2521,7.4349],[-73.2595,7.4363],[-73.2618,7.433],[-73.2611,7.4357],[-73.2628,7.4367],[-73.2626,7.4385],[-73.2642,7.4372],[-73.27,7.4372],[-73.2702,7.4364],[-73.2723,7.4372],[-73.2733,7.4335],[-73.2752,7.4334],[-73.2754,7.4356],[-73.2761,7.4342],[-73.2788,7.4336],[-73.2818,7.4348],[-73.2824,7.4336],[-73.2815,7.4322],[-73.2832,7.432],[-73.2839,7.4304],[-73.2873,7.4344],[-73.2878,7.4299],[-73.2909,7.4291],[-73.292,7.417],[-73.2899,7.4131],[-73.2937,7.4136],[-73.2946,7.4116],[-73.2894,7.4096],[-73.2914,7.4066],[-73.2907,7.4043],[-73.2876,7.4042],[-73.2852,7.4027],[-73.2837,7.4046],[-73.2777,7.4052],[-73.2754,7.4076],[-73.2755,7.4065],[-73.2747,7.4067],[-73.2685,7.4112],[-73.262,7.4111],[-73.2611,7.415],[-73.2588,7.4168],[-73.2509,7.4188],[-73.2457,7.4188],[-73.2416,7.4206],[-73.2405,7.4225],[-73.2481,7.4331]]]}},{"type":"Feature","properties":{"nombre":"Laguna del Oriente","tipo":"vereda","fuente":"DANE","municipio":"Rionegro","codigo":"68615058","hectareas":2841.2},"geometry":{"type":"Polygon","coordinates":[[[-73.2856,7.5482],[-73.2929,7.5468],[-73.2987,7.5489],[-73.3003,7.5476],[-73.306,7.5473],[-73.3064,7.5451],[-73.3086,7.5447],[-73.3178,7.5482],[-73.3219,7.5479],[-73.3239,7.5491],[-73.3246,7.5473],[-73.3264,7.5467],[-73.3262,7.542],[-73.328,7.5403],[-73.3314,7.5399],[-73.3395,7.5417],[-73.3465,7.5371],[-73.3542,7.5376],[-73.3596,7.5351],[-73.3612,7.521],[-73.3587,7.5156],[-73.3588,7.5111],[-73.3557,7.5095],[-73.359,7.506],[-73.3583,7.5008],[-73.3569,7.4982],[-73.3511,7.4996],[-73.3452,7.4956],[-73.3437,7.4973],[-73.3411,7.4972],[-73.3409,7.5002],[-73.3393,7.5013],[-73.3364,7.4979],[-73.336,7.4944],[-73.3351,7.4965],[-73.3331,7.4957],[-73.3319,7.4964],[-73.3299,7.5019],[-73.3265,7.501],[-73.3227,7.5017],[-73.3222,7.5044],[-73.3206,7.5039],[-73.3175,7.5059],[-73.3177,7.5083],[-73.3201,7.5094],[-73.3183,7.5096],[-73.3184,7.5107],[-73.3202,7.511],[-73.3178,7.5127],[-73.3183,7.5141],[-73.3168,7.5172],[-73.3142,7.5191],[-73.3133,7.5213],[-73.3123,7.5208],[-73.31,7.5232],[-73.3087,7.5229],[-73.3076,7.5261],[-73.3062,7.527],[-73.3024,7.5276],[-73.3016,7.5268],[-73.2993,7.5284],[-73.2937,7.5289],[-73.2948,7.5314],[-73.2932,7.5333],[-73.2934,7.5354],[-73.2919,7.5368],[-73.2888,7.5372],[-73.2883,7.5384],[-73.2898,7.5402],[-73.2842,7.5446],[-73.2822,7.5478],[-73.2856,7.5482]]]}},{"type":"Feature","properties":{"nombre":"Las Vegas","tipo":"vereda","fuente":"DANE","municipio":"Rionegro","codigo":"68615059","hectareas":1342.8},"geometry":{"type":"Polygon","coordinates":[[[-73.1805,7.2927],[-73.1885,7.2907],[-73.1892,7.2893],[-73.1918,7.2887],[-73.1964,7.2853],[-73.1957,7.2834],[-73.1932,7.2831],[-73.1977,7.2801],[-73.1955,7.2783],[-73.198,7.2746],[-73.1992,7.2759],[-73.1999,7.2749],[-73.2021,7.2754],[-73.2058,7.2727],[-73.2062,7.2707],[-73.2099,7.2669],[-73.2142,7.2653],[-73.2149,7.2629],[-73.2141,7.261],[-73.2132,7.2611],[-73.2123,7.2637],[-73.2105,7.2642],[-73.2097,7.2629],[-73.2082,7.2641],[-73.2029,7.2598],[-73.1966,7.2591],[-73.1975,7.2532],[-73.1961,7.2481],[-73.1976,7.2433],[-73.1972,7.2415],[-73.1916,7.2446],[-73.187,7.2438],[-73.1835,7.2454],[-73.1773,7.2505],[-73.1751,7.255],[-73.1761,7.2623],[-73.1787,7.2654],[-73.1762,7.2687],[-73.176,7.2697],[-73.1773,7.2705],[-73.176,7.2712],[-73.1741,7.2759],[-73.1756,7.2795],[-73.1748,7.2824],[-73.1758,7.285],[-73.1756,7.2902],[-73.1805,7.2927]]]}},{"type":"Feature","properties":{"nombre":"Llaneros","tipo":"vereda","fuente":"DANE","municipio":"Rionegro","codigo":"68615060","hectareas":4056.2},"geometry":{"type":"Polygon","coordinates":[[[-73.5174,7.544],[-73.5225,7.5446],[-73.5258,7.5423],[-73.5285,7.536],[-73.5313,7.5336],[-73.5272,7.5327],[-73.5272,7.5309],[-73.5311,7.5306],[-73.5317,7.5289],[-73.5309,7.5273],[-73.5271,7.5251],[-73.5279,7.5208],[-73.5257,7.5177],[-73.5193,7.5123],[-73.5119,7.5095],[-73.5097,7.5041],[-73.5079,7.5038],[-73.5049,7.5077],[-73.5009,7.5089],[-73.4916,7.5055],[-73.485,7.5057],[-73.4783,7.5005],[-73.471,7.4988],[-73.4706,7.4968],[-73.4735,7.4939],[-73.4737,7.4908],[-73.4721,7.4877],[-73.4672,7.4859],[-73.463,7.486],[-73.4603,7.4883],[-73.457,7.4882],[-73.454,7.4917],[-73.4495,7.4909],[-73.4432,7.4923],[-73.4423,7.4917],[-73.4427,7.49],[-73.4443,7.4901],[-73.446,7.4886],[-73.4427,7.4878],[-73.4443,7.4869],[-73.4435,7.486],[-73.445,7.4856],[-73.4444,7.483],[-73.4425,7.4836],[-73.4407,7.4866],[-73.4403,7.4855],[-73.4392,7.4864],[-73.4389,7.4851],[-73.4372,7.4852],[-73.4374,7.4875],[-73.4366,7.4863],[-73.435,7.4875],[-73.4334,7.4861],[-73.4312,7.4867],[-73.4316,7.4851],[-73.4305,7.4832],[-73.4276,7.4849],[-73.4296,7.4877],[-73.4295,7.4901],[-73.4271,7.4938],[-73.4278,7.5004],[-73.4265,7.5098],[-73.4281,7.515],[-73.4277,7.5189],[-73.4249,7.5222],[-73.4261,7.5281],[-73.4252,7.5318],[-73.4214,7.5362],[-73.4241,7.5379],[-73.4244,7.5398],[-73.4283,7.5397],[-73.4359,7.5347],[-73.4359,7.5302],[-73.4388,7.5273],[-73.4384,7.5235],[-73.4407,7.5192],[-73.4429,7.5181],[-73.4442,7.5187],[-73.443,7.5214],[-73.4452,7.5252],[-73.4457,7.5236],[-73.4503,7.5226],[-73.4514,7.5205],[-73.4564,7.5195],[-73.4653,7.522],[-73.4665,7.5248],[-73.4725,7.5255],[-73.476,7.5232],[-73.4825,7.5248],[-73.4836,7.5263],[-73.4845,7.5255],[-73.4852,7.5302],[-73.487,7.5334],[-73.4869,7.5372],[-73.4942,7.5332],[-73.4992,7.5373],[-73.5007,7.5411],[-73.5027,7.541],[-73.5064,7.5377],[-73.5077,7.5386],[-73.5083,7.5416],[-73.5108,7.5421],[-73.5122,7.5399],[-73.5158,7.5398],[-73.5174,7.544]]]}},{"type":"Feature","properties":{"nombre":"Llano de Palmas","tipo":"vereda","fuente":"DANE","municipio":"Rionegro","codigo":"68615061","hectareas":555.3},"geometry":{"type":"Polygon","coordinates":[[[-73.1732,7.244],[-73.1742,7.2471],[-73.1776,7.2501],[-73.1868,7.2439],[-73.191,7.2447],[-73.1977,7.2413],[-73.2004,7.2417],[-73.2051,7.2377],[-73.2022,7.2323],[-73.1997,7.232],[-73.1979,7.2341],[-73.1933,7.233],[-73.1874,7.2274],[-73.1865,7.2253],[-73.1832,7.2251],[-73.1816,7.2234],[-73.1816,7.2264],[-73.1751,7.2294],[-73.1745,7.2325],[-73.1723,7.2353],[-73.1732,7.244]]]}},{"type":"Feature","properties":{"nombre":"Los Cocos","tipo":"vereda","fuente":"DANE","municipio":"Rionegro","codigo":"68615062","hectareas":385.1},"geometry":{"type":"Polygon","coordinates":[[[-73.1164,7.2309],[-73.1195,7.2327],[-73.1196,7.2349],[-73.1258,7.239],[-73.1305,7.2338],[-73.1361,7.2311],[-73.1361,7.2286],[-73.1378,7.2251],[-73.1365,7.2163],[-73.132,7.2132],[-73.1266,7.2169],[-73.1224,7.2174],[-73.1213,7.2216],[-73.1219,7.2249],[-73.1202,7.2274],[-73.1198,7.2309],[-73.1164,7.2309]]]}},{"type":"Feature","properties":{"nombre":"Los Tendidos","tipo":"vereda","fuente":"DANE","municipio":"Rionegro","codigo":"68615063","hectareas":3360.6},"geometry":{"type":"Polygon","coordinates":[[[-73.5519,7.6688],[-73.5542,7.6693],[-73.5555,7.6728],[-73.559,7.6727],[-73.5584,7.6757],[-73.5528,7.6769],[-73.5506,7.6799],[-73.5496,7.6789],[-73.5456,7.6807],[-73.5455,7.6857],[-73.5497,7.6904],[-73.5529,7.7023],[-73.5573,7.7048],[-73.5589,7.7083],[-73.5622,7.7112],[-73.5681,7.7133],[-73.5677,7.7187],[-73.5711,7.7215],[-73.5722,7.7252],[-73.5746,7.7273],[-73.5766,7.7274],[-73.5774,7.7251],[-73.5812,7.7222],[-73.5872,7.7225],[-73.59,7.721],[-73.5939,7.7225],[-73.5952,7.7246],[-73.5982,7.7244],[-73.6,7.7175],[-73.6032,7.7144],[-73.5994,7.7111],[-73.5982,7.7076],[-73.5997,7.705],[-73.597,7.7015],[-73.5988,7.6995],[-73.5992,7.6958],[-73.602,7.696],[-73.6029,7.6948],[-73.6018,7.6915],[-73.6037,7.6889],[-73.6006,7.6895],[-73.6015,7.6878],[-73.6003,7.6863],[-73.6015,7.6849],[-73.601,7.6836],[-73.6038,7.6831],[-73.6028,7.6822],[-73.6036,7.6811],[-73.6013,7.6804],[-73.6039,7.6787],[-73.6027,7.6777],[-73.6009,7.6785],[-73.6007,7.6773],[-73.5989,7.6778],[-73.5992,7.6758],[-73.597,7.6772],[-73.5977,7.6752],[-73.5958,7.6732],[-73.598,7.6738],[-73.5979,7.6721],[-73.5998,7.672],[-73.5979,7.6708],[-73.5979,7.669],[-73.5959,7.6694],[-73.5965,7.6671],[-73.5937,7.6664],[-73.5953,7.6638],[-73.5915,7.6626],[-73.5909,7.664],[-73.5885,7.6642],[-73.5854,7.663],[-73.5847,7.6589],[-73.5801,7.655],[-73.5794,7.6495],[-73.5735,7.6558],[-73.5692,7.664],[-73.5663,7.6632],[-73.5647,7.6657],[-73.5624,7.6626],[-73.5592,7.6619],[-73.5537,7.6657],[-73.5519,7.6688]]]}},{"type":"Feature","properties":{"nombre":"Malparaiso","tipo":"vereda","fuente":"DANE","municipio":"Rionegro","codigo":"68615064","hectareas":467.3},"geometry":{"type":"Polygon","coordinates":[[[-73.1341,7.3136],[-73.1359,7.3134],[-73.1365,7.3109],[-73.1385,7.3105],[-73.138,7.3084],[-73.1394,7.3021],[-73.1406,7.3011],[-73.1397,7.3002],[-73.1417,7.297],[-73.1436,7.2968],[-73.1418,7.2911],[-73.1408,7.2901],[-73.1383,7.2902],[-73.1382,7.2887],[-73.1352,7.2862],[-73.1323,7.2857],[-73.1313,7.2822],[-73.1277,7.2779],[-73.118,7.2789],[-73.1165,7.2803],[-73.117,7.2819],[-73.1255,7.2877],[-73.1263,7.2934],[-73.1253,7.2954],[-73.1297,7.3002],[-73.132,7.3098],[-73.1341,7.3136]]]}},{"type":"Feature","properties":{"nombre":"Miraflores","tipo":"vereda","fuente":"DANE","municipio":"Rionegro","codigo":"68615065","hectareas":480.9},"geometry":{"type":"Polygon","coordinates":[[[-73.0874,7.4742],[-73.0901,7.4742],[-73.0928,7.4721],[-73.0951,7.4733],[-73.095,7.4745],[-73.0971,7.4741],[-73.0989,7.4714],[-73.1019,7.471],[-73.1056,7.4654],[-73.1074,7.4658],[-73.1113,7.4638],[-73.1104,7.461],[-73.1138,7.4586],[-73.1099,7.4563],[-73.1056,7.4554],[-73.1026,7.453],[-73.0907,7.4546],[-73.0887,7.4632],[-73.0821,7.4681],[-73.0795,7.4717],[-73.0828,7.4728],[-73.0869,7.4726],[-73.0874,7.4742]]]}},{"type":"Feature","properties":{"nombre":"Miralindo","tipo":"vereda","fuente":"DANE","municipio":"Rionegro","codigo":"68615066","hectareas":714.2},"geometry":{"type":"Polygon","coordinates":[[[-73.2636,7.3318],[-73.2613,7.3435],[-73.2599,7.3472],[-73.255,7.3543],[-73.2542,7.3608],[-73.26,7.3576],[-73.2632,7.3464],[-73.2635,7.3415],[-73.2659,7.3429],[-73.268,7.3473],[-73.2725,7.3469],[-73.2726,7.3508],[-73.2789,7.3592],[-73.2817,7.3595],[-73.2863,7.3574],[-73.2931,7.3569],[-73.2919,7.354],[-73.2939,7.3514],[-73.2925,7.3489],[-73.2867,7.3511],[-73.2845,7.3493],[-73.2833,7.3454],[-73.2833,7.3433],[-73.2894,7.3399],[-73.2897,7.3378],[-73.2829,7.3335],[-73.2784,7.3329],[-73.275,7.331],[-73.2636,7.3318]]]}},{"type":"Feature","properties":{"nombre":"Miramar","tipo":"vereda","fuente":"DANE","municipio":"Rionegro","codigo":"68615067","hectareas":153.9},"geometry":{"type":"Polygon","coordinates":[[[-73.2154,7.4419],[-73.2184,7.4439],[-73.2219,7.4409],[-73.2238,7.4412],[-73.2239,7.4386],[-73.2276,7.4353],[-73.2273,7.4326],[-73.2306,7.4302],[-73.2338,7.4302],[-73.2294,7.4244],[-73.2258,7.4228],[-73.2227,7.431],[-73.2209,7.4329],[-73.2213,7.4359],[-73.2188,7.4369],[-73.2193,7.4392],[-73.2154,7.4419]]]}},{"type":"Feature","properties":{"nombre":"Misiguay","tipo":"vereda","fuente":"DANE","municipio":"Rionegro","codigo":"68615068","hectareas":1644.7},"geometry":{"type":"Polygon","coordinates":[[[-73.1132,7.4154],[-73.1158,7.4159],[-73.1217,7.4211],[-73.1315,7.4109],[-73.1329,7.4099],[-73.1337,7.4107],[-73.1349,7.4044],[-73.1397,7.4037],[-73.1463,7.3999],[-73.1431,7.3961],[-73.1419,7.3916],[-73.1389,7.3879],[-73.135,7.3878],[-73.1273,7.3848],[-73.1208,7.3746],[-73.1168,7.371],[-73.117,7.3696],[-73.1129,7.3737],[-73.1112,7.3783],[-73.109,7.379],[-73.1105,7.3827],[-73.1091,7.3866],[-73.1094,7.391],[-73.1013,7.3981],[-73.0924,7.4141],[-73.0992,7.4159],[-73.1083,7.4205],[-73.1099,7.4199],[-73.1132,7.4154]]]}},{"type":"Feature","properties":{"nombre":"Montañita","tipo":"vereda","fuente":"DANE","municipio":"Rionegro","codigo":"68615069","hectareas":1287.3},"geometry":{"type":"Polygon","coordinates":[[[-73.7291,7.7487],[-73.7371,7.7531],[-73.7412,7.7526],[-73.7459,7.7458],[-73.7459,7.7402],[-73.7477,7.7388],[-73.7544,7.7389],[-73.7554,7.7369],[-73.7543,7.7319],[-73.7592,7.7262],[-73.7566,7.7222],[-73.7597,7.7185],[-73.7597,7.7158],[-73.7576,7.7154],[-73.7563,7.717],[-73.7499,7.7159],[-73.7368,7.7181],[-73.7289,7.7148],[-73.7241,7.7166],[-73.7178,7.713],[-73.7149,7.715],[-73.7147,7.7166],[-73.7181,7.7243],[-73.7231,7.7278],[-73.7229,7.7379],[-73.7257,7.7408],[-73.7276,7.7472],[-73.7291,7.7487]]]}},{"type":"Feature","properties":{"nombre":"Pacho Diaz","tipo":"vereda","fuente":"DANE","municipio":"Rionegro","codigo":"68615070","hectareas":1254.9},"geometry":{"type":"Polygon","coordinates":[[[-73.6335,7.7491],[-73.6439,7.7514],[-73.6441,7.7545],[-73.6476,7.7565],[-73.6532,7.7535],[-73.6531,7.7514],[-73.6577,7.7507],[-73.6549,7.7478],[-73.6499,7.7369],[-73.6462,7.7378],[-73.6446,7.7353],[-73.6407,7.7336],[-73.6393,7.7317],[-73.6354,7.7315],[-73.636,7.7303],[-73.6345,7.7284],[-73.6314,7.7294],[-73.6288,7.7288],[-73.6276,7.7278],[-73.6282,7.7267],[-73.6217,7.7214],[-73.6166,7.7202],[-73.6147,7.7215],[-73.6152,7.7203],[-73.6126,7.7169],[-73.6138,7.714],[-73.611,7.7127],[-73.6124,7.7126],[-73.6136,7.71],[-73.6096,7.7109],[-73.6101,7.7098],[-73.608,7.7056],[-73.6047,7.7054],[-73.6064,7.7034],[-73.6039,7.7005],[-73.6036,7.6981],[-73.6017,7.6978],[-73.6035,7.6958],[-73.5993,7.6957],[-73.5988,7.6995],[-73.597,7.7015],[-73.5997,7.705],[-73.5982,7.7081],[-73.5996,7.7113],[-73.6032,7.7144],[-73.6,7.7175],[-73.5996,7.7217],[-73.5972,7.7251],[-73.5977,7.7263],[-73.5998,7.7285],[-73.6049,7.7281],[-73.61,7.7307],[-73.6118,7.7298],[-73.6139,7.731],[-73.615,7.7352],[-73.6187,7.7371],[-73.621,7.7397],[-73.6237,7.7396],[-73.6287,7.7421],[-73.6319,7.7416],[-73.634,7.7479],[-73.6335,7.7491]]]}},{"type":"Feature","properties":{"nombre":"Panama","tipo":"vereda","fuente":"DANE","municipio":"Rionegro","codigo":"68615071","hectareas":439.2},"geometry":{"type":"Polygon","coordinates":[[[-73.1218,7.421],[-73.1325,7.421],[-73.1371,7.4236],[-73.1384,7.4227],[-73.1383,7.4204],[-73.1418,7.4198],[-73.1442,7.4217],[-73.1445,7.4193],[-73.1484,7.4188],[-73.1477,7.4161],[-73.1512,7.4059],[-73.15,7.4001],[-73.1463,7.3999],[-73.1397,7.4037],[-73.1349,7.4044],[-73.1337,7.4107],[-73.1329,7.4099],[-73.1315,7.4109],[-73.1218,7.421]]]}},{"type":"Feature","properties":{"nombre":"Panama Sector las Cruces","tipo":"vereda","fuente":"DANE","municipio":"Rionegro","codigo":"68615072","hectareas":641.6},"geometry":{"type":"Polygon","coordinates":[[[-73.1464,7.4349],[-73.1497,7.4345],[-73.1507,7.4331],[-73.1521,7.4338],[-73.152,7.4362],[-73.1548,7.4335],[-73.157,7.4333],[-73.1569,7.4352],[-73.1579,7.4349],[-73.1621,7.4317],[-73.1618,7.4299],[-73.1654,7.4299],[-73.1674,7.4312],[-73.1674,7.4278],[-73.1613,7.426],[-73.1549,7.4218],[-73.1511,7.4225],[-73.1484,7.4188],[-73.1445,7.4193],[-73.1442,7.4217],[-73.1418,7.4198],[-73.1383,7.4204],[-73.1384,7.4227],[-73.1367,7.4237],[-73.1325,7.421],[-73.1212,7.421],[-73.1158,7.4159],[-73.1132,7.4154],[-73.1153,7.4202],[-73.1199,7.424],[-73.1203,7.4284],[-73.1241,7.4292],[-73.1274,7.4336],[-73.1313,7.4343],[-73.1354,7.4315],[-73.1367,7.433],[-73.1388,7.432],[-73.1427,7.4322],[-73.1431,7.4354],[-73.1464,7.4349]]]}},{"type":"Feature","properties":{"nombre":"Papayal","tipo":"vereda","fuente":"DANE","municipio":"Rionegro","codigo":"68615073","hectareas":1611.0},"geometry":{"type":"Polygon","coordinates":[[[-73.6204,7.6506],[-73.6238,7.6514],[-73.6209,7.6399],[-73.6217,7.6362],[-73.6291,7.6343],[-73.635,7.6296],[-73.6378,7.6211],[-73.6501,7.6124],[-73.6518,7.6071],[-73.6505,7.6054],[-73.6463,7.6056],[-73.6442,7.609],[-73.6422,7.6099],[-73.6398,7.6088],[-73.6393,7.6042],[-73.6367,7.6025],[-73.6339,7.6029],[-73.6295,7.6073],[-73.6271,7.6031],[-73.6242,7.6022],[-73.6194,7.6083],[-73.6164,7.6037],[-73.6135,7.6028],[-73.613,7.6058],[-73.6071,7.6092],[-73.6075,7.6176],[-73.5983,7.617],[-73.6,7.6186],[-73.5986,7.6213],[-73.6016,7.6271],[-73.6036,7.6282],[-73.6052,7.6326],[-73.6043,7.6353],[-73.6049,7.6373],[-73.6066,7.6384],[-73.6063,7.6425],[-73.6101,7.647],[-73.6113,7.6502],[-73.6204,7.6506]]]}},{"type":"Feature","properties":{"nombre":"Peñas Negras","tipo":"vereda","fuente":"DANE","municipio":"Rionegro","codigo":"68615074","hectareas":138.1},"geometry":{"type":"Polygon","coordinates":[[[-73.2636,7.3318],[-73.275,7.331],[-73.2787,7.333],[-73.279,7.3306],[-73.2759,7.329],[-73.2772,7.3262],[-73.274,7.327],[-73.2677,7.3188],[-73.2661,7.3197],[-73.2636,7.3318]]]}},{"type":"Feature","properties":{"nombre":"Piletas","tipo":"vereda","fuente":"DANE","municipio":"Rionegro","codigo":"68615075","hectareas":1966.4},"geometry":{"type":"Polygon","coordinates":[[[-73.3596,7.5351],[-73.3643,7.5444],[-73.3698,7.5459],[-73.3729,7.5489],[-73.3744,7.5484],[-73.3744,7.5436],[-73.3755,7.5424],[-73.3799,7.5432],[-73.3845,7.5399],[-73.3889,7.5408],[-73.3982,7.5397],[-73.3963,7.534],[-73.3929,7.5303],[-73.3978,7.5239],[-73.401,7.5217],[-73.4032,7.5123],[-73.4014,7.5082],[-73.4031,7.5043],[-73.3977,7.505],[-73.3958,7.5042],[-73.3936,7.5055],[-73.3886,7.5033],[-73.384,7.504],[-73.3823,7.5016],[-73.3798,7.5032],[-73.3733,7.5013],[-73.3699,7.5024],[-73.3688,7.5012],[-73.3685,7.4969],[-73.3655,7.4972],[-73.3637,7.4951],[-73.3623,7.4953],[-73.3608,7.4998],[-73.3583,7.5008],[-73.3589,7.5065],[-73.3557,7.5092],[-73.3588,7.5111],[-73.3587,7.5156],[-73.3612,7.521],[-73.3596,7.5351]]]}},{"type":"Feature","properties":{"nombre":"Platanala","tipo":"vereda","fuente":"DANE","municipio":"Rionegro","codigo":"68615076","hectareas":3313.8},"geometry":{"type":"Polygon","coordinates":[[[-73.4119,7.5674],[-73.4124,7.5686],[-73.4197,7.5698],[-73.4251,7.5692],[-73.4271,7.5675],[-73.4282,7.5705],[-73.429,7.5676],[-73.4366,7.5627],[-73.4408,7.5637],[-73.4437,7.5619],[-73.4497,7.5628],[-73.4531,7.5614],[-73.4651,7.5627],[-73.471,7.5599],[-73.4768,7.5626],[-73.4858,7.5516],[-73.4949,7.5447],[-73.4971,7.5446],[-73.5041,7.5473],[-73.5101,7.5441],[-73.5174,7.544],[-73.5168,7.5408],[-73.5151,7.5395],[-73.5139,7.5403],[-73.5138,7.5395],[-73.512,7.5401],[-73.5111,7.542],[-73.5083,7.5416],[-73.5077,7.5386],[-73.5064,7.5377],[-73.5027,7.541],[-73.501,7.5412],[-73.4998,7.5405],[-73.4992,7.5373],[-73.4939,7.5332],[-73.4869,7.5372],[-73.487,7.5334],[-73.4851,7.5299],[-73.4849,7.5257],[-73.4836,7.5263],[-73.4825,7.5248],[-73.4764,7.5232],[-73.4725,7.5255],[-73.4665,7.5248],[-73.4653,7.522],[-73.4564,7.5195],[-73.4514,7.5205],[-73.4503,7.5226],[-73.4457,7.5236],[-73.4452,7.5252],[-73.443,7.5214],[-73.4442,7.5187],[-73.4426,7.5182],[-73.4407,7.5192],[-73.4384,7.5235],[-73.4388,7.5273],[-73.4359,7.5302],[-73.4359,7.5347],[-73.4283,7.5397],[-73.4244,7.5398],[-73.4193,7.5496],[-73.4144,7.5562],[-73.4126,7.5627],[-73.4128,7.568],[-73.4119,7.5674]]]}},{"type":"Feature","properties":{"nombre":"Playón","tipo":"vereda","fuente":"DANE","municipio":"Rionegro","codigo":"68615077","hectareas":208.8},"geometry":{"type":"Polygon","coordinates":[[[-73.2115,7.4469],[-73.2219,7.4569],[-73.2278,7.4583],[-73.2334,7.4572],[-73.23,7.4528],[-73.2287,7.4488],[-73.2253,7.4459],[-73.2222,7.4467],[-73.2153,7.4418],[-73.2131,7.4465],[-73.2115,7.4469]]]}},{"type":"Feature","properties":{"nombre":"Plazuela","tipo":"vereda","fuente":"DANE","municipio":"Rionegro","codigo":"68615078","hectareas":1200.5},"geometry":{"type":"Polygon","coordinates":[[[-73.3227,7.5017],[-73.3265,7.501],[-73.3299,7.5019],[-73.3319,7.4964],[-73.3331,7.4957],[-73.3351,7.4965],[-73.336,7.4944],[-73.3364,7.4979],[-73.3385,7.501],[-73.3402,7.5012],[-73.3411,7.4972],[-73.3437,7.4973],[-73.3453,7.4956],[-73.3437,7.4927],[-73.3379,7.4889],[-73.3341,7.4848],[-73.3348,7.478],[-73.3324,7.4735],[-73.3331,7.4655],[-73.3315,7.4624],[-73.329,7.4617],[-73.3223,7.4643],[-73.3179,7.464],[-73.3169,7.4633],[-73.3168,7.4607],[-73.3156,7.4604],[-73.3129,7.4618],[-73.3086,7.4616],[-73.3011,7.464],[-73.2947,7.4578],[-73.2936,7.4583],[-73.2943,7.4642],[-73.2969,7.4637],[-73.2978,7.4673],[-73.2996,7.4672],[-73.2982,7.4693],[-73.2989,7.472],[-73.3,7.4693],[-73.303,7.4704],[-73.3009,7.4729],[-73.3024,7.4738],[-73.3028,7.4758],[-73.3048,7.4756],[-73.3056,7.4776],[-73.3087,7.4792],[-73.309,7.4809],[-73.3117,7.4808],[-73.3105,7.4838],[-73.3137,7.4875],[-73.3198,7.4912],[-73.3229,7.4886],[-73.3222,7.4925],[-73.3254,7.4975],[-73.3229,7.4997],[-73.3227,7.5017]]]}},{"type":"Feature","properties":{"nombre":"Portachuelo","tipo":"vereda","fuente":"DANE","municipio":"Rionegro","codigo":"68615079","hectareas":376.0},"geometry":{"type":"Polygon","coordinates":[[[-73.1543,7.3608],[-73.1569,7.3624],[-73.162,7.3623],[-73.1631,7.3614],[-73.1714,7.3626],[-73.1762,7.3656],[-73.1788,7.3627],[-73.1784,7.3594],[-73.1795,7.357],[-73.1756,7.3561],[-73.1713,7.341],[-73.1661,7.3319],[-73.1665,7.3296],[-73.1655,7.3267],[-73.1662,7.3431],[-73.1601,7.3584],[-73.1567,7.3611],[-73.1543,7.3608]]]}},{"type":"Feature","properties":{"nombre":"Primavera","tipo":"vereda","fuente":"DANE","municipio":"Rionegro","codigo":"68615080","hectareas":497.1},"geometry":{"type":"Polygon","coordinates":[[[-73.1918,7.231],[-73.1927,7.2327],[-73.1976,7.2341],[-73.1997,7.232],[-73.2022,7.2323],[-73.2051,7.2377],[-73.2106,7.2356],[-73.2127,7.2371],[-73.2142,7.2359],[-73.2158,7.2366],[-73.2187,7.2344],[-73.2209,7.2342],[-73.2215,7.2303],[-73.2238,7.2272],[-73.2282,7.2257],[-73.2257,7.2234],[-73.2219,7.2229],[-73.2212,7.2205],[-73.2188,7.2182],[-73.2163,7.22],[-73.2055,7.2189],[-73.2029,7.2199],[-73.2002,7.2242],[-73.1941,7.2278],[-73.1918,7.231]]]}},{"type":"Feature","properties":{"nombre":"Puerto Arturo","tipo":"vereda","fuente":"DANE","municipio":"Rionegro","codigo":"68615081","hectareas":2984.9},"geometry":{"type":"Polygon","coordinates":[[[-73.6134,7.6559],[-73.6163,7.6578],[-73.6197,7.6568],[-73.6239,7.6582],[-73.628,7.6609],[-73.631,7.6655],[-73.6365,7.6631],[-73.6354,7.6613],[-73.6393,7.6607],[-73.6405,7.6666],[-73.6439,7.669],[-73.6493,7.6697],[-73.6531,7.6687],[-73.6565,7.6734],[-73.6572,7.6762],[-73.6627,7.6754],[-73.6638,7.6828],[-73.6655,7.6815],[-73.6664,7.6769],[-73.6711,7.6707],[-73.6718,7.671],[-73.6713,7.6734],[-73.6727,7.6743],[-73.6738,7.6777],[-73.6835,7.6792],[-73.6865,7.6727],[-73.6869,7.6688],[-73.6882,7.6673],[-73.685,7.6624],[-73.6865,7.6574],[-73.685,7.6569],[-73.6843,7.655],[-73.6867,7.6497],[-73.6785,7.652],[-73.6776,7.6499],[-73.681,7.6455],[-73.6764,7.6442],[-73.6717,7.6464],[-73.6687,7.6417],[-73.6637,7.6475],[-73.6612,7.648],[-73.6594,7.6452],[-73.6621,7.639],[-73.6621,7.6346],[-73.66,7.633],[-73.656,7.6357],[-73.653,7.6346],[-73.6524,7.6323],[-73.6545,7.6281],[-73.6535,7.6224],[-73.6554,7.6215],[-73.6601,7.623],[-73.6583,7.6188],[-73.6586,7.6133],[-73.6576,7.6127],[-73.6523,7.6139],[-73.6501,7.6124],[-73.6483,7.6133],[-73.6378,7.6211],[-73.6348,7.6298],[-73.6291,7.6343],[-73.6219,7.636],[-73.6209,7.6399],[-73.6238,7.6514],[-73.6113,7.6502],[-73.6134,7.6559]]]}},{"type":"Feature","properties":{"nombre":"Puerto Principe","tipo":"vereda","fuente":"DANE","municipio":"Rionegro","codigo":"68615082","hectareas":490.6},"geometry":{"type":"Polygon","coordinates":[[[-73.6645,7.6827],[-73.6659,7.6922],[-73.6679,7.6966],[-73.665,7.7004],[-73.666,7.7031],[-73.6648,7.7063],[-73.6673,7.7035],[-73.6683,7.7044],[-73.6676,7.7052],[-73.6683,7.7063],[-73.6668,7.7078],[-73.669,7.7135],[-73.6683,7.716],[-73.6691,7.7177],[-73.6716,7.715],[-73.6698,7.7114],[-73.6726,7.7108],[-73.6709,7.7084],[-73.6713,7.7067],[-73.6724,7.7054],[-73.6742,7.706],[-73.6785,7.7047],[-73.6779,7.7025],[-73.6792,7.7013],[-73.6784,7.6986],[-73.6807,7.6932],[-73.6762,7.6901],[-73.6764,7.6847],[-73.6786,7.6802],[-73.6773,7.6784],[-73.6732,7.6772],[-73.6727,7.6743],[-73.6713,7.6734],[-73.6714,7.6706],[-73.67,7.6711],[-73.6664,7.6769],[-73.6645,7.6827]]]}},{"type":"Feature","properties":{"nombre":"Puyana","tipo":"vereda","fuente":"DANE","municipio":"Rionegro","codigo":"68615083","hectareas":1203.2},"geometry":{"type":"Polygon","coordinates":[[[-73.2392,7.366],[-73.2463,7.3655],[-73.2542,7.3608],[-73.255,7.3543],[-73.2599,7.3472],[-73.2614,7.3431],[-73.2661,7.3197],[-73.2643,7.3208],[-73.261,7.3202],[-73.259,7.322],[-73.2564,7.3218],[-73.2529,7.3247],[-73.2464,7.3228],[-73.2441,7.3249],[-73.2411,7.3254],[-73.2421,7.3272],[-73.2398,7.3281],[-73.24,7.3312],[-73.2383,7.3361],[-73.2404,7.3373],[-73.2371,7.3394],[-73.2392,7.3419],[-73.2392,7.3435],[-73.2379,7.3455],[-73.2352,7.3464],[-73.2339,7.349],[-73.2291,7.3524],[-73.2277,7.3547],[-73.2311,7.3606],[-73.2392,7.366]]]}},{"type":"Feature","properties":{"nombre":"Rosa Blanca","tipo":"vereda","fuente":"DANE","municipio":"Rionegro","codigo":"68615084","hectareas":1644.9},"geometry":{"type":"Polygon","coordinates":[[[-73.574,7.6176],[-73.5715,7.6205],[-73.5697,7.6187],[-73.57,7.6202],[-73.5684,7.6206],[-73.5698,7.6226],[-73.5693,7.6248],[-73.5661,7.625],[-73.5644,7.6266],[-73.5672,7.629],[-73.5687,7.6272],[-73.5703,7.6287],[-73.5698,7.6305],[-73.5721,7.6301],[-73.5705,7.632],[-73.5727,7.6317],[-73.5745,7.6329],[-73.5741,7.6345],[-73.5715,7.6352],[-73.5707,7.6383],[-73.5752,7.6412],[-73.5759,7.6424],[-73.5751,7.6442],[-73.58,7.6491],[-73.5809,7.6476],[-73.5843,7.6487],[-73.585,7.6434],[-73.5867,7.641],[-73.5955,7.6381],[-73.5985,7.6379],[-73.6023,7.6426],[-73.609,7.646],[-73.6063,7.6425],[-73.6066,7.6384],[-73.6049,7.6373],[-73.6043,7.6353],[-73.6052,7.6326],[-73.6036,7.6282],[-73.6016,7.6271],[-73.5986,7.6213],[-73.6,7.6186],[-73.5983,7.6173],[-73.6075,7.6176],[-73.6071,7.6092],[-73.613,7.6058],[-73.6135,7.6028],[-73.6088,7.6013],[-73.606,7.5987],[-73.6018,7.5995],[-73.6013,7.5949],[-73.5989,7.5954],[-73.5952,7.5983],[-73.5951,7.5948],[-73.5939,7.5931],[-73.5882,7.5938],[-73.5852,7.5927],[-73.5852,7.5964],[-73.5874,7.6009],[-73.5852,7.6036],[-73.5853,7.606],[-73.5818,7.6092],[-73.5867,7.6121],[-73.587,7.6151],[-73.5812,7.6132],[-73.5785,7.6158],[-73.574,7.6176]]]}},{"type":"Feature","properties":{"nombre":"Saman","tipo":"vereda","fuente":"DANE","municipio":"Rionegro","codigo":"68615085","hectareas":303.1},"geometry":{"type":"Polygon","coordinates":[[[-73.1277,7.2539],[-73.1315,7.2564],[-73.1322,7.258],[-73.1342,7.2582],[-73.1349,7.2612],[-73.1382,7.2632],[-73.1421,7.2624],[-73.142,7.2605],[-73.1438,7.2611],[-73.145,7.2571],[-73.1424,7.2549],[-73.1389,7.2493],[-73.1402,7.2405],[-73.1385,7.2423],[-73.1359,7.2426],[-73.1269,7.2403],[-73.1282,7.2428],[-73.1266,7.2463],[-73.1277,7.2539]]]}},{"type":"Feature","properties":{"nombre":"San Ignacio","tipo":"vereda","fuente":"DANE","municipio":"Rionegro","codigo":"68615086","hectareas":287.0},"geometry":{"type":"Polygon","coordinates":[[[-73.1506,7.2261],[-73.1521,7.2267],[-73.1538,7.2256],[-73.153,7.2239],[-73.1541,7.2229],[-73.1529,7.2212],[-73.1556,7.218],[-73.1574,7.218],[-73.157,7.2162],[-73.1556,7.2167],[-73.1455,7.2111],[-73.1439,7.2092],[-73.137,7.2077],[-73.136,7.2126],[-73.1349,7.2118],[-73.1347,7.2137],[-73.1334,7.2138],[-73.1365,7.2163],[-73.1374,7.2198],[-73.1426,7.2235],[-73.1489,7.2245],[-73.1506,7.2261]]]}},{"type":"Feature","properties":{"nombre":"San Isidro","tipo":"vereda","fuente":"DANE","municipio":"Rionegro","codigo":"68615087","hectareas":324.0},"geometry":{"type":"Polygon","coordinates":[[[-73.1269,7.2403],[-73.1377,7.2425],[-73.1402,7.2405],[-73.1406,7.2379],[-73.142,7.2365],[-73.1489,7.2388],[-73.1497,7.2347],[-73.1468,7.2332],[-73.1463,7.2317],[-73.1473,7.2284],[-73.15,7.228],[-73.1506,7.2261],[-73.1489,7.2245],[-73.1426,7.2235],[-73.1377,7.2201],[-73.1378,7.2255],[-73.1361,7.2286],[-73.1361,7.2311],[-73.1289,7.2352],[-73.1258,7.239],[-73.1269,7.2403]]]}},{"type":"Feature","properties":{"nombre":"San Jorge","tipo":"vereda","fuente":"DANE","municipio":"Rionegro","codigo":"68615088","hectareas":568.2},"geometry":{"type":"Polygon","coordinates":[[[-73.1557,7.2553],[-73.1581,7.2572],[-73.1661,7.2573],[-73.1685,7.26],[-73.1729,7.2589],[-73.1757,7.2608],[-73.1751,7.255],[-73.1776,7.2501],[-73.1739,7.2464],[-73.1723,7.2353],[-73.1687,7.2323],[-73.1649,7.2334],[-73.1626,7.2312],[-73.1598,7.2328],[-73.1607,7.2374],[-73.1594,7.2395],[-73.1579,7.2377],[-73.1555,7.2379],[-73.1537,7.2419],[-73.1554,7.2434],[-73.1535,7.2495],[-73.1557,7.2553]]]}},{"type":"Feature","properties":{"nombre":"San Jose de Arevalo","tipo":"vereda","fuente":"DANE","municipio":"Rionegro","codigo":"68615089","hectareas":1423.6},"geometry":{"type":"Polygon","coordinates":[[[-73.1869,7.3367],[-73.1906,7.3354],[-73.1932,7.3324],[-73.1941,7.3299],[-73.1956,7.3289],[-73.1951,7.3274],[-73.2026,7.3232],[-73.203,7.3194],[-73.2103,7.32],[-73.2116,7.3122],[-73.2099,7.3103],[-73.2099,7.3082],[-73.2062,7.3067],[-73.2052,7.3019],[-73.2014,7.2973],[-73.1975,7.295],[-73.1948,7.296],[-73.1892,7.293],[-73.1885,7.2907],[-73.1764,7.2938],[-73.174,7.2968],[-73.175,7.3026],[-73.178,7.3037],[-73.1736,7.3073],[-73.1748,7.311],[-73.1748,7.3168],[-73.1722,7.3214],[-73.1717,7.3249],[-73.1745,7.3252],[-73.1773,7.3325],[-73.1822,7.3315],[-73.1832,7.3346],[-73.1869,7.3367]]]}},{"type":"Feature","properties":{"nombre":"San José de los Chorros","tipo":"vereda","fuente":"DANE","municipio":"Rionegro","codigo":"68615090","hectareas":1020.2},"geometry":{"type":"Polygon","coordinates":[[[-73.7349,7.7176],[-73.7417,7.7178],[-73.7499,7.7159],[-73.7563,7.717],[-73.7576,7.7154],[-73.7597,7.7158],[-73.7555,7.7104],[-73.7563,7.7077],[-73.7613,7.7022],[-73.76,7.6936],[-73.7549,7.6861],[-73.7534,7.6805],[-73.7481,7.685],[-73.7455,7.6825],[-73.7403,7.6802],[-73.74,7.6859],[-73.742,7.6955],[-73.7375,7.6994],[-73.7363,7.7028],[-73.7322,7.7028],[-73.7315,7.7056],[-73.7263,7.7061],[-73.7263,7.7104],[-73.7176,7.7113],[-73.7179,7.7132],[-73.7241,7.7166],[-73.7289,7.7148],[-73.7349,7.7176]]]}},{"type":"Feature","properties":{"nombre":"San Juan","tipo":"vereda","fuente":"DANE","municipio":"Rionegro","codigo":"68615091","hectareas":344.0},"geometry":{"type":"Polygon","coordinates":[[[-73.1551,7.2643],[-73.1584,7.2652],[-73.1616,7.2704],[-73.1654,7.271],[-73.1657,7.2725],[-73.1671,7.2711],[-73.1715,7.2723],[-73.176,7.2697],[-73.1787,7.2654],[-73.177,7.264],[-73.1757,7.2608],[-73.1729,7.2589],[-73.1687,7.26],[-73.1661,7.2573],[-73.1584,7.2573],[-73.1557,7.2553],[-73.1508,7.256],[-73.1493,7.2584],[-73.1503,7.2576],[-73.1512,7.2594],[-73.1515,7.2635],[-73.1519,7.2643],[-73.1522,7.2635],[-73.1543,7.2643],[-73.1554,7.2634],[-73.1577,7.2637],[-73.1551,7.2643]]]}},{"type":"Feature","properties":{"nombre":"San Pablo","tipo":"vereda","fuente":"DANE","municipio":"Rionegro","codigo":"68615092","hectareas":776.5},"geometry":{"type":"Polygon","coordinates":[[[-73.1555,7.2957],[-73.1605,7.2987],[-73.1649,7.2955],[-73.1689,7.2954],[-73.1709,7.2971],[-73.1732,7.2971],[-73.1762,7.2939],[-73.1805,7.2927],[-73.1756,7.2904],[-73.1758,7.285],[-73.1748,7.2824],[-73.1756,7.2795],[-73.1741,7.2761],[-73.1772,7.2703],[-73.1752,7.2697],[-73.1712,7.2723],[-73.1671,7.2711],[-73.1654,7.2725],[-73.1654,7.271],[-73.1616,7.2704],[-73.1576,7.2648],[-73.1551,7.2643],[-73.1525,7.2668],[-73.1519,7.2725],[-73.1496,7.276],[-73.153,7.2781],[-73.1513,7.2843],[-73.1555,7.2957]]]}},{"type":"Feature","properties":{"nombre":"San Rafael","tipo":"vereda","fuente":"DANE","municipio":"Rionegro","codigo":"68615093","hectareas":826.8},"geometry":{"type":"Polygon","coordinates":[[[-73.5713,7.614],[-73.574,7.6176],[-73.5785,7.6158],[-73.5812,7.6132],[-73.587,7.6151],[-73.5867,7.6121],[-73.5818,7.6092],[-73.5853,7.606],[-73.5852,7.6036],[-73.5874,7.6006],[-73.5852,7.5964],[-73.5846,7.5921],[-73.5814,7.5908],[-73.5736,7.5906],[-73.5741,7.5968],[-73.573,7.5973],[-73.5654,7.5948],[-73.5618,7.591],[-73.5564,7.5886],[-73.5478,7.5894],[-73.546,7.5905],[-73.5482,7.5999],[-73.561,7.605],[-73.5643,7.6109],[-73.5674,7.6139],[-73.5713,7.614]]]}},{"type":"Feature","properties":{"nombre":"Sardinas","tipo":"vereda","fuente":"DANE","municipio":"Rionegro","codigo":"68615094","hectareas":158.6},"geometry":{"type":"Polygon","coordinates":[[[-73.1436,7.2968],[-73.1555,7.2957],[-73.1513,7.2843],[-73.1525,7.2791],[-73.1498,7.2801],[-73.1486,7.2852],[-73.1474,7.2853],[-73.1445,7.2889],[-73.1414,7.2901],[-73.1436,7.2968]]]}},{"type":"Feature","properties":{"nombre":"Simonica","tipo":"vereda","fuente":"DANE","municipio":"Rionegro","codigo":"68615095","hectareas":3454.1},"geometry":{"type":"Polygon","coordinates":[[[-73.4301,7.4831],[-73.4316,7.4851],[-73.4312,7.4867],[-73.4334,7.4861],[-73.435,7.4875],[-73.4366,7.4863],[-73.4374,7.4875],[-73.4372,7.4852],[-73.4389,7.4851],[-73.4392,7.4864],[-73.4403,7.4855],[-73.4407,7.4866],[-73.4425,7.4836],[-73.4444,7.483],[-73.445,7.4856],[-73.4435,7.486],[-73.4443,7.4869],[-73.4427,7.4878],[-73.446,7.4886],[-73.4443,7.4901],[-73.4427,7.49],[-73.4424,7.492],[-73.4473,7.4919],[-73.4463,7.4902],[-73.448,7.4893],[-73.4479,7.4857],[-73.4441,7.4764],[-73.4451,7.4712],[-73.4402,7.4668],[-73.4348,7.4567],[-73.4254,7.4487],[-73.4191,7.44],[-73.4169,7.4391],[-73.4064,7.4405],[-73.4003,7.4362],[-73.397,7.4358],[-73.3946,7.4372],[-73.392,7.4416],[-73.3861,7.4421],[-73.3838,7.4402],[-73.3814,7.4335],[-73.3771,7.4347],[-73.3734,7.4258],[-73.37,7.4229],[-73.3656,7.4241],[-73.3589,7.4221],[-73.3555,7.4234],[-73.3567,7.4286],[-73.3554,7.4308],[-73.3566,7.4333],[-73.3542,7.4348],[-73.354,7.436],[-73.3571,7.4418],[-73.3559,7.4444],[-73.3577,7.4467],[-73.3573,7.4487],[-73.355,7.4506],[-73.3555,7.4548],[-73.3571,7.4574],[-73.3566,7.4598],[-73.3582,7.4624],[-73.3662,7.4633],[-73.371,7.4625],[-73.3793,7.4637],[-73.381,7.4649],[-73.3823,7.4642],[-73.3874,7.4694],[-73.392,7.4662],[-73.3953,7.4677],[-73.403,7.4677],[-73.4133,7.4776],[-73.4177,7.4759],[-73.4232,7.4764],[-73.4278,7.4817],[-73.4298,7.4812],[-73.4301,7.4831]]]}},{"type":"Feature","properties":{"nombre":"Tachuela","tipo":"vereda","fuente":"DANE","municipio":"Rionegro","codigo":"68615096","hectareas":251.7},"geometry":{"type":"Polygon","coordinates":[[[-73.2592,7.3922],[-73.259,7.3944],[-73.2624,7.3996],[-73.2631,7.4027],[-73.2656,7.4049],[-73.2719,7.398],[-73.2714,7.3966],[-73.2733,7.395],[-73.2764,7.3867],[-73.2708,7.381],[-73.2723,7.385],[-73.262,7.389],[-73.2592,7.3922]]]}},{"type":"Feature","properties":{"nombre":"Taladro","tipo":"vereda","fuente":"DANE","municipio":"Rionegro","codigo":"68615097","hectareas":2068.2},"geometry":{"type":"Polygon","coordinates":[[[-73.5236,7.5894],[-73.5295,7.5908],[-73.5415,7.6011],[-73.5421,7.5975],[-73.5482,7.5999],[-73.5456,7.5916],[-73.5478,7.5894],[-73.5564,7.5886],[-73.5618,7.591],[-73.5654,7.5948],[-73.573,7.5973],[-73.5741,7.5968],[-73.5736,7.5906],[-73.5652,7.5878],[-73.5616,7.58],[-73.5579,7.5763],[-73.5566,7.5718],[-73.5509,7.5683],[-73.5541,7.5623],[-73.5527,7.5555],[-73.5486,7.5484],[-73.5456,7.5473],[-73.5407,7.5486],[-73.5377,7.5475],[-73.5374,7.5456],[-73.5404,7.5414],[-73.5409,7.5387],[-73.54,7.5363],[-73.5369,7.5334],[-73.5292,7.5332],[-73.5313,7.5336],[-73.5285,7.536],[-73.526,7.542],[-73.5284,7.5428],[-73.5276,7.5464],[-73.5261,7.5472],[-73.5256,7.5545],[-73.5268,7.5574],[-73.5274,7.5645],[-73.5225,7.5699],[-73.5199,7.5759],[-73.5194,7.5819],[-73.5229,7.5839],[-73.5226,7.5875],[-73.5236,7.5894]]]}},{"type":"Feature","properties":{"nombre":"Tambo Quemado","tipo":"vereda","fuente":"DANE","municipio":"Rionegro","codigo":"68615098","hectareas":3910.2},"geometry":{"type":"Polygon","coordinates":[[[-73.3318,7.4257],[-73.3339,7.4276],[-73.3367,7.4279],[-73.3397,7.4308],[-73.341,7.4282],[-73.3426,7.4299],[-73.345,7.4274],[-73.3482,7.4313],[-73.3529,7.4307],[-73.3551,7.435],[-73.3565,7.4336],[-73.3554,7.4308],[-73.3567,7.4286],[-73.3557,7.4262],[-73.3552,7.4274],[-73.353,7.4267],[-73.3522,7.4244],[-73.3486,7.4226],[-73.3471,7.42],[-73.3492,7.4063],[-73.3482,7.4044],[-73.348,7.3987],[-73.3458,7.3959],[-73.3403,7.3941],[-73.3398,7.3928],[-73.3422,7.3892],[-73.3412,7.3837],[-73.3419,7.3814],[-73.3486,7.3735],[-73.3457,7.3664],[-73.3454,7.3574],[-73.3411,7.3554],[-73.34,7.3535],[-73.3462,7.3452],[-73.3466,7.3383],[-73.3413,7.3363],[-73.3292,7.3348],[-73.3259,7.337],[-73.3241,7.3425],[-73.3196,7.3444],[-73.3191,7.347],[-73.3174,7.3487],[-73.3076,7.3518],[-73.3073,7.3562],[-73.3053,7.3594],[-73.3026,7.3588],[-73.3022,7.3572],[-73.3037,7.3517],[-73.2969,7.3526],[-73.2993,7.3574],[-73.2991,7.3604],[-73.3022,7.3633],[-73.3011,7.3665],[-73.305,7.3689],[-73.3056,7.3703],[-73.3059,7.3759],[-73.3048,7.377],[-73.3062,7.3807],[-73.305,7.3847],[-73.3083,7.388],[-73.3104,7.3959],[-73.3125,7.3985],[-73.3109,7.4142],[-73.3121,7.4191],[-73.3112,7.4242],[-73.3147,7.4212],[-73.3196,7.4211],[-73.3239,7.4181],[-73.3263,7.418],[-73.3318,7.4257]]]}},{"type":"Feature","properties":{"nombre":"Tambor","tipo":"vereda","fuente":"DANE","municipio":"Rionegro","codigo":"68615099","hectareas":1075.2},"geometry":{"type":"Polygon","coordinates":[[[-73.2787,7.333],[-73.2829,7.3335],[-73.2803,7.33],[-73.2781,7.3179],[-73.2764,7.3147],[-73.2767,7.3089],[-73.2725,7.3022],[-73.2721,7.2969],[-73.27,7.2954],[-73.2687,7.2904],[-73.2657,7.2874],[-73.2623,7.2867],[-73.2566,7.2834],[-73.2502,7.2873],[-73.2493,7.2909],[-73.2474,7.2912],[-73.244,7.2963],[-73.2442,7.2993],[-73.2495,7.3096],[-73.2554,7.3132],[-73.2596,7.3217],[-73.2612,7.3201],[-73.2645,7.3208],[-73.2684,7.319],[-73.274,7.327],[-73.2772,7.3262],[-73.2759,7.329],[-73.2789,7.3301],[-73.2787,7.333]]]}},{"type":"Feature","properties":{"nombre":"Vega Carreño","tipo":"vereda","fuente":"DANE","municipio":"Rionegro","codigo":"68615100","hectareas":323.3},"geometry":{"type":"Polygon","coordinates":[[[-73.1402,7.2405],[-73.1389,7.2493],[-73.1452,7.2578],[-73.1557,7.2553],[-73.1535,7.2495],[-73.1554,7.2434],[-73.1537,7.2419],[-73.1555,7.2379],[-73.1474,7.2388],[-73.1423,7.2365],[-73.1407,7.2377],[-73.1402,7.2405]]]}},{"type":"Feature","properties":{"nombre":"Veinte de Julio","tipo":"vereda","fuente":"DANE","municipio":"Rionegro","codigo":"68615101","hectareas":4183.1},"geometry":{"type":"Polygon","coordinates":[[[-73.5514,7.6683],[-73.5592,7.6619],[-73.5624,7.6626],[-73.5647,7.6657],[-73.5663,7.6632],[-73.5692,7.664],[-73.5735,7.6558],[-73.58,7.6491],[-73.5751,7.6442],[-73.5759,7.6424],[-73.5752,7.6412],[-73.5707,7.6383],[-73.5715,7.6352],[-73.5741,7.6345],[-73.5745,7.6329],[-73.5727,7.6317],[-73.5705,7.632],[-73.5721,7.6301],[-73.5698,7.6305],[-73.5703,7.6287],[-73.5687,7.6272],[-73.5672,7.629],[-73.5644,7.6266],[-73.5661,7.625],[-73.5693,7.6248],[-73.5698,7.6226],[-73.5684,7.6206],[-73.57,7.6202],[-73.5697,7.6187],[-73.5717,7.6204],[-73.574,7.6176],[-73.5737,7.6165],[-73.5719,7.6142],[-73.5679,7.6141],[-73.565,7.6118],[-73.561,7.605],[-73.5421,7.5975],[-73.5418,7.601],[-73.541,7.601],[-73.5361,7.5955],[-73.5272,7.5896],[-73.5229,7.5896],[-73.5091,7.5948],[-73.5058,7.599],[-73.5094,7.6004],[-73.5084,7.6019],[-73.5097,7.6052],[-73.5079,7.6073],[-73.5085,7.6112],[-73.5113,7.6139],[-73.514,7.6137],[-73.5134,7.6162],[-73.5166,7.6214],[-73.5194,7.6185],[-73.5209,7.6196],[-73.5203,7.6245],[-73.5178,7.6249],[-73.5185,7.6288],[-73.5158,7.6309],[-73.5172,7.6325],[-73.516,7.6338],[-73.5168,7.6374],[-73.5188,7.6388],[-73.5174,7.641],[-73.5199,7.6411],[-73.5217,7.6396],[-73.5223,7.6411],[-73.5204,7.6427],[-73.521,7.6438],[-73.5223,7.6443],[-73.5236,7.6432],[-73.5272,7.6446],[-73.5264,7.6466],[-73.531,7.6502],[-73.531,7.653],[-73.5349,7.6535],[-73.5342,7.6585],[-73.5365,7.6594],[-73.5374,7.6631],[-73.5414,7.6615],[-73.5472,7.6654],[-73.5481,7.6684],[-73.5514,7.6683]]]}},{"type":"Feature","properties":{"nombre":"Venecia","tipo":"vereda","fuente":"DANE","municipio":"Rionegro","codigo":"68615102","hectareas":3206.1},"geometry":{"type":"Polygon","coordinates":[[[-73.4473,7.4919],[-73.4495,7.4909],[-73.4543,7.4916],[-73.457,7.4882],[-73.4603,7.4883],[-73.463,7.486],[-73.4672,7.4859],[-73.4675,7.4836],[-73.464,7.4805],[-73.4585,7.4809],[-73.4579,7.4781],[-73.4598,7.4717],[-73.4579,7.4643],[-73.4552,7.4621],[-73.4492,7.46],[-73.449,7.4576],[-73.4517,7.4538],[-73.4516,7.4507],[-73.4427,7.4444],[-73.4443,7.434],[-73.4343,7.4281],[-73.4317,7.4182],[-73.4255,7.4155],[-73.4162,7.4187],[-73.4138,7.4184],[-73.4079,7.4131],[-73.4072,7.4082],[-73.4044,7.4062],[-73.3987,7.407],[-73.3911,7.4041],[-73.3892,7.4047],[-73.3873,7.408],[-73.3801,7.4117],[-73.3727,7.4114],[-73.3695,7.4139],[-73.3693,7.4163],[-73.3711,7.4208],[-73.37,7.4229],[-73.3734,7.4258],[-73.3771,7.4347],[-73.3802,7.4333],[-73.3817,7.4337],[-73.3838,7.4402],[-73.3857,7.4419],[-73.392,7.4416],[-73.3946,7.4372],[-73.397,7.4358],[-73.4003,7.4362],[-73.4064,7.4405],[-73.4169,7.4391],[-73.4194,7.4402],[-73.4242,7.4474],[-73.4348,7.4567],[-73.4402,7.4668],[-73.4451,7.4712],[-73.4441,7.4764],[-73.4479,7.4857],[-73.448,7.4893],[-73.4463,7.4902],[-73.4473,7.4919]]]}},{"type":"Feature","properties":{"nombre":"Villapaz","tipo":"vereda","fuente":"DANE","municipio":"Rionegro","codigo":"68615103","hectareas":916.1},"geometry":{"type":"Polygon","coordinates":[[[-73.117,7.3696],[-73.1168,7.371],[-73.1208,7.3746],[-73.1275,7.385],[-73.135,7.3878],[-73.1389,7.3879],[-73.1462,7.3998],[-73.1481,7.3985],[-73.1477,7.395],[-73.1498,7.3883],[-73.1467,7.381],[-73.1467,7.3773],[-73.151,7.3705],[-73.1479,7.3674],[-73.1413,7.3664],[-73.1364,7.3623],[-73.1343,7.3584],[-73.1267,7.359],[-73.124,7.3581],[-73.1229,7.3597],[-73.1198,7.3608],[-73.117,7.3696]]]}},{"type":"Feature","properties":{"nombre":"Aguia Blanca","tipo":"vereda","fuente":"DANE","municipio":"Suratá","codigo":"68780001","hectareas":528.3},"geometry":{"type":"Polygon","coordinates":[[[-72.9574,7.4432],[-72.9629,7.4446],[-72.9657,7.4434],[-72.9714,7.444],[-72.9785,7.4332],[-72.9861,7.4271],[-72.9728,7.4074],[-72.9681,7.4258],[-72.9634,7.4354],[-72.9574,7.4432]]]}},{"type":"Feature","properties":{"nombre":"Bachiga","tipo":"vereda","fuente":"DANE","municipio":"Suratá","codigo":"68780002","hectareas":1178.3},"geometry":{"type":"Polygon","coordinates":[[[-72.9804,7.3693],[-72.9824,7.3727],[-72.988,7.3767],[-72.9968,7.3854],[-73.0037,7.3892],[-73.0044,7.3873],[-73.0031,7.3814],[-73.0113,7.3684],[-73.0164,7.364],[-73.016,7.3594],[-73.0092,7.3516],[-73.0052,7.3502],[-73.0016,7.3441],[-73.0011,7.3389],[-72.9965,7.3388],[-72.9942,7.3419],[-72.9923,7.3398],[-72.9947,7.3428],[-72.9896,7.3468],[-72.9804,7.3693]],[[-72.9825,7.3698],[-72.9816,7.3694],[-72.983,7.3672],[-72.9825,7.3658],[-72.9865,7.3627],[-72.9858,7.3686],[-72.9825,7.3698]]]}},{"type":"Feature","properties":{"nombre":"Bucare","tipo":"vereda","fuente":"DANE","municipio":"Suratá","codigo":"68780003","hectareas":872.7},"geometry":{"type":"Polygon","coordinates":[[[-72.9845,7.3455],[-72.9883,7.3473],[-72.9947,7.3428],[-72.9907,7.3383],[-72.9854,7.3365],[-72.9808,7.3327],[-72.9783,7.3207],[-72.9791,7.3169],[-72.9783,7.3138],[-72.973,7.3178],[-72.9667,7.3178],[-72.9637,7.3147],[-72.9584,7.3121],[-72.9549,7.3077],[-72.9509,7.308],[-72.9464,7.3068],[-72.9442,7.3025],[-72.9412,7.3007],[-72.9395,7.2975],[-72.9338,7.2918],[-72.9315,7.2938],[-72.9295,7.2934],[-72.9293,7.2913],[-72.9219,7.2934],[-72.9256,7.2957],[-72.9263,7.2978],[-72.929,7.3],[-72.9335,7.3021],[-72.9351,7.3044],[-72.9386,7.3053],[-72.9469,7.3143],[-72.953,7.3151],[-72.9597,7.3216],[-72.9597,7.3233],[-72.9626,7.3267],[-72.9686,7.3295],[-72.9745,7.3354],[-72.9795,7.3436],[-72.9845,7.3455]]]}},{"type":"Feature","properties":{"nombre":"Capacho","tipo":"vereda","fuente":"DANE","municipio":"Suratá","codigo":"68780004","hectareas":922.9},"geometry":{"type":"Polygon","coordinates":[[[-73.0373,7.4786],[-73.0396,7.4789],[-73.0406,7.4803],[-73.0497,7.4848],[-73.0523,7.484],[-73.0478,7.4744],[-73.0472,7.4698],[-73.0436,7.4609],[-73.0434,7.4563],[-73.0379,7.4526],[-73.03,7.4433],[-73.0235,7.4409],[-73.0262,7.4499],[-73.0245,7.4547],[-73.0192,7.455],[-73.0179,7.456],[-73.0178,7.4689],[-73.0196,7.4722],[-73.024,7.472],[-73.0267,7.4745],[-73.0293,7.4753],[-73.0319,7.4782],[-73.0373,7.4786]]]}},{"type":"Feature","properties":{"nombre":"Cartagena","tipo":"vereda","fuente":"DANE","municipio":"Suratá","codigo":"68780005","hectareas":1773.9},"geometry":{"type":"Polygon","coordinates":[[[-73.0482,7.5655],[-73.0625,7.568],[-73.0655,7.5743],[-73.0706,7.5719],[-73.071,7.568],[-73.0727,7.5656],[-73.0719,7.563],[-73.0763,7.5625],[-73.0809,7.5585],[-73.0828,7.5594],[-73.0852,7.5572],[-73.0853,7.5539],[-73.0895,7.5431],[-73.096,7.5335],[-73.0943,7.5308],[-73.089,7.5284],[-73.086,7.5253],[-73.0815,7.5183],[-73.08,7.5109],[-73.0679,7.5146],[-73.0672,7.5165],[-73.0695,7.5256],[-73.069,7.531],[-73.0661,7.5347],[-73.0615,7.5348],[-73.0576,7.5389],[-73.0557,7.5446],[-73.0562,7.5497],[-73.0524,7.5522],[-73.0524,7.5554],[-73.0506,7.5571],[-73.0482,7.5655]]]}},{"type":"Feature","properties":{"nombre":"Cartagua","tipo":"vereda","fuente":"DANE","municipio":"Suratá","codigo":"68780006","hectareas":785.1},"geometry":{"type":"Polygon","coordinates":[[[-72.9728,7.4074],[-72.9861,7.4271],[-72.9912,7.4261],[-72.9941,7.4232],[-72.9969,7.419],[-72.9991,7.4177],[-72.9982,7.4164],[-73.0004,7.4152],[-73.0001,7.4116],[-73.0029,7.4098],[-73.0004,7.4063],[-72.9937,7.4049],[-72.9896,7.4006],[-72.9787,7.3948],[-72.975,7.3906],[-72.9732,7.3913],[-72.9677,7.398],[-72.9679,7.4029],[-72.9728,7.4074]]]}},{"type":"Feature","properties":{"nombre":"Crucesitas","tipo":"vereda","fuente":"DANE","municipio":"Suratá","codigo":"68780007","hectareas":1084.6},"geometry":{"type":"Polygon","coordinates":[[[-72.9886,7.582],[-73.0001,7.5762],[-73.0065,7.5813],[-73.0162,7.5776],[-73.0157,7.5715],[-73.0173,7.567],[-73.0289,7.5529],[-73.0333,7.551],[-73.0357,7.5474],[-73.0361,7.5453],[-73.0323,7.5382],[-73.0336,7.5347],[-73.0251,7.533],[-73.0152,7.5381],[-73.0134,7.5426],[-73.0134,7.5486],[-73.0107,7.5524],[-73.0051,7.5671],[-72.9983,7.5685],[-72.9909,7.5718],[-72.987,7.5714],[-72.9886,7.582]]]}},{"type":"Feature","properties":{"nombre":"El Mineral","tipo":"vereda","fuente":"DANE","municipio":"Suratá","codigo":"68780008","hectareas":2099.2},"geometry":{"type":"Polygon","coordinates":[[[-72.9871,7.5716],[-72.9909,7.5718],[-72.9983,7.5685],[-73.0051,7.5671],[-73.0107,7.5524],[-73.0134,7.5486],[-73.013,7.5451],[-73.0145,7.5391],[-73.0193,7.5353],[-73.0226,7.5349],[-73.0251,7.533],[-73.0336,7.5347],[-73.0338,7.5327],[-73.0315,7.5281],[-73.0326,7.5239],[-73.0216,7.5203],[-73.0197,7.5182],[-73.0142,7.5179],[-73.0096,7.5204],[-73.006,7.5195],[-73.0024,7.5206],[-72.9972,7.5195],[-72.9941,7.5213],[-72.9885,7.5215],[-72.9832,7.5235],[-72.9774,7.528],[-72.9774,7.5392],[-72.9815,7.5464],[-72.9848,7.5495],[-72.9841,7.5568],[-72.9865,7.5623],[-72.9871,7.5716]]]}},{"type":"Feature","properties":{"nombre":"El Silencio","tipo":"vereda","fuente":"DANE","municipio":"Suratá","codigo":"68780009","hectareas":1530.3},"geometry":{"type":"Polygon","coordinates":[[[-73.0319,7.4782],[-73.0235,7.4788],[-73.0181,7.4774],[-72.9961,7.4834],[-72.9923,7.4927],[-72.992,7.4987],[-72.9888,7.5019],[-72.9877,7.5062],[-72.9803,7.5121],[-72.979,7.518],[-72.9791,7.5253],[-72.9774,7.528],[-72.9832,7.5235],[-72.9885,7.5215],[-72.9941,7.5213],[-72.9972,7.5195],[-73.0024,7.5206],[-73.006,7.5195],[-73.0096,7.5204],[-73.0142,7.5179],[-73.015,7.5085],[-73.0122,7.5038],[-73.0127,7.4955],[-73.0165,7.4949],[-73.019,7.4922],[-73.0217,7.4918],[-73.0239,7.4876],[-73.0248,7.4893],[-73.0264,7.4872],[-73.0299,7.4875],[-73.0329,7.4817],[-73.0373,7.4786],[-73.0319,7.4782]]]}},{"type":"Feature","properties":{"nombre":"Gramalotico","tipo":"vereda","fuente":"DANE","municipio":"Suratá","codigo":"68780010","hectareas":2357.0},"geometry":{"type":"Polygon","coordinates":[[[-72.9804,7.4606],[-72.9813,7.4591],[-72.984,7.463],[-72.9971,7.4721],[-73.0001,7.4712],[-73.0053,7.4727],[-73.0192,7.472],[-73.0175,7.4681],[-73.0175,7.4577],[-73.0184,7.4554],[-73.024,7.455],[-73.0251,7.4537],[-73.0261,7.4496],[-73.0244,7.4426],[-73.0182,7.436],[-73.0106,7.4314],[-73.0095,7.424],[-72.9989,7.4177],[-72.9912,7.4261],[-72.9861,7.4271],[-72.9785,7.4332],[-72.9753,7.437],[-72.9722,7.4434],[-72.9705,7.4444],[-72.9736,7.4566],[-72.9804,7.4606]]]}},{"type":"Feature","properties":{"nombre":"Lasabejas","tipo":"vereda","fuente":"DANE","municipio":"Suratá","codigo":"68780011","hectareas":1559.4},"geometry":{"type":"Polygon","coordinates":[[[-73.0162,7.5776],[-73.0342,7.583],[-73.0389,7.5811],[-73.0468,7.5687],[-73.0506,7.5571],[-73.0524,7.5554],[-73.0524,7.5522],[-73.0562,7.5497],[-73.0557,7.5446],[-73.0576,7.5389],[-73.0615,7.5348],[-73.0645,7.5354],[-73.0676,7.5331],[-73.0624,7.531],[-73.0521,7.5308],[-73.0503,7.5299],[-73.0436,7.5306],[-73.0385,7.5339],[-73.0336,7.5347],[-73.0323,7.5382],[-73.0361,7.5453],[-73.0357,7.5474],[-73.0333,7.551],[-73.0289,7.5529],[-73.0173,7.567],[-73.0157,7.5715],[-73.0162,7.5776]]]}},{"type":"Feature","properties":{"nombre":"Mesallana","tipo":"vereda","fuente":"DANE","municipio":"Suratá","codigo":"68780012","hectareas":773.3},"geometry":{"type":"Polygon","coordinates":[[[-73.0471,7.51],[-73.0509,7.5103],[-73.0544,7.5124],[-73.0571,7.5174],[-73.0591,7.5188],[-73.0654,7.5174],[-73.0677,7.5157],[-73.0675,7.5111],[-73.0689,7.507],[-73.0718,7.5038],[-73.0732,7.4991],[-73.0813,7.495],[-73.085,7.4944],[-73.0913,7.489],[-73.0902,7.4883],[-73.0834,7.4902],[-73.0781,7.4887],[-73.0635,7.4883],[-73.0615,7.4867],[-73.0588,7.4864],[-73.0567,7.4949],[-73.0502,7.5005],[-73.0471,7.5049],[-73.0471,7.51]]]}},{"type":"Feature","properties":{"nombre":"Mohan","tipo":"vereda","fuente":"DANE","municipio":"Suratá","codigo":"68780013","hectareas":2579.8},"geometry":{"type":"Polygon","coordinates":[[[-73.0122,7.6222],[-73.0219,7.6201],[-73.0272,7.6225],[-73.0346,7.6229],[-73.0386,7.6206],[-73.0415,7.6129],[-73.0385,7.6019],[-73.0398,7.5968],[-73.0395,7.5924],[-73.0333,7.5826],[-73.0162,7.5776],[-73.0065,7.5813],[-73.0001,7.5762],[-72.9886,7.582],[-72.9921,7.5967],[-72.9872,7.601],[-72.9853,7.6051],[-72.981,7.6103],[-72.9804,7.6136],[-72.9826,7.6206],[-72.9859,7.6205],[-72.9908,7.6177],[-72.9976,7.6184],[-72.9987,7.617],[-73.0062,7.6208],[-73.0122,7.6222]]]}},{"type":"Feature","properties":{"nombre":"Mohan","tipo":"vereda","fuente":"DANE","municipio":"Suratá","codigo":"68780015","hectareas":2831.9},"geometry":{"type":"Polygon","coordinates":[[[-72.9024,7.4771],[-72.9079,7.4847],[-72.9106,7.4826],[-72.9194,7.4793],[-72.9347,7.4689],[-72.9375,7.4698],[-72.9452,7.4676],[-72.9551,7.4685],[-72.9634,7.4645],[-72.9757,7.4651],[-72.9804,7.4606],[-72.9736,7.4566],[-72.9705,7.4444],[-72.9666,7.4434],[-72.9629,7.4446],[-72.958,7.4436],[-72.9524,7.4383],[-72.9479,7.4393],[-72.9449,7.4354],[-72.9423,7.4347],[-72.9308,7.442],[-72.92,7.4426],[-72.9141,7.4462],[-72.9064,7.446],[-72.9011,7.4442],[-72.9005,7.4496],[-72.8941,7.4722],[-72.8964,7.4803],[-72.9024,7.4771]]]}},{"type":"Feature","properties":{"nombre":"Mohan","tipo":"vereda","fuente":"DANE","municipio":"Suratá","codigo":"68780014","hectareas":3012.7},"geometry":{"type":"Polygon","coordinates":[[[-72.9625,7.5196],[-72.9678,7.5209],[-72.9771,7.5288],[-72.9791,7.5253],[-72.979,7.518],[-72.9803,7.5121],[-72.9877,7.5062],[-72.9888,7.5019],[-72.992,7.4987],[-72.9923,7.4927],[-72.9961,7.4834],[-73.0181,7.4774],[-73.0235,7.4788],[-73.0317,7.4776],[-73.0226,7.4717],[-73.0053,7.4727],[-73.0001,7.4712],[-72.9965,7.4719],[-72.9919,7.4677],[-72.984,7.463],[-72.9813,7.4591],[-72.9758,7.4671],[-72.9752,7.4734],[-72.972,7.476],[-72.9712,7.4804],[-72.9658,7.4852],[-72.9644,7.486],[-72.9574,7.485],[-72.9473,7.4896],[-72.9397,7.4887],[-72.9373,7.487],[-72.9313,7.4892],[-72.9278,7.4937],[-72.9289,7.494],[-72.9282,7.4951],[-72.9316,7.5015],[-72.9373,7.5048],[-72.9396,7.5125],[-72.9449,7.5146],[-72.9521,7.5157],[-72.9588,7.5203],[-72.9625,7.5196]]]}},{"type":"Feature","properties":{"nombre":"Nueva Vereda","tipo":"vereda","fuente":"DANE","municipio":"Suratá","codigo":"68780016","hectareas":359.1},"geometry":{"type":"Polygon","coordinates":[[[-72.9606,7.3811],[-72.9672,7.3836],[-72.976,7.3821],[-72.9796,7.3704],[-72.9787,7.3707],[-72.9804,7.3693],[-72.983,7.3612],[-72.9734,7.3584],[-72.9642,7.3768],[-72.9606,7.3811]]]}},{"type":"Feature","properties":{"nombre":"Palchal","tipo":"vereda","fuente":"DANE","municipio":"Suratá","codigo":"68780017","hectareas":2762.7},"geometry":{"type":"Polygon","coordinates":[[[-72.9447,7.4224],[-72.9467,7.424],[-72.9516,7.4221],[-72.9538,7.4237],[-72.9592,7.4239],[-72.9624,7.4205],[-72.9668,7.42],[-72.9697,7.4183],[-72.9728,7.4074],[-72.9679,7.4029],[-72.9677,7.398],[-72.9732,7.3913],[-72.975,7.3906],[-72.9747,7.3871],[-72.976,7.3821],[-72.9672,7.3836],[-72.9606,7.3811],[-72.9458,7.3782],[-72.9331,7.3729],[-72.9259,7.377],[-72.9248,7.3806],[-72.9216,7.3849],[-72.9196,7.3846],[-72.9177,7.3826],[-72.9152,7.3888],[-72.9138,7.3909],[-72.912,7.3912],[-72.9107,7.3948],[-72.9132,7.3951],[-72.9161,7.3974],[-72.9199,7.4029],[-72.9202,7.413],[-72.9178,7.4169],[-72.9217,7.4182],[-72.9218,7.4205],[-72.9238,7.4214],[-72.9286,7.4201],[-72.9338,7.4206],[-72.9442,7.4187],[-72.9447,7.4224]]]}},{"type":"Feature","properties":{"nombre":"Panaga","tipo":"vereda","fuente":"DANE","municipio":"Suratá","codigo":"68780018","hectareas":139.7},"geometry":{"type":"Polygon","coordinates":[[[-72.9785,7.3595],[-72.983,7.3612],[-72.9896,7.3468],[-72.987,7.3471],[-72.9795,7.3436],[-72.9788,7.3457],[-72.9799,7.3521],[-72.978,7.3581],[-72.9785,7.3595]]]}},{"type":"Feature","properties":{"nombre":"Pantanitos","tipo":"vereda","fuente":"DANE","municipio":"Suratá","codigo":"68780019","hectareas":813.1},"geometry":{"type":"Polygon","coordinates":[[[-73.0342,7.583],[-73.0395,7.5924],[-73.0398,7.5968],[-73.0385,7.6019],[-73.0415,7.6129],[-73.0485,7.6065],[-73.0493,7.5987],[-73.0522,7.5955],[-73.0568,7.583],[-73.0598,7.5805],[-73.0618,7.5757],[-73.0655,7.5743],[-73.0638,7.5696],[-73.06,7.5672],[-73.0482,7.5655],[-73.0389,7.5811],[-73.0342,7.583]]]}},{"type":"Feature","properties":{"nombre":"Paramo de Monsalve","tipo":"vereda","fuente":"DANE","municipio":"Suratá","codigo":"68780020","hectareas":2837.8},"geometry":{"type":"Polygon","coordinates":[[[-72.909,7.4458],[-72.9141,7.4462],[-72.92,7.4426],[-72.9308,7.442],[-72.9386,7.4365],[-72.9435,7.4345],[-72.9473,7.439],[-72.9524,7.4383],[-72.9574,7.4432],[-72.9634,7.4354],[-72.9681,7.4258],[-72.9697,7.4183],[-72.9668,7.42],[-72.9624,7.4205],[-72.9592,7.4239],[-72.9538,7.4237],[-72.9516,7.4221],[-72.9458,7.4238],[-72.9447,7.4224],[-72.9446,7.4191],[-72.9433,7.4186],[-72.9338,7.4206],[-72.9286,7.4201],[-72.9227,7.4213],[-72.9214,7.4198],[-72.9217,7.4182],[-72.9178,7.4169],[-72.9202,7.413],[-72.9199,7.4029],[-72.9161,7.3974],[-72.9132,7.3951],[-72.9106,7.395],[-72.9103,7.3927],[-72.9043,7.3936],[-72.9036,7.3957],[-72.9,7.3979],[-72.8961,7.3981],[-72.896,7.4007],[-72.892,7.399],[-72.8901,7.4008],[-72.8881,7.3996],[-72.8859,7.4002],[-72.8845,7.3982],[-72.8823,7.3976],[-72.8825,7.3921],[-72.8751,7.3931],[-72.8773,7.4019],[-72.8769,7.4059],[-72.8814,7.4099],[-72.886,7.4162],[-72.8916,7.42],[-72.8928,7.4254],[-72.8996,7.4334],[-72.9011,7.4442],[-72.9064,7.446],[-72.909,7.4458]]]}},{"type":"Feature","properties":{"nombre":"Porvenir","tipo":"vereda","fuente":"DANE","municipio":"Suratá","codigo":"68780021","hectareas":699.0},"geometry":{"type":"Polygon","coordinates":[[[-72.975,7.3906],[-72.9787,7.3948],[-72.9896,7.4006],[-72.9937,7.4049],[-73.0004,7.4063],[-73.0018,7.4075],[-73.0021,7.394],[-73.0043,7.3908],[-73.0044,7.3873],[-73.0037,7.3892],[-72.9968,7.3854],[-72.988,7.3767],[-72.9824,7.3727],[-72.9804,7.3693],[-72.978,7.3733],[-72.9747,7.3871],[-72.975,7.3906]]]}},{"type":"Feature","properties":{"nombre":"San Francisco","tipo":"vereda","fuente":"DANE","municipio":"Suratá","codigo":"68780022","hectareas":1085.8},"geometry":{"type":"Polygon","coordinates":[[[-72.9322,7.3734],[-72.9331,7.3729],[-72.9458,7.3782],[-72.9606,7.3811],[-72.9642,7.3768],[-72.9728,7.359],[-72.9742,7.3583],[-72.9785,7.3595],[-72.978,7.3581],[-72.9797,7.353],[-72.9787,7.3519],[-72.9747,7.3516],[-72.9711,7.3526],[-72.969,7.3506],[-72.9655,7.3507],[-72.9625,7.349],[-72.9507,7.3485],[-72.946,7.3531],[-72.9441,7.3577],[-72.9443,7.3597],[-72.9412,7.3625],[-72.9376,7.3637],[-72.9322,7.3734]]]}},{"type":"Feature","properties":{"nombre":"San Isidro","tipo":"vereda","fuente":"DANE","municipio":"Suratá","codigo":"68780023","hectareas":965.8},"geometry":{"type":"Polygon","coordinates":[[[-73.0328,7.5307],[-73.0336,7.5347],[-73.0385,7.5339],[-73.0436,7.5306],[-73.0503,7.5299],[-73.0521,7.5308],[-73.0624,7.531],[-73.0676,7.5331],[-73.0694,7.5299],[-73.0695,7.5256],[-73.0672,7.5165],[-73.0591,7.5188],[-73.0571,7.5174],[-73.0544,7.5124],[-73.0494,7.5099],[-73.0421,7.5121],[-73.0274,7.5113],[-73.0193,7.5145],[-73.0141,7.5153],[-73.0142,7.5179],[-73.0197,7.5182],[-73.0216,7.5203],[-73.0322,7.5235],[-73.0315,7.5281],[-73.0328,7.5307]]]}},{"type":"Feature","properties":{"nombre":"Sta. Rosa","tipo":"vereda","fuente":"DANE","municipio":"Suratá","codigo":"68780024","hectareas":1278.0},"geometry":{"type":"Polygon","coordinates":[[[-73.0141,7.5153],[-73.0193,7.5145],[-73.0274,7.5113],[-73.0421,7.5121],[-73.0471,7.51],[-73.0467,7.506],[-73.0481,7.503],[-73.0567,7.4949],[-73.0588,7.4864],[-73.0597,7.4863],[-73.0523,7.484],[-73.0497,7.4848],[-73.039,7.4787],[-73.0337,7.4809],[-73.0299,7.4875],[-73.0264,7.4872],[-73.0248,7.4893],[-73.0239,7.4876],[-73.0217,7.4918],[-73.019,7.4922],[-73.0165,7.4949],[-73.0127,7.4955],[-73.0122,7.5038],[-73.015,7.5085],[-73.0141,7.5153]]]}},{"type":"Feature","properties":{"nombre":"Tablanca","tipo":"vereda","fuente":"DANE","municipio":"Suratá","codigo":"68780025","hectareas":1386.3},"geometry":{"type":"Polygon","coordinates":[[[-72.9251,7.4931],[-72.9282,7.4951],[-72.9289,7.494],[-72.9278,7.4937],[-72.9313,7.4892],[-72.9373,7.487],[-72.9397,7.4887],[-72.9473,7.4896],[-72.9574,7.485],[-72.9644,7.486],[-72.9712,7.4804],[-72.972,7.476],[-72.9752,7.4734],[-72.9758,7.4671],[-72.9774,7.4642],[-72.9718,7.4654],[-72.9699,7.4642],[-72.9634,7.4645],[-72.9551,7.4685],[-72.9452,7.4676],[-72.9375,7.4698],[-72.9347,7.4689],[-72.9194,7.4793],[-72.9106,7.4826],[-72.9079,7.4847],[-72.9095,7.4878],[-72.9156,7.4927],[-72.9251,7.4931]]]}},{"type":"Feature","properties":{"nombre":"Alizal","tipo":"vereda","fuente":"DANE","municipio":"Tona","codigo":"68820001","hectareas":2181.3},"geometry":{"type":"Polygon","coordinates":[[[-72.9063,7.2467],[-72.9114,7.2495],[-72.9204,7.2482],[-72.9233,7.2464],[-72.9374,7.2437],[-72.941,7.2302],[-72.9468,7.217],[-72.9519,7.1982],[-72.9468,7.1997],[-72.9378,7.2003],[-72.9356,7.2018],[-72.9257,7.2024],[-72.918,7.2086],[-72.9124,7.2101],[-72.9033,7.2154],[-72.9,7.2156],[-72.9008,7.2166],[-72.9,7.2243],[-72.8986,7.2303],[-72.9003,7.2329],[-72.8993,7.2451],[-72.9022,7.2458],[-72.9035,7.2448],[-72.9063,7.2467]]]}},{"type":"Feature","properties":{"nombre":"Armaria","tipo":"vereda","fuente":"DANE","municipio":"Tona","codigo":"68820002","hectareas":840.3},"geometry":{"type":"Polygon","coordinates":[[[-73.0233,7.1511],[-73.023,7.1558],[-73.0188,7.1708],[-73.0182,7.179],[-73.0191,7.181],[-73.0238,7.1844],[-73.0289,7.1944],[-73.0296,7.1984],[-73.0361,7.197],[-73.0386,7.1926],[-73.0352,7.18],[-73.0343,7.172],[-73.0393,7.1633],[-73.0366,7.1594],[-73.0362,7.1564],[-73.0373,7.1534],[-73.0351,7.1479],[-73.0343,7.1488],[-73.031,7.1476],[-73.0233,7.1511]]]}},{"type":"Feature","properties":{"nombre":"Arnania","tipo":"vereda","fuente":"DANE","municipio":"Tona","codigo":"68820003","hectareas":1387.7},"geometry":{"type":"Polygon","coordinates":[[[-72.9745,7.2064],[-72.9787,7.2073],[-72.9857,7.2057],[-72.991,7.2063],[-72.9971,7.2033],[-73.0003,7.2031],[-73.0009,7.195],[-72.9989,7.19],[-72.999,7.1851],[-73.0022,7.1757],[-73.0017,7.1715],[-73.0062,7.1641],[-73.0052,7.1612],[-72.9917,7.1682],[-72.9792,7.1706],[-72.9682,7.1767],[-72.969,7.1859],[-72.9702,7.1887],[-72.9699,7.1956],[-72.9719,7.1983],[-72.9717,7.2015],[-72.9745,7.2064]]]}},{"type":"Feature","properties":{"nombre":"Babilonia","tipo":"vereda","fuente":"DANE","municipio":"Tona","codigo":"68820004","hectareas":738.1},"geometry":{"type":"Polygon","coordinates":[[[-73.0469,7.1594],[-73.0449,7.1687],[-73.0528,7.1937],[-73.0612,7.1859],[-73.0612,7.1837],[-73.0665,7.1742],[-73.0674,7.171],[-73.0665,7.1646],[-73.0671,7.16],[-73.0621,7.1546],[-73.0636,7.1513],[-73.0595,7.1521],[-73.054,7.1561],[-73.0519,7.1564],[-73.0514,7.1578],[-73.0469,7.1594]]]}},{"type":"Feature","properties":{"nombre":"Caragua","tipo":"vereda","fuente":"DANE","municipio":"Tona","codigo":"68820005","hectareas":348.0},"geometry":{"type":"Polygon","coordinates":[[[-73.0083,7.1418],[-73.0136,7.1453],[-73.0169,7.1525],[-73.0249,7.1507],[-73.031,7.1476],[-73.0238,7.1412],[-73.0224,7.1356],[-73.0183,7.1269],[-73.0167,7.1258],[-73.0129,7.1304],[-73.0125,7.1334],[-73.0094,7.1366],[-73.0083,7.1418]]]}},{"type":"Feature","properties":{"nombre":"Cuestaboba","tipo":"vereda","fuente":"DANE","municipio":"Tona","codigo":"68820006","hectareas":3397.1},"geometry":{"type":"Polygon","coordinates":[[[-72.8708,7.2538],[-72.8769,7.2595],[-72.8864,7.2536],[-72.8903,7.2533],[-72.8925,7.2542],[-72.8958,7.2494],[-72.8962,7.246],[-72.8993,7.2451],[-72.9003,7.2329],[-72.8986,7.2303],[-72.9008,7.2166],[-72.8959,7.2138],[-72.8915,7.2073],[-72.8924,7.1924],[-72.8883,7.1934],[-72.8868,7.1926],[-72.8855,7.1872],[-72.882,7.1856],[-72.884,7.1841],[-72.8824,7.1821],[-72.8802,7.1831],[-72.8774,7.1767],[-72.8718,7.1771],[-72.8611,7.1843],[-72.8417,7.206],[-72.8497,7.2136],[-72.8565,7.2169],[-72.8565,7.2193],[-72.8584,7.2224],[-72.8571,7.2264],[-72.8657,7.234],[-72.8665,7.2398],[-72.8645,7.244],[-72.8656,7.2482],[-72.8701,7.2515],[-72.8708,7.2538]]]}},{"type":"Feature","properties":{"nombre":"El Palmar","tipo":"vereda","fuente":"DANE","municipio":"Tona","codigo":"68820007","hectareas":1186.2},"geometry":{"type":"Polygon","coordinates":[[[-72.9519,7.1982],[-72.9468,7.217],[-72.941,7.2302],[-72.9374,7.2437],[-72.941,7.241],[-72.946,7.2395],[-72.9487,7.2367],[-72.9529,7.2368],[-72.9539,7.2309],[-72.961,7.2213],[-72.9745,7.2064],[-72.9717,7.2015],[-72.9719,7.1983],[-72.9699,7.1956],[-72.9702,7.1887],[-72.969,7.1859],[-72.9682,7.1767],[-72.9574,7.1845],[-72.9535,7.1919],[-72.9519,7.1982]],[[-72.9663,7.2014],[-72.9688,7.1981],[-72.9694,7.1987],[-72.9651,7.2049],[-72.9646,7.2018],[-72.9663,7.2014]]]}},{"type":"Feature","properties":{"nombre":"Guaumales","tipo":"vereda","fuente":"DANE","municipio":"Tona","codigo":"68820008","hectareas":1098.0},"geometry":{"type":"Polygon","coordinates":[[[-72.9779,7.135],[-72.986,7.1373],[-73.0019,7.1395],[-73.0083,7.1418],[-73.0094,7.1366],[-73.0125,7.1334],[-73.0129,7.1304],[-73.0167,7.1258],[-73.007,7.1199],[-73.0067,7.1161],[-73.0053,7.1154],[-73.0022,7.1062],[-73.0028,7.1036],[-72.9957,7.1118],[-72.9913,7.1081],[-72.9809,7.1102],[-72.9793,7.1166],[-72.9802,7.119],[-72.9779,7.135]]]}},{"type":"Feature","properties":{"nombre":"Juan Rodriguez","tipo":"vereda","fuente":"DANE","municipio":"Tona","codigo":"68820009","hectareas":3790.0},"geometry":{"type":"Polygon","coordinates":[[[-72.9039,7.1214],[-72.9064,7.1236],[-72.9091,7.1237],[-72.9119,7.1266],[-72.9141,7.1267],[-72.9135,7.1297],[-72.9176,7.134],[-72.9401,7.1211],[-72.9477,7.1138],[-72.9597,7.1063],[-72.9636,7.0993],[-72.9606,7.0957],[-72.9612,7.0919],[-72.96,7.0848],[-72.9616,7.083],[-72.9618,7.0793],[-72.9596,7.0746],[-72.9536,7.0736],[-72.9475,7.0742],[-72.9467,7.0806],[-72.9474,7.0855],[-72.9437,7.0949],[-72.9395,7.098],[-72.9347,7.0938],[-72.9135,7.084],[-72.9107,7.0816],[-72.9111,7.0775],[-72.9062,7.0788],[-72.9001,7.0778],[-72.8817,7.0813],[-72.8713,7.1028],[-72.8838,7.1129],[-72.8864,7.1163],[-72.891,7.1167],[-72.9,7.1217],[-72.9026,7.1205],[-72.9039,7.1214]]]}},{"type":"Feature","properties":{"nombre":"Monte Chiquito","tipo":"vereda","fuente":"DANE","municipio":"Tona","codigo":"68820010","hectareas":263.9},"geometry":{"type":"Polygon","coordinates":[[[-73.0416,7.1389],[-73.045,7.1472],[-73.0469,7.1594],[-73.0514,7.1578],[-73.0519,7.1564],[-73.054,7.1561],[-73.0595,7.1521],[-73.0636,7.1513],[-73.0658,7.1478],[-73.0658,7.1467],[-73.0625,7.1448],[-73.057,7.1482],[-73.0545,7.1454],[-73.0493,7.1443],[-73.0476,7.1393],[-73.0444,7.1365],[-73.0416,7.1389]]]}},{"type":"Feature","properties":{"nombre":"Pirgua","tipo":"vereda","fuente":"DANE","municipio":"Tona","codigo":"68820011","hectareas":2902.9},"geometry":{"type":"Polygon","coordinates":[[[-72.933,7.1642],[-72.9353,7.1643],[-72.9388,7.1672],[-72.9446,7.1663],[-72.9499,7.1689],[-72.9535,7.1674],[-72.9582,7.1707],[-72.9608,7.1697],[-72.9612,7.1714],[-72.9677,7.1748],[-72.9682,7.1767],[-72.9792,7.1706],[-72.9917,7.1682],[-73.0052,7.1612],[-73.0169,7.1525],[-73.0136,7.1453],[-73.007,7.1409],[-73.0019,7.1395],[-72.986,7.1373],[-72.9787,7.1349],[-72.9682,7.1352],[-72.948,7.1335],[-72.9368,7.1485],[-72.933,7.1642]]]}},{"type":"Feature","properties":{"nombre":"Pitones","tipo":"vereda","fuente":"DANE","municipio":"Tona","codigo":"68820012","hectareas":1111.7},"geometry":{"type":"Polygon","coordinates":[[[-72.9269,7.1722],[-72.9272,7.1788],[-72.9322,7.1873],[-72.9318,7.1906],[-72.9368,7.197],[-72.9378,7.2003],[-72.9468,7.1997],[-72.9519,7.1982],[-72.9535,7.1919],[-72.9574,7.1845],[-72.9682,7.1767],[-72.9677,7.1748],[-72.9612,7.1714],[-72.9608,7.1697],[-72.9582,7.1707],[-72.9535,7.1674],[-72.9499,7.1689],[-72.9446,7.1663],[-72.9388,7.1672],[-72.9353,7.1643],[-72.933,7.1642],[-72.9271,7.1688],[-72.9269,7.1722]]]}},{"type":"Feature","properties":{"nombre":"Quemado","tipo":"vereda","fuente":"DANE","municipio":"Tona","codigo":"68820013","hectareas":2667.7},"geometry":{"type":"Polygon","coordinates":[[[-72.9752,7.2518],[-72.981,7.2521],[-72.9854,7.2507],[-72.988,7.248],[-72.9909,7.2471],[-72.9974,7.2407],[-73.0025,7.2422],[-73.0065,7.2404],[-73.0107,7.2329],[-73.0177,7.2257],[-73.0183,7.2193],[-73.0216,7.2115],[-73.0223,7.2066],[-73.02,7.2027],[-73.0175,7.2016],[-73.0106,7.2027],[-73.0052,7.2014],[-72.9971,7.2033],[-72.991,7.2063],[-72.9857,7.2057],[-72.9787,7.2073],[-72.9745,7.2064],[-72.9713,7.2091],[-72.9539,7.2309],[-72.9529,7.2368],[-72.9574,7.235],[-72.9603,7.2376],[-72.9653,7.2376],[-72.9737,7.2509],[-72.9752,7.2518]]]}},{"type":"Feature","properties":{"nombre":"Saladito","tipo":"vereda","fuente":"DANE","municipio":"Tona","codigo":"68820014","hectareas":5478.8},"geometry":{"type":"Polygon","coordinates":[[[-72.832,7.2074],[-72.8362,7.2076],[-72.84,7.2057],[-72.8416,7.2061],[-72.8611,7.1843],[-72.8674,7.1795],[-72.8718,7.1771],[-72.8792,7.1766],[-72.8827,7.1751],[-72.8938,7.1581],[-72.9041,7.1462],[-72.9176,7.134],[-72.9135,7.1297],[-72.9141,7.1267],[-72.9119,7.1266],[-72.9091,7.1237],[-72.9064,7.1236],[-72.9026,7.1205],[-72.9,7.1217],[-72.891,7.1167],[-72.8864,7.1163],[-72.8838,7.1129],[-72.8713,7.1028],[-72.868,7.1086],[-72.8556,7.117],[-72.8533,7.1222],[-72.8439,7.1334],[-72.8387,7.1422],[-72.836,7.1533],[-72.833,7.1558],[-72.8324,7.1582],[-72.8298,7.159],[-72.8261,7.1581],[-72.8236,7.1593],[-72.8246,7.1634],[-72.8271,7.1663],[-72.8327,7.1689],[-72.8328,7.1747],[-72.8362,7.1797],[-72.8389,7.1871],[-72.8365,7.1908],[-72.8363,7.1958],[-72.8313,7.1992],[-72.8331,7.2038],[-72.832,7.2074]]]}},{"type":"Feature","properties":{"nombre":"Tembladal","tipo":"vereda","fuente":"DANE","municipio":"Tona","codigo":"68820015","hectareas":1532.8},"geometry":{"type":"Polygon","coordinates":[[[-72.9248,7.169],[-72.9086,7.1775],[-72.8982,7.189],[-72.8924,7.1924],[-72.8915,7.2073],[-72.8959,7.2138],[-72.9,7.2156],[-72.9033,7.2154],[-72.9124,7.2101],[-72.918,7.2086],[-72.9257,7.2024],[-72.9356,7.2018],[-72.9378,7.2003],[-72.9368,7.197],[-72.9318,7.1906],[-72.9322,7.1873],[-72.9272,7.1788],[-72.9271,7.1688],[-72.9248,7.169]]]}},{"type":"Feature","properties":{"nombre":"Ucatá","tipo":"vereda","fuente":"DANE","municipio":"Tona","codigo":"68820016","hectareas":3619.3},"geometry":{"type":"Polygon","coordinates":[[[-72.8821,7.1855],[-72.8855,7.1872],[-72.8868,7.1926],[-72.8883,7.1934],[-72.8924,7.1924],[-72.8982,7.189],[-72.9086,7.1775],[-72.9248,7.169],[-72.9271,7.1688],[-72.9328,7.1647],[-72.9368,7.1485],[-72.948,7.1335],[-72.9779,7.135],[-72.9802,7.119],[-72.9793,7.1166],[-72.9809,7.1102],[-72.9706,7.1085],[-72.9633,7.1045],[-72.9477,7.1138],[-72.9401,7.1211],[-72.9176,7.134],[-72.9041,7.1462],[-72.8938,7.1581],[-72.8827,7.1751],[-72.8774,7.1767],[-72.8802,7.1831],[-72.8824,7.1821],[-72.884,7.1841],[-72.8821,7.1855]]]}},{"type":"Feature","properties":{"nombre":"Vegas","tipo":"vereda","fuente":"DANE","municipio":"Tona","codigo":"68820017","hectareas":639.1},"geometry":{"type":"Polygon","coordinates":[[[-73.0487,7.1933],[-73.0511,7.1944],[-73.0528,7.1937],[-73.0512,7.1906],[-73.0476,7.1753],[-73.0453,7.1712],[-73.0449,7.1657],[-73.0472,7.1567],[-73.045,7.1472],[-73.0416,7.1389],[-73.0359,7.1451],[-73.0351,7.1479],[-73.0373,7.1534],[-73.0362,7.1564],[-73.0366,7.1594],[-73.0393,7.1633],[-73.0343,7.172],[-73.0345,7.1748],[-73.0386,7.1926],[-73.0403,7.1888],[-73.042,7.1887],[-73.0451,7.189],[-73.0487,7.1933]]]}},{"type":"Feature","properties":{"nombre":"Vegas","tipo":"vereda","fuente":"DANE","municipio":"Tona","codigo":"68820018","hectareas":1207.8},"geometry":{"type":"Polygon","coordinates":[[[-73.0003,7.2031],[-73.0052,7.2014],[-73.0106,7.2027],[-73.0175,7.2016],[-73.02,7.2027],[-73.0223,7.2066],[-73.0302,7.1981],[-73.0238,7.1844],[-73.0191,7.181],[-73.0182,7.179],[-73.0188,7.1708],[-73.023,7.1558],[-73.0233,7.1511],[-73.0169,7.1525],[-73.0052,7.1612],[-73.0062,7.1641],[-73.0017,7.1715],[-73.0022,7.1757],[-72.999,7.1851],[-72.9989,7.19],[-73.0009,7.195],[-73.0003,7.2031]]]}},{"type":"Feature","properties":{"nombre":"Borrero","tipo":"vereda","fuente":"DANE","municipio":"Vetas","codigo":"68867001","hectareas":796.1},"geometry":{"type":"Polygon","coordinates":[[[-72.8721,7.3073],[-72.8738,7.3131],[-72.8798,7.3176],[-72.8816,7.318],[-72.8854,7.3156],[-72.889,7.3153],[-72.8903,7.3075],[-72.8894,7.3031],[-72.8852,7.2982],[-72.8836,7.2941],[-72.8757,7.2852],[-72.874,7.281],[-72.8703,7.2776],[-72.8632,7.2833],[-72.856,7.284],[-72.8588,7.2884],[-72.8594,7.2919],[-72.8644,7.2946],[-72.8678,7.3031],[-72.8713,7.3065],[-72.8714,7.3052],[-72.8721,7.3073]],[[-72.8716,7.3044],[-72.8712,7.3046],[-72.8709,7.3041],[-72.8716,7.3044]]]}},{"type":"Feature","properties":{"nombre":"El Centro","tipo":"vereda","fuente":"DANE","municipio":"Vetas","codigo":"68867002","hectareas":1709.2},"geometry":{"type":"Polygon","coordinates":[[[-72.8348,7.3029],[-72.8409,7.3135],[-72.8431,7.3153],[-72.84,7.3193],[-72.8394,7.332],[-72.8403,7.3429],[-72.849,7.3391],[-72.8555,7.3379],[-72.8609,7.3346],[-72.8666,7.3299],[-72.8656,7.3289],[-72.8673,7.3274],[-72.8687,7.3284],[-72.8698,7.3275],[-72.8724,7.3213],[-72.8761,7.3192],[-72.8773,7.319],[-72.8783,7.3227],[-72.8802,7.3228],[-72.8823,7.3201],[-72.8819,7.3179],[-72.8796,7.3175],[-72.8738,7.3131],[-72.8722,7.3074],[-72.8716,7.3099],[-72.8729,7.3094],[-72.8732,7.3108],[-72.8718,7.3107],[-72.8715,7.312],[-72.8684,7.3108],[-72.8693,7.3088],[-72.8686,7.3077],[-72.8707,7.3081],[-72.8713,7.3065],[-72.8678,7.3031],[-72.8644,7.2946],[-72.8594,7.2919],[-72.8588,7.2884],[-72.856,7.284],[-72.8543,7.287],[-72.8463,7.2945],[-72.8408,7.2974],[-72.8348,7.3029]]]}},{"type":"Feature","properties":{"nombre":"El Chopo","tipo":"vereda","fuente":"DANE","municipio":"Vetas","codigo":"68867003","hectareas":597.5},"geometry":{"type":"Polygon","coordinates":[[[-72.8742,7.3206],[-72.8742,7.3251],[-72.8767,7.3273],[-72.8785,7.332],[-72.8759,7.3373],[-72.8816,7.337],[-72.8886,7.3345],[-72.8984,7.3346],[-72.9111,7.3298],[-72.9066,7.3274],[-72.8984,7.3181],[-72.8946,7.318],[-72.8885,7.315],[-72.8819,7.3179],[-72.8823,7.3201],[-72.8802,7.3228],[-72.8783,7.3227],[-72.8773,7.319],[-72.8742,7.3206]]]}},{"type":"Feature","properties":{"nombre":"El Salado","tipo":"vereda","fuente":"DANE","municipio":"Vetas","codigo":"68867004","hectareas":1086.6},"geometry":{"type":"Polygon","coordinates":[[[-72.8379,7.3601],[-72.8413,7.3625],[-72.8462,7.3624],[-72.8507,7.3667],[-72.8517,7.371],[-72.856,7.3624],[-72.8591,7.3616],[-72.8612,7.3623],[-72.8642,7.3601],[-72.8673,7.3465],[-72.8739,7.3421],[-72.8785,7.332],[-72.8767,7.3273],[-72.8742,7.3251],[-72.8742,7.3206],[-72.8711,7.3232],[-72.8698,7.3275],[-72.8687,7.3284],[-72.8673,7.3274],[-72.8656,7.3289],[-72.8666,7.3299],[-72.8609,7.3346],[-72.8555,7.3379],[-72.849,7.3391],[-72.8403,7.3429],[-72.8415,7.3441],[-72.8366,7.3544],[-72.8379,7.3601]]]}},{"type":"Feature","properties":{"nombre":"La Chorrera","tipo":"vereda","fuente":"DANE","municipio":"Vetas","codigo":"68867005","hectareas":1471.1},"geometry":{"type":"Polygon","coordinates":[[[-72.927,7.3389],[-72.9298,7.3391],[-72.9312,7.3377],[-72.9309,7.3348],[-72.9331,7.326],[-72.9316,7.3219],[-72.9323,7.3192],[-72.9316,7.3155],[-72.9233,7.3107],[-72.9223,7.3097],[-72.9231,7.3085],[-72.9199,7.3085],[-72.9174,7.306],[-72.9196,7.2979],[-72.9191,7.2963],[-72.9227,7.2925],[-72.9152,7.2895],[-72.9133,7.2849],[-72.9098,7.2806],[-72.9043,7.2794],[-72.903,7.2827],[-72.8994,7.2866],[-72.9002,7.2883],[-72.8988,7.2994],[-72.9007,7.3067],[-72.8992,7.3107],[-72.899,7.3186],[-72.9066,7.3274],[-72.9102,7.3287],[-72.917,7.3354],[-72.9242,7.3363],[-72.927,7.3389]]]}},{"type":"Feature","properties":{"nombre":"Mongora","tipo":"vereda","fuente":"DANE","municipio":"Vetas","codigo":"68867006","hectareas":2306.4},"geometry":{"type":"Polygon","coordinates":[[[-72.8593,7.3822],[-72.8631,7.3835],[-72.8651,7.3822],[-72.8661,7.3796],[-72.8643,7.3773],[-72.8672,7.3754],[-72.8703,7.3749],[-72.8716,7.3764],[-72.8812,7.3779],[-72.8865,7.3763],[-72.8844,7.3739],[-72.8838,7.371],[-72.8852,7.3715],[-72.892,7.367],[-72.8962,7.3617],[-72.903,7.3571],[-72.9101,7.3554],[-72.9225,7.3485],[-72.9246,7.3408],[-72.9264,7.3389],[-72.9242,7.3363],[-72.9172,7.3355],[-72.9158,7.3333],[-72.9111,7.3298],[-72.8984,7.3346],[-72.8886,7.3345],[-72.8816,7.337],[-72.8759,7.3373],[-72.8735,7.3426],[-72.8673,7.3465],[-72.8644,7.3598],[-72.8612,7.3623],[-72.8589,7.3616],[-72.856,7.3624],[-72.8517,7.371],[-72.8524,7.3744],[-72.8593,7.3822]]]}},{"type":"Feature","properties":{"nombre":"Ortegón","tipo":"vereda","fuente":"DANE","municipio":"Vetas","codigo":"68867007","hectareas":1338.7},"geometry":{"type":"Polygon","coordinates":[[[-72.889,7.3153],[-72.8946,7.318],[-72.8991,7.3184],[-72.8991,7.3108],[-72.9007,7.3067],[-72.8988,7.2994],[-72.9002,7.2883],[-72.8994,7.2866],[-72.903,7.2827],[-72.9042,7.2795],[-72.9076,7.2798],[-72.905,7.277],[-72.9042,7.2735],[-72.8978,7.2704],[-72.8961,7.2677],[-72.8816,7.2566],[-72.8765,7.26],[-72.8764,7.2674],[-72.8727,7.2694],[-72.871,7.2719],[-72.8703,7.2776],[-72.874,7.281],[-72.8757,7.2852],[-72.8836,7.2941],[-72.8852,7.2982],[-72.8894,7.3031],[-72.8903,7.3075],[-72.889,7.3153]]]}}]}